timestamp,mmsi,vessel_name,latitude,longitude,speed_knots,course_degrees,heading_degrees,navigation_status,ship_type,estimated_dwt,call_sign,destination,imo_number,max_draught
2026-09-30T11:55:41.838009+00:00,538008509,JY HAMBURG,-20.290036666666666,-40.244710000000005,0.0,351.9,237,5,70.0,74745.0,V7A2446,TUBARAO BRAZIL,9867164.0,7.2
2026-09-30T11:55:42.078244+00:00,244750257,RAPIDE STONE 1,51.25066833333334,4.321031666666667,8.5,102.6,511,0,79.0,,PE2166,Unknown,,
2026-09-30T11:55:42.257932+00:00,244740685,MARPIE,51.804165,4.634686666666667,0.0,0.0,511,0,79.0,,PF7380,@@H,,
2026-09-30T11:55:42.368588+00:00,538012750,CS YUNFAN,37.524478333333334,24.114066666666666,11.5,206.0,205,0,70.0,73440.0,V7B3274,FOR ORDER,9283655.0,9.8
2026-09-30T11:55:42.497583+00:00,538008266,FEDERAL YUKINA,45.407196666666664,-73.59609666666667,5.0,76.5,77,0,70.0,46920.0,V7A2165,US DET,9476977.0,8.2
2026-09-30T11:55:42.574160+00:00,416438000,KANWAY GLOBAL,22.35328333333333,114.04131666666667,15.4,250.9,250,0,70.0,51878.0,BLEP,TWKEL,9167461.0,8.9
2026-09-30T11:55:42.893923+00:00,211516370,HAFENMUSIK,53.22625,7.4517050000000005,0.0,97.0,511,13,,,DA7318,8,,
2026-09-30T11:55:43.007689+00:00,538013125,MANTA SERIFE BACI,55.68517333333333,15.9085,11.9,75.6,76,0,70.0,51840.0,V7B3769,DK SKA,9638147.0,7.1
2026-09-30T11:55:43.007960+00:00,431197000,CORONA TRITON,35.536725000000004,139.98622500000002,0.1,356.1,22,1,70.0,88760.0,7JUH,AU NTL,9727302.0,7.5
2026-09-30T11:55:43.228549+00:00,636024264,ALLEGRA,39.438316666666665,-9.859691666666667,10.5,355.3,359,0,70.0,56217.0,5LRT6,MA PTM,1014840.0,9.9
2026-09-30T11:55:43.228948+00:00,710006963,LOG-IN EVOLUTION,-9.905961666666666,-35.392363333333336,17.7,19.8,19,0,79.0,66864.0,PU8468,BRSUA,9961960.0,10.3
2026-09-30T11:55:43.332688+00:00,636019322,CL DALIAO HE,52.473274999999994,4.5938566666666665,0.0,227.2,247,5,70.0,74419.0,D5TZ3,NL IJM,9880300.0,14.5
2026-09-30T11:55:43.533303+00:00,566857000,CEMTEX INNOVATION,-23.968026666666667,-46.29043166666667,0.0,238.7,157,5,70.0,74745.0,9V9849,BR SSZ,9593048.0,7.2
2026-09-30T11:55:43.722032+00:00,212006000,JUDITH,59.79817,24.509256666666666,12.2,256.0,255,0,71.0,40800.0,5BKY2,FIHEL,9359260.0,7.2
2026-09-30T11:55:43.722438+00:00,245179000,AEOLUS,52.41918166666667,4.769466666666667,0.0,186.9,342,5,70.0,55044.0,PCRR,NLAMS,9612636.0,7.6
2026-09-30T11:55:43.722563+00:00,563142900,SEA PRAJNA,-28.847066666666667,15.602266666666667,10.4,162.0,165,0,70.0,56217.0,9V7428,CI ABJ,9401958.0,11.7
2026-09-30T11:55:43.722769+00:00,636021970,ASL ILEANA,32.23707,29.232183333333335,0.0,135.0,135,2,70.0,58368.0,5LGO7,ALEXANDRIA,9554042.0,12.5
2026-09-30T11:55:43.928619+00:00,258192000,HOEGH SUNRISE,41.054915,2.1955566666666666,0.5,3.6,15,0,70.0,77520.0,LAUM8,PABLB>JPYOK,9971264.0,8.5
2026-09-30T11:55:43.929100+00:00,477552500,JIN WEN FENG,-33.303556666666665,152.04784166666667,10.1,14.1,15,0,70.0,91086.0,VRKZ4,NEWCASTLE,9532666.0,7.6
2026-09-30T11:55:44.287347+00:00,352003813,SW NORTH WIND I,49.287616666666665,-123.21331666666667,0.0,210.0,107,1,79.0,58368.0,3E5889,CAVAN,9514004.0,6.4
2026-09-30T11:55:44.287710+00:00,563032600,WAN HAI 173,27.282818333333335,121.53239,16.0,28.9,32,0,74.0,44582.0,9V5644,THLCH,9350147.0,6.9
2026-09-30T11:55:44.577065+00:00,450542000,BRAVE WARRIOR,34.504196666666665,32.784785,8.7,105.4,105,0,,,ODVM,RO GAL,7208728.0,6.5
2026-09-30T11:55:44.681493+00:00,368350450,YELLOWEDGE,29.644555,-94.93650333333333,18.1,20.1,511,15,,,WDP4006,Unknown,,
2026-09-30T11:55:44.816054+00:00,374155000,MEDI OITA,38.053655000000006,-28.950188333333333,9.2,88.2,84,0,70.0,74745.0,3FWG4,US MOB,9836713.0,7.2
2026-09-30T11:55:44.968157+00:00,370732000,GLORIOUS MAPLE,41.118795,-8.941688333333333,0.8,91.8,187,0,70.0,65280.0,3FYI3,PT LEI,9357925.0,10.7
2026-09-30T11:55:45.078927+00:00,636024910,MARMARIS M,36.98358333333333,-9.430441666666667,10.9,344.4,348,0,70.0,51840.0,5LUW6,GIGIB,9450791.0,10.3
2026-09-30T11:55:45.079448+00:00,538008903,FEDERAL MOSEL,43.48199,-78.36751,14.0,72.1,72,0,70.0,48960.0,V7ET7,CAQUE,9766188.0,8.2
2026-09-30T11:55:45.186246+00:00,265697950,PIRAYA 12,56.15768666666667,15.572193333333333,0.0,360.0,511,15,,,Unknown,Unknown,,
2026-09-30T11:55:45.344517+00:00,412180000,HONG TAI 656,-5.308451666666667,111.74782,13.0,126.6,127,0,70.0,66192.0,BQIE5,IDSUB,1150981.0,7.8
2026-09-30T11:55:45.344930+00:00,367082220,WILFRED SYKES,43.089455,-82.41129666666667,11.8,5.6,6,0,70.0,43054.0,WC5932,DRUMMOND ISLAND,5389554.0,8.3
2026-09-30T11:55:46.057382+00:00,267010088,PV VAH,48.115210000000005,17.140026666666664,0.0,125.9,511,15,,,OMDU,Unknown,,
2026-09-30T11:55:46.057999+00:00,636021664,ZIM ASIA,39.439035,-0.22183666666666665,0.0,54.2,57,1,72.0,89856.0,5LFB9,ESVLC,9464716.0,10.6
2026-09-30T11:55:46.372295+00:00,477464100,CHINA SPIRIT,55.444536666666664,12.671496666666666,11.7,202.8,198,0,70.0,48384.0,VRLC4,RIGA,9655846.0,6.2
2026-09-30T11:55:46.678498+00:00,538006753,FEDERAL ASAHI,43.636381666666665,-79.35199333333334,0.0,172.3,149,5,70.0,48960.0,V7NK7,CATOR,9200419.0,6.6
2026-09-30T11:55:46.678758+00:00,367005070,CHIEF SEATTLE,47.603611666666666,-122.33941666666666,0.0,293.8,270,5,,,Unknown,Unknown,,
2026-09-30T11:55:46.785939+00:00,367609770,ST LOUIS RIVER,35.21948,-75.69476,0.0,69.0,511,0,,,WDH3679,Unknown,,
2026-09-30T11:55:47.031651+00:00,538009011,ANQIFENG,36.064416666666666,-5.162083333333333,0.8,278.0,107,0,70.0,58368.0,V7A4195,DJENDJEN,9519315.0,9.5
2026-09-30T11:55:47.242315+00:00,636017649,LILA,-34.38686,18.137903333333334,6.8,1.7,0,0,70.0,65280.0,D5MB5,"BASUO,CHINA",9748837.0,11.3
2026-09-30T11:55:47.339756+00:00,701006865,Unknown,-31.992425,-60.663138333333336,9.1,129.7,511,8,,,Unknown,Unknown,,
2026-09-30T11:55:47.340135+00:00,565110000,KOTA SALAM,22.265623333333334,114.10252999999999,0.8,352.4,256,0,70.0,86047.0,9V2123,SGSIN,9645475.0,7.3
2026-09-30T11:55:47.624473+00:00,367384770,Unknown,48.754221666666666,-122.50471166666667,0.0,54.1,165,15,,,Unknown,Unknown,,
2026-09-30T11:55:47.895431+00:00,538008994,WHEAT WEIFANG,51.93346833333333,4.1876516666666666,0.0,276.4,307,5,70.0,74745.0,V7A4172,NL RTM,9883766.0,12.8
2026-09-30T11:55:47.985266+00:00,636025526,WEST HARMONY,39.35886666666667,-10.10101,10.6,185.5,186,0,70.0,51840.0,5LXW8,ESHUV,9665700.0,9.7
2026-09-30T11:55:48.194020+00:00,636018191,MSC PORTO III,45.56776166666667,13.682870000000001,11.4,283.0,283,0,73.0,63648.0,A8IY9,SIKOP,9299020.0,8.2
2026-09-30T11:55:48.685340+00:00,241075000,MAGDA P,55.965185,12.692518333333334,12.1,157.6,157,0,70.0,60192.0,SVBE4,SEGOT,9476692.0,6.5
2026-09-30T11:55:48.686417+00:00,477244100,XIN HAI TONG 22,50.30392,-0.12800666666666666,14.0,74.5,76,0,70.0,58368.0,VRSI9,SKAGEN,9453250.0,6.4
2026-09-30T11:55:48.763611+00:00,636026206,Unknown,1.2478733333333334,103.92788,0.0,279.1,253,1,,,Unknown,Unknown,,
2026-09-30T11:55:48.960753+00:00,538012959,CENTURION SPARTACUS,49.14544,-123.84721333333333,0.0,207.6,305,1,70.0,61132.0,V7B3553,CA VAN,1116569.0,6.8
2026-09-30T11:55:48.961620+00:00,311000800,AKUNA,-19.113215,147.029515,10.4,162.3,157,0,79.0,44064.0,C6DW3,AU TSV,9470806.0,9.9
2026-09-30T11:55:49.063273+00:00,636022810,LODESTAR DE MAR,53.756193333333336,4.937748333333333,13.2,20.2,21,0,79.0,44064.0,5LKO5,ESCAS,9449792.0,10.2
2026-09-30T11:55:49.601274+00:00,538002734,NAVIOS VERMILION,-22.87455333333333,-43.20395166666666,0.0,84.6,220,15,72.0,89856.0,V7LF2,BRRIO,9324837.0,10.8
2026-09-30T11:55:49.601805+00:00,636025687,CAPTAIN LEONARD,32.956015,34.70348666666666,1.3,133.6,182,0,70.0,56832.0,5LYR3,SEA,9425887.0,7.3
2026-09-30T11:55:49.724642+00:00,211162610,PRINCESS,53.541516666666666,9.926716666666666,7.4,92.5,511,0,,,DF4518,@@@@@@@@@C?ZO>4_?;Q<,,
2026-09-30T11:55:49.725181+00:00,311000416,DOLE CARIBBEAN,32.66879333333333,-117.22845666666667,8.4,173.6,173,0,70.0,54720.0,C6CA4,US SAN DIEGO,9703071.0,9.4
2026-09-30T11:55:49.725359+00:00,477023200,NING YUE HAI,53.47931166666667,-3.077541666666667,4.6,142.2,142,0,70.0,63043.0,VRQL5,LIVERPOOL,9751339.0,12.2
2026-09-30T11:55:49.960798+00:00,256010000,NEPTUNE KALLOS,45.56688333333333,13.7444,0.0,28.0,268,5,70.0,45696.0,9HA5657,SIKOP,9442122.0,8.8
2026-09-30T11:55:49.970971+00:00,368496570,Unknown,30.058946666666667,-93.36883833333333,0.3,285.6,82,5,,,Unknown,Unknown,,
2026-09-30T11:55:50.897952+00:00,316036478,YDT SOOKE,48.43976166666666,-123.44747833333332,0.0,0.0,114,15,,,8675309,Unknown,1073741823.0,
2026-09-30T11:55:50.996633+00:00,374277000,ES CARE,51.972948333333335,3.9889300000000003,0.0,255.1,78,5,79.0,50976.0,H9RF,NL RTM,9708930.0,6.1
2026-09-30T11:55:51.106347+00:00,477925700,JIA RUN,38.03053,24.703129999999998,14.0,225.0,227,0,70.0,58368.0,VRGQ6,SINGAPORE,9533361.0,12.9
2026-09-30T11:55:51.106614+00:00,657104800,Unknown,4.688803333333333,7.1578800000000005,0.0,360.0,511,5,,,Unknown,Unknown,,
2026-09-30T11:55:51.443829+00:00,247489200,SOUTH ENABLER,54.57066333333333,11.209731666666666,17.6,112.3,112,0,70.0,54100.0,IBND,EEPLS,1022641.0,6.3
2026-09-30T11:55:51.713708+00:00,369357000,JANET MARIE,37.7826,-122.56809333333334,18.1,70.6,69,0,79.0,84609.0,WDK4357,USHON,9837107.0,10.8
2026-09-30T11:55:51.826890+00:00,209761000,ONE OCEAN,26.57766666666667,121.50666666666666,11.4,225.0,223,0,79.0,74745.0,5BJW5,PORTLAND,9460904.0,6.9
2026-09-30T11:55:51.837976+00:00,368410520,Unknown,40.43330666666667,-79.99813333333333,0.0,360.0,511,3,,,Unknown,Unknown,,
2026-09-30T11:55:52.060454+00:00,356110000,NEW BOUNDARY,45.64107666666666,-122.731735,0.0,170.7,98,1,70.0,58368.0,3EYA9,US VAN,9690511.0,7.3
2026-09-30T11:55:52.084405+00:00,636022031,AE VENUS,25.415423333333333,121.711445,10.0,295.8,298,0,70.0,58368.0,5LGV8,SG SIN,9434711.0,12.3
2026-09-30T11:55:52.084804+00:00,701006740,GUILLERMO C,-32.633505,-60.72511333333333,0.0,138.9,511,0,,,LW3468,SANTA FE,,2.1
2026-09-30T11:55:52.198816+00:00,636026299,MSC DONATA,-33.89707166666667,151.82354500000002,2.2,178.4,279,0,70.0,88819.0,A8QY9,MELBOURNE,9237151.0,9.1
2026-09-30T11:55:52.306828+00:00,710007916,Unknown,-22.88329333333333,-43.15448,3.1,146.8,143,1,,,Unknown,Unknown,,
2026-09-30T11:55:52.402637+00:00,636014241,COTE D IVOIRIAN STAR,28.151583333333335,-16.199565,15.4,220.6,221,0,70.0,42624.0,A8SL4,CIABJ,9172478.0,9.2
2026-09-30T11:55:52.757222+00:00,440568000,SM MUMBAI,48.61250333333333,-126.15091666666667,12.7,105.5,104,0,71.0,89856.0,D8PH,KRPUS,9401051.0,9.0
2026-09-30T11:55:52.965973+00:00,413700260,JIN HAI PING,39.76415333333333,140.04073,0.0,15.2,287,5,70.0,58368.0,BPAI7,AKITA,9591040.0,7.2
2026-09-30T11:55:53.091274+00:00,636016437,MSC VIDISHA R.,37.21534,-1.07033,17.6,235.5,235,0,74.0,97113.0,A8IY4,VALENCIA,9227326.0,10.8
2026-09-30T11:55:53.091570+00:00,352006814,Unknown,-32.9048,151.77078666666665,0.0,258.0,174,5,,,Unknown,Unknown,,
2026-09-30T11:55:53.246123+00:00,538011293,DORA,37.81950833333334,24.381021666666665,12.0,236.6,234,0,79.0,58368.0,V7A6917,ROAGI,9387360.0,6.3
2026-09-30T11:55:53.372702+00:00,314519000,LUNARA,43.19372666666666,27.912914999999998,0.1,223.5,331,5,70.0,48384.0,8PAW8,BG VAR,9443126.0,6.5
2026-09-30T11:55:53.449533+00:00,477949600,BAO SUCCESS,36.07355,-5.185783333333333,6.1,56.0,66,0,70.0,58368.0,VRWB6,GIBRALTAR,9482029.0,11.4
2026-09-30T11:55:53.449999+00:00,538006850,DEVBULK BEGUM,53.243714999999995,3.4225266666666667,12.5,196.8,197,0,70.0,48115.0,V7SA8,MACAS,9625607.0,10.7
2026-09-30T11:55:53.547840+00:00,563235500,AOM ELENA,54.07874833333334,7.743335,0.0,182.4,237,1,70.0,74745.0,9V9516,DEHAM,9970246.0,14.9
2026-09-30T11:55:53.660056+00:00,352004630,RUI AN YANG,35.89338,-5.50193,0.0,239.6,214,0,70.0,58368.0,3E6911,TANGER MED,9211145.0,9.1
2026-09-30T11:55:53.660397+00:00,244002195,THREANT,51.81592166666667,4.881148333333333,2.0,228.1,511,0,79.0,42163.0,PG6447,HOEK VAN HOLLAND DI,,3.4
2026-09-30T11:55:53.764520+00:00,525901717,Unknown,-1.21778,116.65845166666666,0.0,0.0,511,0,,,Unknown,Unknown,,
2026-09-30T11:55:53.764777+00:00,413304690,ZHONGYOUHAI 16,-1.4863316666666668,117.021995,0.0,72.5,511,8,,67032.0,BFBC7,MANPATU,8772099.0,7.0
2026-09-30T11:55:53.890122+00:00,525015814,TEMASEK SEPINGGAN,-1.191905,116.81573333333334,0.0,0.0,511,0,,,SSD,GAJ,9246255.0,4.3
2026-09-30T11:55:53.890332+00:00,247290000,GRAN BRETAGNA,45.56485333333333,13.739085,0.0,0.3,88,5,79.0,56524.0,IBFB,TRGEM=>SIKOP,9143702.0,8.5
2026-09-30T11:55:53.890453+00:00,368391510,FULLA,29.82158666666667,-93.33975000000001,0.1,239.7,511,15,,,WDP8553,Unknown,,3.0
2026-09-30T11:55:53.890597+00:00,368477350,EDWIN RIDER,39.46072166666667,-76.04355833333334,6.4,142.8,148,0,,,Unknown,XX XXX>US^0XJD,,
2026-09-30T11:55:53.890846+00:00,244820422,FAIRMASTER,54.32785333333334,-130.31711,0.0,39.8,27,1,70.0,40857.0,PCYQ,CAPRR,9650585.0,6.8
2026-09-30T11:55:54.316912+00:00,412549003,Unknown,-18.136286666666667,178.42369333333332,0.0,21.0,331,0,,,Unknown,Unknown,,
2026-09-30T11:55:54.317593+00:00,229554000,HOPA,49.295541666666665,-123.06238666666667,0.0,90.0,271,1,74.0,65280.0,9HA3402,CAVAN,9684213.0,7.7
2026-09-30T11:55:54.317806+00:00,267010038,BD KRUPINA,47.97348,17.39975666666667,5.7,308.7,511,15,,,OMRA,BRATISLAVA,,
2026-09-30T11:55:54.318041+00:00,312000097,LILY OCEAN,59.876113333333336,25.318561666666668,10.9,260.8,263,0,70.0,58368.0,V3SD5,RU ULU,9347944.0,7.0
2026-09-30T11:55:54.361528+00:00,247383300,ECO VALENCIA,41.33200333333333,2.1661716666666666,6.1,185.7,185,0,71.0,82538.0,IBQD,ESVLC>ESBCN,9859533.0,6.2
2026-09-30T11:55:54.469246+00:00,367525420,Unknown,32.061393333333335,-81.02945666666666,0.0,31.8,498,0,,,Unknown,Unknown,,
2026-09-30T11:55:54.559981+00:00,258872000,HOEGH TRAPPER,-27.177331666666664,153.346,17.5,188.0,189,0,79.0,68774.0,LAUM7,AU FRE>AU MEL,9706918.0,9.5
2026-09-30T11:55:54.560149+00:00,636023501,REGINA S,55.761759999999995,16.12361,10.8,256.2,256,0,70.0,51840.0,5LOA3,BR VDC,9767041.0,10.5
2026-09-30T11:55:54.998575+00:00,244770321,DE MAURICE,53.09983333333333,5.824495,0.0,0.0,511,15,,,PH9205,Unknown,,0.2
2026-09-30T11:55:55.044403+00:00,636023143,ANDREI TITOV,38.40394,-9.979831666666666,13.6,177.9,169,0,70.0,45696.0,5LME5,RULED,9744661.0,7.2
2026-09-30T11:55:55.185155+00:00,229955000,CMA CGM SEATTLE,37.763686666666665,-122.68831666666667,8.6,238.2,239,0,71.0,89856.0,9HA5642,USOAK,9290098.0,11.1
2026-09-30T11:55:55.185464+00:00,256421000,ROCHESTER,51.259024999999994,4.237746666666667,0.0,95.2,209,5,70.0,51552.0,9HA5830,BEANR (ANTWERP),9991628.0,9.9
2026-09-30T11:55:55.263931+00:00,538008691,INCEDA,1.2709866666666667,103.78547499999999,0.0,264.5,32,5,73.0,45964.0,V7A2661,TH BKK,9825398.0,7.0
2026-09-30T11:55:55.557150+00:00,351773000,GREEN SAPPHIRE,57.79775333333334,10.563858333333334,9.6,88.1,88,0,70.0,79254.0,HOTI,LV VNT,9682849.0,9.1
2026-09-30T11:55:55.753280+00:00,257971800,Unknown,60.50453,4.948588333333333,8.1,319.8,511,15,,,Unknown,Unknown,,
2026-09-30T11:55:55.753631+00:00,255805620,GERDT OLDENDORFF,38.69103833333334,-9.122783333333333,0.2,106.6,38,1,70.0,74745.0,CQFS,PT LIS,9681950.0,11.0
2026-09-30T11:55:55.993526+00:00,352005218,NORSE IKUCHI,34.04858333333333,-7.830668333333334,0.7,201.1,264,0,70.0,52704.0,3E8368,MA CAS,9990698.0,10.3
2026-09-30T11:55:56.070772+00:00,636018158,BRAVEHEART I,-33.91781,18.44485166666667,0.0,148.7,131,5,70.0,74745.0,D5OL4,ZA CPT,9392444.0,6.2
2026-09-30T11:55:56.192174+00:00,422000124,FLEXI 2,59.86138666666667,25.102685,10.9,259.8,259,0,79.0,64566.0,EPA6447,RUBNK,9246322.0,11.7
2026-09-30T11:55:56.279073+00:00,563249700,WECO TATI,56.037823333333336,11.073551666666667,12.9,17.5,15,0,70.0,65280.0,9V9927,NEMRUT BAY,1027017.0,10.9
2026-09-30T11:55:56.279398+00:00,538009164,DSI PHOENIX,49.180461666666666,-123.89742166666666,0.1,358.1,344,1,70.0,65280.0,V7A4399,CA VAN,9738337.0,7.0
2026-09-30T11:55:56.593945+00:00,538090641,AS NINA,35.89356,-5.664443333333334,4.6,78.0,81,0,79.0,74419.0,V7A6237,ITSPE>ESVLC,9401178.0,10.0
2026-09-30T11:55:56.825542+00:00,538007935,ALIKI FORCE,-20.326966666666667,-40.17805,0.3,83.0,33,1,70.0,60211.0,V7AL7,BRTUB,9498559.0,7.0
2026-09-30T11:55:56.894252+00:00,249412000,SOMERSET,51.30871833333333,3.2302933333333335,0.0,7.0,333,5,70.0,45926.0,9HA4234,BEZEE,9188221.0,5.8
2026-09-30T11:55:57.108700+00:00,636022554,SEACON NOLA,-33.644925,152.30216166666665,5.4,185.3,106,0,70.0,84088.0,5LJJ4,JP TKT,9936264.0,11.8
2026-09-30T11:55:57.831474+00:00,249901000,CELINE,55.004236666666664,5.892956666666667,17.1,21.9,23,0,79.0,83538.0,9HA4424,BEZEE,9789233.0,7.3
2026-09-30T11:55:57.832018+00:00,657197000,Unknown,4.684749999999999,7.1570133333333334,0.0,360.0,190,5,,,Unknown,Unknown,,
2026-09-30T11:55:58.022074+00:00,305059300,YUAN HAI,55.74327666666667,16.02342666666667,11.6,255.0,255,0,79.0,58368.0,V2B2059,IDGRE,9229697.0,12.8
2026-09-30T11:55:58.518825+00:00,567017000,SARITA NAREE,46.192924999999995,-123.86331833333334,8.9,265.5,263,0,70.0,61132.0,HSDA,SINGAPORE,9726413.0,13.2
2026-09-30T11:55:58.655317+00:00,636018365,NESTOR I,54.78844,-5.56093,3.0,213.1,222,0,79.0,48384.0,D5PJ6,CO CTG,9599016.0,10.2
2026-09-30T11:55:58.880852+00:00,414075000,HONG BAO SHI 3,33.997483333333335,133.28249666666667,0.1,132.9,205,1,70.0,58368.0,BPZJ9,JP NIIHAMA,9580455.0,8.0
2026-09-30T11:55:59.139146+00:00,249200000,CMA CGM RED,51.72392,-8.044098333333332,5.8,64.8,68,0,79.0,53280.0,9HA6161,FRLEH > IEORK,9690107.0,9.8
2026-09-30T11:55:59.255002+00:00,219136000,VILNIA MAERSK,53.59676666666667,8.517116666666666,0.0,108.1,141,5,71.0,73440.0,OWXJ2,FIKTK > DEBRV,9778533.0,12.1
2026-09-30T11:55:59.535531+00:00,567111000,SUNISA NAREE,1.2626266666666666,103.88741833333333,0.1,280.8,172,1,70.0,61132.0,HSLS,JPFKY/E,9751248.0,6.3
2026-09-30T11:55:59.617300+00:00,352006797,TIGER PATHFINDER,-32.21111333333333,115.76197,0.0,213.2,122,5,70.0,56217.0,3E9573,AU KWI,1038236.0,10.6
2026-09-30T11:55:59.617502+00:00,265022000,BOTNIA ENABLER,51.35427166666667,3.1782033333333337,0.6,221.6,46,0,71.0,88862.0,SBTK,BEZEE,9884679.0,8.0
2026-09-30T11:55:59.617844+00:00,256575000,NEPTUNE HELLAS,49.11803333333333,-4.7625166666666665,8.0,63.0,65,0,70.0,45158.0,9HA3957,GBSHS,9440148.0,8.7
2026-09-30T11:55:59.754111+00:00,636022816,SDM DONGGUAN,-32.63594,-60.74226,0.0,36.8,344,1,70.0,79254.0,5LKP3,BRSSZ,9949211.0,10.5
2026-09-30T11:55:59.754308+00:00,247297200,EUROCARGO VENEZIA,44.40602833333333,8.888998333333332,0.0,12.8,172,5,70.0,53040.0,IBKS,ITLIV>ITGOA,9465552.0,7.2
2026-09-30T11:55:59.754653+00:00,263231000,JOAO PINTO,36.781105000000004,-8.361295,3.1,271.4,511,15,,,CURE5,Unknown,,
2026-09-30T11:56:00.286829+00:00,431836000,SUNRISE SERENITY,32.508478333333336,136.426245,1.2,188.0,133,0,70.0,73113.0,7KNL,JPUKB,9570462.0,12.4
2026-09-30T11:56:00.554834+00:00,244670292,GULF MAR,52.95403666666667,4.780373333333333,0.0,360.0,511,0,,,PI3604,DEN HELDER,,2.0
2026-09-30T11:56:00.555500+00:00,503345600,SCARBOROUGH,-33.86067333333333,151.21186666666665,0.1,360.0,180,0,,,16814,Unknown,,
2026-09-30T11:56:00.555603+00:00,538008683,LOUISA BOLTEN,50.38547666666667,-0.243725,10.2,239.8,242,0,70.0,48115.0,V7A2655,FRURO,9406049.0,6.4
2026-09-30T11:56:00.761497+00:00,227806400,FRENCH WARSHIP EGL,48.367979999999996,-4.517705,0.0,360.0,511,5,,,FBEG,0,,
2026-09-30T11:56:01.165094+00:00,636017305,KEN MOONYS,22.090498333333336,114.40113,12.1,104.4,106,0,70.0,49833.0,D5KG8,AU TSV,9748382.0,6.9
2026-09-30T11:56:01.165680+00:00,247294700,EUROCARGO MALTA,39.211151666666666,9.10631,0.0,51.6,148,0,71.0,53040.0,IBKU,ITCAG>ESSAG,9465514.0,6.8
2026-09-30T11:56:01.165789+00:00,755991013,Unknown,-32.600138333333334,-60.75384,0.0,360.0,17,0,,,Unknown,Unknown,,
2026-09-30T11:56:01.165908+00:00,368319560,HARBOR2,47.632353333333334,-122.37963666666666,0.0,0.0,511,15,,,Unknown,Unknown,,
2026-09-30T11:56:01.595918+00:00,525123454,KT.SELAT LEGUNDI1212,-2.041325,104.97615,0.2,71.5,511,15,,,YDA431,Unknown,9099949.0,
2026-09-30T11:56:01.781138+00:00,538010364,XIN HAI,51.033855,1.4554683333333334,9.5,224.7,224,0,70.0,73440.0,V7A5943,MARMAGAO,9500950.0,14.5
2026-09-30T11:56:01.781480+00:00,373556000,LUFFY,57.25636333333333,11.799305,11.2,134.4,136,0,70.0,58368.0,3EZZ9,RU ULU,9609249.0,6.6
2026-09-30T11:56:01.781635+00:00,538006052,PANAFRICAN,51.903335,2.7953383333333335,11.1,40.2,40,0,70.0,74745.0,V7JH6,UST LUGA,9350343.0,7.1
2026-09-30T11:56:01.915598+00:00,255738000,AUTO ADVANCE,51.309099999999994,3.225241666666667,0.0,286.9,153,5,70.0,45427.0,CQKD,BEZEE,9881299.0,7.4
2026-09-30T11:56:02.016006+00:00,353732000,ATLAS S,50.366305000000004,-0.7538666666666667,9.9,250.3,248,0,70.0,49276.0,3FRX3,COSMR,9491575.0,8.1
2026-09-30T11:56:02.207589+00:00,538006054,PANAMANIAN,37.19683,-76.0861,0.0,194.8,357,1,70.0,74419.0,V7JI4,USNNS,9442378.0,5.9
2026-09-30T11:56:02.207914+00:00,256883000,CMA CGM TIVOLI,55.57430333333333,15.384323333333333,9.9,63.1,66,0,72.0,62730.0,9HA6016,LTKLJ,9961312.0,7.7
2026-09-30T11:56:02.426906+00:00,244700661,VRIDO 1,51.959938333333334,4.00503,4.8,128.6,511,0,70.0,42163.0,PD3185,ROTTERDAM/BASEL,,2.0
2026-09-30T11:56:02.427308+00:00,416002927,YU LIN NO 6,25.41059,122.01431666666667,11.4,237.3,511,15,,,SSD,@@@@@@@@@@,,
2026-09-30T11:56:02.556652+00:00,369357000,JANET MARIE,37.78291,-122.56701333333334,18.2,70.2,68,0,79.0,84609.0,WDK4357,USHON,9837107.0,10.8
2026-09-30T11:56:02.557230+00:00,211517420,KURT,54.17337666666666,12.108295,0.1,103.9,511,15,,,DGOA2,@@@@@@@,,
2026-09-30T11:56:02.634644+00:00,244810768,SHAULA,52.18635166666666,4.63275,0.0,360.0,511,0,,,PC6474,ROELOFARENDSVEEN,,1.0
2026-09-30T11:56:02.769026+00:00,368490230,Unknown,48.75642166666667,-122.49528833333333,0.0,293.2,152,15,,,Unknown,Unknown,,
2026-09-30T11:56:02.839958+00:00,636015791,MARIA S,26.621045,121.47983833333333,10.9,41.7,44,0,70.0,73440.0,D5CW2,SG SIN PEBGC,9642368.0,14.0
2026-09-30T11:56:02.840128+00:00,538005260,ABTENAUER,46.11655833333334,-122.97649833333334,0.3,188.5,273,1,70.0,51552.0,V7CH5,GT PRQ  -  US LOG,9655212.0,6.0
2026-09-30T11:56:02.984473+00:00,563163900,ANNA SCHULTE,-34.34762333333333,18.048659999999998,9.0,111.1,117,0,70.0,65280.0,9V8217,CN NJG,9806768.0,6.3
2026-09-30T11:56:03.092533+00:00,636019972,KIRSTEN OLDENDORFF,55.986871666666666,17.913423333333334,14.7,61.8,63,0,70.0,74745.0,D5XA9,RU ULU,9863091.0,7.3
2026-09-30T11:56:03.206955+00:00,246671000,POTTERSGRACHT,59.598683333333334,23.572225,15.3,74.7,74,0,70.0,40560.0,PDVT,KLAIPEDA,9424560.0,7.7
2026-09-30T11:56:03.534038+00:00,417222410,CEYLON PRINCESS,-1.9956833333333333,105.01285833333333,9.9,356.5,357,0,70.0,61132.0,4REB,TANJUNG KAMPEH,9734575.0,6.9
2026-09-30T11:56:03.826409+00:00,636025394,OTHONOI,-29.876368333333335,31.053528333333336,0.0,347.6,220,5,70.0,74745.0,5LXF8,ZA DUR,1026051.0,7.3
2026-09-30T11:56:04.081232+00:00,636026492,TOP WEATHER,-20.29169166666667,-40.24561666666667,0.0,43.0,237,0,70.0,60518.0,A8XK2,TUBARAO,9631462.0,11.9
2026-09-30T11:56:04.319495+00:00,245419000,Unknown,51.76716333333333,4.178389999999999,0.0,0.0,511,0,,,Unknown,Unknown,,
2026-09-30T11:56:04.432477+00:00,636024051,CARLA C,55.180695,13.953748333333333,10.7,94.8,97,0,70.0,52128.0,5LQS9,FI INK,9718442.0,6.9
2026-09-30T11:56:04.432771+00:00,636092738,ANDALUCIA,4.698378333333333,7.15598,0.0,250.3,154,5,70.0,51840.0,D5MH3,AOLAD,9667576.0,10.3
2026-09-30T11:56:04.774623+00:00,244314912,SOCANDES,51.89157333333333,5.519208333333333,8.3,252.8,511,0,79.0,42163.0,P19574,HAFEN SCHWELGERN,,1.8
2026-09-30T11:56:04.775170+00:00,242430400,CASABLANCA A,35.967189999999995,-5.362873333333334,6.5,81.0,66,0,74.0,40800.0,CNA6001,MACAS,9330903.0,7.6
2026-09-30T11:56:04.878957+00:00,311000085,AFRICAN KITE,50.24884833333333,-0.5807483333333334,12.9,75.3,74,0,70.0,65280.0,C6AM2,DE BRE,9650937.0,8.5
2026-09-30T11:56:05.048106+00:00,636024326,COSCO SHIPPING RUYI,43.55776,10.299053333333335,0.0,316.0,223,5,70.0,65932.0,5LSB4,ESTAR,1051111.0,13.3
2026-09-30T11:56:05.172320+00:00,636014456,KEN WAVE,53.40786333333333,14.61066,0.0,53.7,15,5,70.0,58368.0,A8TY5,PL SZZ,9454204.0,10.3
2026-09-30T11:56:05.172698+00:00,244690405,BRANDARIS,51.904160000000005,4.466098333333333,0.0,360.0,511,0,,,PH4385,ROTTERDAM/STAD,,
2026-09-30T11:56:05.173003+00:00,316001844,SPRUCEGLEN,43.74156166666667,-77.407015,12.4,254.3,254,0,70.0,54590.0,VOSL,SOREL,8119261.0,8.0
2026-09-30T11:56:05.205358+00:00,477642100,EVER ORIENT,22.338883333333335,114.12626666666667,0.0,175.7,73,5,74.0,59904.0,VRTS8,SGSGP > VNQNH,9872377.0,8.9
2026-09-30T11:56:05.337144+00:00,667001963,RAZONI,37.38301333333333,-0.8266066666666667,11.9,228.0,226,0,70.0,44640.0,9LU2766,RO CND,9086526.0,5.8
2026-09-30T11:56:05.712139+00:00,667001963,RAZONI,37.38301333333333,-0.8266083333333333,12.3,228.4,226,0,70.0,44640.0,9LU2766,RO CND,9086526.0,5.8
2026-09-30T11:56:05.713209+00:00,440010300,ONGJINGALMAEGI,37.45004333333333,126.59496333333333,0.0,91.4,511,15,,,Unknown,@@@@@@@@@@@@@@@@@BAF,1073741823.0,
2026-09-30T11:56:05.713313+00:00,636022855,MINORCA,54.720835,-1.0169316666666668,5.5,259.9,250,0,70.0,74745.0,5LKT2,GBPTL-GBTEE,9956214.0,10.0
2026-09-30T11:56:05.861783+00:00,248789000,HERMINE,53.665681666666664,-0.23146000000000003,0.0,207.7,144,5,70.0,70828.0,9HA4810,NLRTM,9831177.0,6.8
2026-09-30T11:56:05.965283+00:00,525012357,MV PRILLY,-10.107671666666667,123.50157333333333,8.7,337.8,511,5,79.0,,YBDL2,KUPANG,8816364.0,6.2
2026-09-30T11:56:05.965544+00:00,636026321,SUB ROSA,48.409168333333334,-123.22321666666667,6.3,233.8,235,0,70.0,74745.0,A8RG9,CAVAN,1094709.0,7.6
2026-09-30T11:56:06.201399+00:00,211833390,NILS HOLGERSSON,54.36682166666667,12.103106666666667,16.0,203.0,199,0,70.0,72409.0,DKLZ2,DE RSK,9865685.0,6.6
2026-09-30T11:56:07.170087+00:00,210748000,KATERINA,37.562585,-0.9674783333333333,0.0,157.4,258,5,70.0,74745.0,5BZM6,ESCAR,1050765.0,13.5
2026-09-30T11:56:07.708842+00:00,538011103,YM SPLENDOUR,47.30341333333333,-2.125055,0.0,252.0,75,5,70.0,74745.0,V7A6589,FR MTX,9959424.0,12.6
2026-09-30T11:56:07.954960+00:00,268255404,DANNY,-24.01532166666667,-46.3416,10.1,28.3,26,1,70.0,43804.0,T7DM5,CGPNR,932472200.0,9.5
2026-09-30T11:56:07.955527+00:00,538005605,XIN HAI TONG 809,51.363256666666665,2.5636900000000002,5.8,87.0,90,0,70.0,73440.0,V7FJ8,NL VLI,9669342.0,7.5
2026-09-30T11:56:08.302302+00:00,255806152,AS SARA,31.815926666666666,34.607735000000005,0.2,15.9,272,1,71.0,47040.0,CQAE6,ILHFA,9410272.0,8.0
2026-09-30T11:56:08.766035+00:00,636093396,KEVIN OLDENDORFF,53.565705,9.725691666666668,0.0,353.7,281,5,70.0,74745.0,5LYM7,DEHAM,1021752.0,8.2
2026-09-30T11:56:09.529309+00:00,538012071,ESTRELLA,-33.845888333333335,18.204588333333334,1.1,45.1,83,0,70.0,61132.0,V7A3926,SGSIN,9767766.0,12.8
2026-09-30T11:56:09.805077+00:00,538005154,CAPETAN GIORGIS,46.14546833333333,-123.36465166666667,11.5,104.3,104,0,70.0,73440.0,V7BJ9,"LONGVIEW,USA",9288423.0,6.8
2026-09-30T11:56:10.304925+00:00,314001039,DSM FERRO,50.199423333333336,-0.713415,13.8,73.7,74,0,70.0,58368.0,8P2575,DK SKA,9236092.0,6.4
2026-09-30T11:56:10.305381+00:00,235109009,EXTERMINATOR,51.50764,-0.07990166666666668,0.0,107.2,511,0,,,2IEE9,Unknown,,1.0
2026-09-30T11:56:10.450990+00:00,567017000,SARITA NAREE,46.19289166666667,-123.86398000000001,9.0,265.5,263,0,70.0,61132.0,HSDA,SINGAPORE,9726413.0,13.2
2026-09-30T11:56:10.630266+00:00,268261100,AT 27,36.397153333333335,-7.88811,9.9,282.8,280,0,70.0,40800.0,T7DP7,LIMASSOL,9136539.0,10.1
2026-09-30T11:56:11.458227+00:00,249796000,SEAEAGLE II,51.14534333333334,3.789335,0.0,125.4,108,5,70.0,65280.0,9HA6388,BE_GNE,9870886.0,12.0
2026-09-30T11:56:12.087812+00:00,538007353,FEDERAL KATSURA,55.905633333333334,17.21095,12.5,255.0,254,0,70.0,43776.0,V7JT5,GDANSK POLAND,9293923.0,7.3
2026-09-30T11:56:12.507711+00:00,255917339,LEGIONY POLSKIE,35.979695,-5.404096666666666,7.3,58.7,52,0,70.0,51840.0,CQ2968,KRKAK,9708045.0,9.0
2026-09-30T11:56:12.618840+00:00,368350450,YELLOWEDGE,29.647366666666667,-94.935765,27.3,4.1,511,15,,,WDP4006,Unknown,,
2026-09-30T11:56:12.883494+00:00,314214000,AK KHAIRA,56.98367333333333,19.358061666666668,10.6,209.1,207,0,70.0,48115.0,8PSW,RULED,9300831.0,6.5
2026-09-30T11:56:13.001387+00:00,249594000,YASMINE,51.47131666666667,0.24812333333333333,0.0,303.0,303,5,79.0,61812.0,9HVL9,BEZEE<>GBPFT,9337353.0,6.8
2026-09-30T11:56:13.266264+00:00,221231740,Unknown,51.819406666666666,4.704759999999999,0.0,2.0,272,15,,,Unknown,Unknown,,
2026-09-30T11:56:13.416475+00:00,352003773,OCEAN BREEZE,51.29944666666667,3.2392483333333333,0.0,339.8,335,5,79.0,72595.0,HOA5774,ZA DUR > BE ZEE,9987794.0,9.0
2026-09-30T11:56:13.417089+00:00,316004950,SAGINAW,42.96760666666667,-82.41156833333334,0.0,42.7,34,0,70.0,40761.0,VYA2010,SAGINAW,5173876.0,5.7
2026-09-30T11:56:13.542897+00:00,440076920,TWIN STAR,37.44967,126.59427833333332,0.0,268.8,81,0,,,101TWST,@@@@@@@@@@@@@@@@@C,,
2026-09-30T11:56:13.671660+00:00,538011305,AZUL,51.34634166666667,4.285788333333333,0.0,285.7,275,5,70.0,61132.0,V7A6933,BEANR,9726504.0,8.3
2026-09-30T11:56:13.672093+00:00,367677380,PACIFIC HARVESTER,48.75421333333334,-122.50593166666665,0.0,159.0,511,0,,,WDI2363,Unknown,1073741823.0,
2026-09-30T11:56:13.846998+00:00,367156370,EVERGREEN STATE,39.30872,-74.48298,5.6,232.8,511,0,,,WDD5302,GREAT-EGG INLET_NJ,,
2026-09-30T11:56:13.847101+00:00,248701000,OPALINE,51.38946,3.14601,15.1,132.4,134,0,71.0,48921.0,9HA2478,BEZEE,9424869.0,6.5
2026-09-30T11:56:14.090571+00:00,235053188,HURRICANE CLIPPER,51.51041,-0.10616500000000001,6.2,264.6,511,0,,,VSSF6,@@@@@@@@C4L&PIT20P@3,,7.0
2026-09-30T11:56:14.091373+00:00,341100002,MJ SOFIA,36.47477666666667,27.909258333333334,11.1,269.5,511,0,70.0,,V4RN6,TARTUS,9113381.0,9.8
2026-09-30T11:56:14.091505+00:00,452239844,Unknown,57.559864999999995,11.207246666666666,4.1,247.9,229,3,,,Unknown,Unknown,,
2026-09-30T11:56:14.091719+00:00,257350000,STAR KILIMANJARO,48.63463333333333,-125.60740166666666,9.0,124.8,124,0,70.0,67891.0,LAIG7,CASTW,9396139.0,8.0
2026-09-30T11:56:14.239990+00:00,538011982,JAG AMOL,53.64796166666667,4.076386666666667,11.6,51.1,52,0,70.0,74419.0,V7A3764,COCIE,9676113.0,7.4
2026-09-30T11:56:14.240296+00:00,249004000,ALONDRA,48.95375833333333,-123.61509166666666,0.1,228.4,320,1,70.0,61132.0,9HA6059,VANCOUVER,1018092.0,9.3
2026-09-30T11:56:14.240435+00:00,563177200,DA YU,35.464865,139.96639166666668,0.0,46.4,166,5,70.0,84088.0,9V7287,JP ANE,9941415.0,12.8
2026-09-30T11:56:14.297475+00:00,256097000,TSL ROSEMARY,-32.25364,115.74338666666667,0.0,182.2,223,5,70.0,47577.0,9HA5694,KWINANA WA,9527192.0,6.3
2026-09-30T11:56:14.297802+00:00,636023590,LAKE SAINT ANNE,25.326386666666668,120.47533166666668,16.1,208.3,207,0,70.0,72595.0,5LOL3,AU BNE,9994113.0,8.3
2026-09-30T11:56:15.175890+00:00,256239000,MIEDWIE,43.276125,-79.85192,0.0,107.4,107,5,70.0,43776.0,9HA5757,CA HAM,9393448.0,6.6
2026-09-30T11:56:15.576447+00:00,353081000,ELEGANT SW,-37.646283333333336,176.18230666666665,0.0,353.7,350,0,70.0,47846.0,3EZS,NZ TAURANGA,9450167.0,9.4
2026-09-30T11:56:16.505016+00:00,636025801,MUZAFFER ESENER,55.20935333333333,14.271021666666666,8.9,218.5,215,0,70.0,40560.0,5LZF4,RUULU,9381861.0,5.3
2026-09-30T11:56:16.799164+00:00,219030045,Unknown,57.02873666666667,9.943858333333333,0.1,0.0,511,15,,,Unknown,Unknown,,
2026-09-30T11:56:17.112335+00:00,538012763,Unknown,48.482148333333335,-125.86260166666666,13.8,91.9,94,0,,,Unknown,Unknown,,
2026-09-30T11:56:17.327287+00:00,416487000,YM INAUGURATION,26.221345,123.11405666666666,9.2,225.6,223,0,74.0,44582.0,BLHE,JP TYO R,9334002.0,8.5
2026-09-30T11:56:17.327512+00:00,352246000,NEW ENDEAVOR,51.3973,3.7545933333333332,0.1,12.6,274,0,70.0,74745.0,3FAT,NL VLI,9579638.0,6.7
2026-09-30T11:56:17.922117+00:00,431012888,IZUMI MARU,34.138506666666665,132.97547500000002,14.0,303.1,304,0,79.0,44352.0,JD4490,>JP ISEWAN OFF,9846213.0,6.5
2026-09-30T11:56:17.922221+00:00,368406680,Unknown,48.753611666666664,-122.49288666666666,0.0,360.0,511,15,,,Unknown,Unknown,,
2026-09-30T11:56:18.034692+00:00,223932000,Unknown,57.71638,10.585006666666667,0.0,181.9,53,5,,,Unknown,Unknown,,
2026-09-30T11:56:18.035358+00:00,636024072,GOLD ETERNITY,46.91935333333333,-124.12094499999999,0.0,314.4,65,1,70.0,61132.0,5LQV7,US GHR,9993482.0,7.3
2026-09-30T11:56:18.113141+00:00,538006335,MYRA,51.951145,4.1271700000000004,0.0,299.0,189,5,70.0,74745.0,V7LY5,NL RTM,9418456.0,12.7
2026-09-30T11:56:18.147946+00:00,255806513,MSC CALISTA II,53.433,4.71306,12.2,21.2,22,0,70.0,40320.0,CQEX6,NOMSS,9306067.0,8.6
2026-09-30T11:56:18.226596+00:00,538010741,TS MELBOURNE,-35.23361,151.1101316666667,11.0,198.0,199,0,71.0,62496.0,V7A7350,AUSYD,9960784.0,10.9
2026-09-30T11:56:18.340283+00:00,352004895,KEN CITRUS,49.191336666666665,-123.899915,0.0,300.1,349,1,70.0,54460.0,3E7122,CA VAN,1024534.0,6.7
2026-09-30T11:56:18.420286+00:00,311000557,JAMNO,51.36532833333333,2.694996666666667,10.7,121.9,120,0,79.0,48960.0,C6CS2,BE GNE,9767716.0,10.6
2026-09-30T11:56:18.477131+00:00,368177010,Unknown,35.20796166666666,-75.70310500000001,0.0,327.0,511,0,,,Unknown,Unknown,,
2026-09-30T11:56:20.994383+00:00,636025826,SEACON ATLANTA,54.53248,18.554961666666667,0.0,360.0,265,5,70.0,51840.0,5LZI5,PL GDY,1094228.0,7.1
2026-09-30T11:56:20.995388+00:00,352006951,Unknown,33.943585,133.19648,0.0,162.4,350,15,,,Unknown,Unknown,,
2026-09-30T11:56:21.795875+00:00,538012184,ULUSOY-18,57.267785,11.601495,8.7,188.5,188,0,70.0,74745.0,V7A4080,SEGOT,9734769.0,14.5
2026-09-30T11:56:21.796621+00:00,477987800,CA MANILA,22.325175,114.11844666666666,5.4,257.8,255,0,71.0,44889.0,VRWF4,HK HKG,9987598.0,9.7
2026-09-30T11:56:21.796933+00:00,636021192,BULK MANARA,25.473973333333333,121.54862666666666,12.3,125.7,125,0,70.0,58368.0,5LCS7,CN NDE,9478951.0,12.7
2026-09-30T11:56:21.797033+00:00,368374720,MISSCAROL,30.01278166666667,-93.99494166666666,27.8,287.3,511,0,,,WDP6671,VICKSBOURG_MS,,
2026-09-30T11:56:22.673998+00:00,352006536,KITA,32.079726666666666,-81.06241166666668,0.0,214.7,259,5,70.0,54460.0,3E7908,DOCAU>USSAV,1070222.0,6.5
2026-09-30T11:56:22.674418+00:00,538012636,GRAND PHOENIX,51.303815,3.2295700000000003,0.0,38.7,153,5,70.0,61132.0,V7B3138,BE ZEE,9284764.0,8.7
2026-09-30T11:56:22.675264+00:00,563176800,WAN HAI 356,22.271448333333336,114.11211333333334,14.3,330.5,330,0,73.0,72828.0,9V7385,TW TPE,9554078.0,11.0
2026-09-30T11:56:23.220554+00:00,576944000,Unknown,25.049458333333334,122.84860499999999,9.3,195.0,196,0,,,Unknown,Unknown,,
2026-09-30T11:56:23.220781+00:00,636024625,CS JADEN,57.498128333333334,8.817141666666666,10.8,63.9,66,0,70.0,51840.0,5LTM8,LT KLJ,9660061.0,6.6
2026-09-30T11:56:24.071169+00:00,416000043,TAO YU NO 5,25.118285,121.242845,0.0,247.2,511,15,,,Unknown,Unknown,,
2026-09-30T11:56:24.071356+00:00,636023197,BOYM,51.245485,1.79704,10.7,218.1,225,0,70.0,67320.0,5LMN3,NL VLI,9990179.0,10.3
2026-09-30T11:56:25.131781+00:00,316001633,CSL ASSINIBOINE,45.698231666666665,-73.44721333333334,8.0,214.0,213,0,70.0,55324.0,VCKQ,QUEBEC SEC 52,7413218.0,8.1
2026-09-30T11:56:25.131961+00:00,636093173,TIMORSUN,51.972501666666666,3.989193333333333,0.0,40.5,79,5,70.0,74419.0,5LLE9,NL_RTM,9728174.0,12.5
2026-09-30T11:56:25.276226+00:00,710001648,JOSE.GUILHERME.VII,-3.158558333333333,-59.99149833333333,0.0,108.4,511,15,,,PR7694,Unknown,,
2026-09-30T11:56:25.276323+00:00,636025827,PAIWAN HERO,35.36325166666666,139.79642333333334,0.0,326.7,31,1,70.0,55296.0,5LZI6,JP KZU OFF,1015129.0,6.9
2026-09-30T11:56:26.754604+00:00,440041790,NEW MARS,37.450874999999996,126.59421666666667,0.0,343.7,511,6,,,SSD,@@@@@@@@@@@@@@@@@@,,1.0
2026-09-30T11:56:27.253700+00:00,538005698,URSA MINOR,45.65991666666666,13.762210000000001,0.0,353.0,339,0,70.0,55296.0,V7GD9,ITTRS,9711767.0,7.3
2026-09-30T11:56:27.254060+00:00,636093203,LAGO DI LEDRO,56.797875,19.179726666666667,11.9,208.2,208,0,70.0,52896.0,5LMF4,EETLL,9471654.0,6.7
2026-09-30T11:56:27.254268+00:00,636022773,BBG LIJIANG,-33.134858333333334,-60.483981666666665,0.0,290.4,300,1,70.0,74419.0,5LKJ7,MU PLU,9971953.0,14.3
2026-09-30T11:56:27.255243+00:00,255915730,RUMA,-1.4842066666666667,-48.77515166666667,0.1,219.4,228,1,70.0,40694.0,CQ2188,BR VDC,9652387.0,7.1
2026-09-30T11:56:27.561530+00:00,244670292,GULF MAR,52.95404166666666,4.780358333333334,0.0,360.0,511,0,,,PI3604,DEN HELDER,,2.0
2026-09-30T11:56:27.561825+00:00,248577000,TRIUMPH,52.42167666666667,4.7679583333333335,0.0,320.5,162,5,79.0,99603.0,9HA4709,NLAMS,8902967.0,9.1
2026-09-30T11:56:27.923795+00:00,314303000,NJ SIRIUS,49.30381666666666,-4.5188283333333334,10.3,238.4,236,0,70.0,58368.0,8PWE,LIEPAJA,9237113.0,6.4
2026-09-30T11:56:27.925614+00:00,413699520,Unknown,27.995206666666665,120.88149333333334,2.4,324.2,65,0,,,Unknown,Unknown,,
2026-09-30T11:56:27.925944+00:00,657132800,Unknown,4.694803333333334,7.162566666666667,0.4,350.3,76,8,,,Unknown,Unknown,,
2026-09-30T11:56:28.450763+00:00,352002534,XIN HE LU 2,55.639318333333335,15.702868333333333,12.4,76.3,75,0,71.0,87782.0,3E3891,EETLL,9139921.0,10.6
2026-09-30T11:56:28.451068+00:00,636022118,ULSAN,-34.45328333333334,151.44015,10.5,353.0,354,0,71.0,88819.0,5LHG7,AUBTB,9243306.0,11.0
2026-09-30T11:56:29.436695+00:00,257350000,STAR KILIMANJARO,48.634405,-125.60694,9.1,126.0,124,0,70.0,67891.0,LAIG7,CASTW,9396139.0,8.0
2026-09-30T11:56:29.437002+00:00,248164000,TRUSTEE,52.393813333333334,4.303405,13.1,188.3,511,0,79.0,99603.0,9HA6538,NLAMS,8902955.0,8.5
2026-09-30T11:56:29.826389+00:00,230989440,MEYER PROOMU,60.455661666666664,22.120358333333336,0.0,121.5,511,8,70.0,53040.0,OI4754,Unknown,,
2026-09-30T11:56:29.826485+00:00,352002396,INTEGRITY AOI,37.285158333333335,0.4999516666666667,11.9,266.0,268,0,70.0,51840.0,3E3861,MTMLA,9951812.0,6.1
2026-09-30T11:56:30.538304+00:00,538009101,FUAT BEY,-33.870333333333335,18.303465000000003,1.3,148.0,173,0,70.0,51552.0,V7A4315,ES LPA,9663817.0,10.1
2026-09-30T11:56:30.538572+00:00,244700375,RIVIERA,51.80705833333333,4.6476049999999995,0.6,38.2,39,0,79.0,43776.0,PE6186,SCHWELGERN,,1.9
2026-09-30T11:56:30.538832+00:00,525120018,CTP MAKASSAR,14.566758333333333,120.80295166666666,7.1,262.8,511,0,70.0,40435.0,YDEQ2,PHMNL,9181742.0,7.6
2026-09-30T11:56:30.539509+00:00,352986184,ROYAL STAR,54.36797833333333,10.07653,4.8,54.8,54,0,70.0,44428.0,3E3928,NLDZL,9223813.0,8.9
2026-09-30T11:56:30.540399+00:00,355026000,GLOBAL ANDES,29.730601666666665,-95.27541833333333,0.0,168.2,165,5,70.0,56217.0,3EUV2,PA BLB,9633032.0,7.6
2026-09-30T11:56:30.540493+00:00,338467439,Unknown,48.75537,-122.49709833333333,0.0,360.0,511,15,,,Unknown,Unknown,,
2026-09-30T11:56:31.334984+00:00,353381000,FLOURISH B,55.148761666666665,14.185193333333332,10.7,220.4,220,0,70.0,58368.0,3EVS9,RU LED,9237199.0,6.4
2026-09-30T11:56:32.050668+00:00,241994000,NEPTUNE PIREAS,34.76634833333333,-8.126383333333333,16.0,155.6,159,0,70.0,57772.0,SVEE4,MACAS,1034084.0,7.9
2026-09-30T11:56:32.051266+00:00,441788000,KMTC ULSAN,25.464021666666667,120.50040833333334,17.2,48.9,49,0,72.0,43286.0,DSRD9,TH LCH,9131864.0,6.8
2026-09-30T11:56:32.051398+00:00,636019305,TAHO AMERICA,-23.899843333333333,151.6066583333333,0.6,209.7,95,1,70.0,74745.0,D5TW9,AU GLT,9846055.0,7.3
2026-09-30T11:56:32.051716+00:00,367276000,WASHINGTON CHAMBERS,32.80673,-117.68071166666667,12.5,82.3,86,0,,70686.0,NCHA,0,9551997.0,8.8
2026-09-30T11:56:32.051827+00:00,248422000,ELBELLA,37.792515,23.629103333333333,14.4,158.7,157,0,71.0,45619.0,9HA2358,GRPIR,9312640.0,10.8
2026-09-30T11:56:32.052109+00:00,563158800,WAN HAI 309,24.768731666666667,119.76476666666667,18.0,40.0,39,0,79.0,67626.0,9V7925,IDSRG,9348900.0,9.3
2026-09-30T11:56:32.052368+00:00,538008317,JABAL ALMISHT,49.28919166666667,-123.06791666666666,0.1,359.1,182,5,70.0,61132.0,V7A2231,CA VAN,9850769.0,12.0
2026-09-30T11:56:33.448962+00:00,477714700,DARYA HEERA,54.32564166666667,-130.32655666666668,0.0,115.7,213,1,70.0,65280.0,VRUC9,CA PRR,9909077.0,7.1
2026-09-30T11:56:33.449477+00:00,242943000,SR MALABATA,35.81680166666667,-5.749638333333333,0.0,0.0,0,3,,,Unknown,Unknown,,
2026-09-30T11:56:33.449808+00:00,368343780,Unknown,48.75534833333334,-122.50399833333333,0.0,360.0,212,15,,,Unknown,Unknown,,
2026-09-30T11:56:33.450947+00:00,255915952,JPO VENUS,36.79700666666667,34.63977333333333,0.0,94.1,4,5,74.0,91584.0,CQ2410,TRMER,9351608.0,12.9
2026-09-30T11:56:33.856199+00:00,525121072,ALPHA SAMUDRA 1,-2.11719,104.96692666666667,0.1,315.0,81,1,70.0,60192.0,YDIW3,T. KAMPEH,9504293.0,6.8
2026-09-30T11:56:34.356109+00:00,229257000,BOGDAN,43.19743833333334,27.784801666666667,0.0,0.0,155,0,70.0,43776.0,9HA5315,BGVAR,9905710.0,6.2
2026-09-30T11:56:34.357084+00:00,244870977,OKILEBO,51.73679333333334,5.1406583333333336,0.0,360.0,511,5,,,PC2893,HEUSDEN,,
2026-09-30T11:56:34.357535+00:00,477594100,LIGHT VENTURE,57.854908333333334,10.189556666666666,13.1,268.3,267,0,70.0,74745.0,VRSZ3,ROSTOCK,9868895.0,7.5
2026-09-30T11:56:34.684958+00:00,356680000,ZHENG RUN,57.52587333333334,11.346065000000001,11.7,149.4,148,0,70.0,74745.0,3FFV2,BRAKE,9593816.0,12.2
2026-09-30T11:56:34.685659+00:00,354701000,ALAMO,-33.31713666666666,151.99774166666666,2.7,182.6,125,0,70.0,54163.0,3EXZ4,AU BNE> AU NTL,9851335.0,6.1
2026-09-30T11:56:34.685747+00:00,244790553,Unknown,52.38437666666667,4.890121666666667,0.4,360.0,511,0,,,Unknown,Unknown,,
2026-09-30T11:56:34.686329+00:00,255806191,HEINRICH EHLER,49.476,0.16766666666666669,0.0,10.0,265,5,79.0,43027.0,CQAJ5,FRMTX,9372200.0,7.7
2026-09-30T11:56:35.123933+00:00,368926628,HOLLAND,31.99929,-80.78953333333334,22.5,137.2,511,0,,,AEUD,;,,
2026-09-30T11:56:35.124335+00:00,413326330,Unknown,27.144791666666666,121.02684166666667,9.6,36.0,40,0,,,Unknown,Unknown,,
2026-09-30T11:56:35.124545+00:00,248660000,CMA CGM NEVA,31.92696,-80.58328833333333,9.6,277.7,276,0,71.0,59904.0,9HA4749,NZTRG-PAPCN,9745548.0,11.0
2026-09-30T11:56:35.124852+00:00,525300421,TB CINDARA 2107,-1.1920433333333333,116.81588666666667,0.0,314.5,511,0,,,YDB6752,Unknown,9861299.0,
2026-09-30T11:56:35.125035+00:00,636024051,CARLA C,55.180605,13.955486666666667,10.7,95.1,97,0,70.0,52128.0,5LQS9,FI INK,9718442.0,6.9
2026-09-30T11:56:35.125547+00:00,636016436,MSC ZLATA R,10.476416666666667,-75.72553166666667,19.4,184.0,183,0,71.0,96768.0,D5GE5,NLRTM,9227314.0,11.6
2026-09-30T11:56:35.350490+00:00,416006663,JIA CHANG,25.177985,121.84693166666666,1.0,317.8,511,15,,,Unknown,Unknown,,
2026-09-30T11:56:35.439038+00:00,538004890,VIGOROUS,-23.97456,-46.289453333333334,8.7,342.0,332,0,70.0,51840.0,V7ZQ2,BRSSZ,9546239.0,10.6
2026-09-30T11:56:35.700335+00:00,311018000,POLESIE,53.436490000000006,14.583028333333335,0.0,360.0,22,5,70.0,51072.0,C6XP3,PLSZZ,9488097.0,5.9
2026-09-30T11:56:36.048642+00:00,261182698,ONDERNEMING,52.48928,13.483123333333333,0.0,337.8,511,15,,,SR2698,BERLIN RUMESBURG,,
2026-09-30T11:56:36.048789+00:00,245897000,PLYCA,59.76475833333333,23.018718333333332,15.8,140.6,140,0,71.0,54366.0,PBNN,DELBC,9345398.0,7.0
2026-09-30T11:56:36.302640+00:00,353601000,HOSEI VENTURE,43.18626166666666,27.900076666666667,0.0,220.5,106,5,70.0,56217.0,3FYF2,BGVAR,9550670.0,6.9
2026-09-30T11:56:36.563498+00:00,636026824,MARTI LINK,18.518678333333334,-67.49879833333334,16.1,65.7,65,0,71.0,45696.0,A8YW6,DOCAU,9626259.0,9.0
2026-09-30T11:56:36.564019+00:00,525003538,Unknown,-10.169063333333334,123.56327666666667,0.0,360.0,511,7,,,Unknown,Unknown,,
2026-09-30T11:56:36.564481+00:00,636021356,MSC GRETA III,38.45925333333333,15.907279999999998,0.0,171.6,198,5,71.0,68870.0,D5PT8,ITGIT,9415296.0,8.3
2026-09-30T11:56:37.035852+00:00,636017989,STAR SUZANNA,49.306038333333326,-123.19790166666667,0.1,189.3,218,1,70.0,74745.0,D5NR6,CAVAN,9650872.0,8.2
2026-09-30T11:56:37.037420+00:00,636025120,HONEY BADGER,2.314261666666667,101.823265,9.9,308.0,308,0,70.0,65280.0,5LVX2,INVTZ>SGSIN(PEBGB),9711315.0,6.4
2026-09-30T11:56:37.037579+00:00,636017330,NEW KEEPER,2.3527816666666665,101.67248500000001,13.5,127.9,130,0,70.0,49276.0,D5KJ9,CJK,9736391.0,10.8
2026-09-30T11:56:37.037670+00:00,413471970,RU YI SONG,2.2739949999999998,101.79266666666668,12.2,127.7,128,0,70.0,46656.0,BOEG,CN SHG,9608934.0,9.3
2026-09-30T11:56:37.037818+00:00,563009500,MP KAMSARMAX 1,2.337508333333333,101.71100499999999,7.8,134.6,511,0,70.0,74745.0,9V2750,KO SICHANG,9780158.0,13.1
2026-09-30T11:56:37.037950+00:00,538010248,SAFEEN AL AMAL,2.3490650000000004,101.70900499999999,13.4,114.2,117,0,70.0,51840.0,V7A5803,CN DJA,9485904.0,10.1
2026-09-30T11:56:37.038039+00:00,636025764,QUEEN B III,27.629826666666666,-82.56361833333334,0.0,243.0,351,5,79.0,48115.0,5LZA9,MXTUX,9333369.0,9.2
2026-09-30T11:56:37.038270+00:00,311000621,KEDROS,2.5093566666666667,101.58358,10.3,310.6,311,0,70.0,68774.0,C6DA4,SARROCH,9781700.0,6.5
2026-09-30T11:56:37.274913+00:00,477769400,YUSHEN,25.05914166666667,120.957445,10.9,215.3,214,0,70.0,44582.0,VROS5,TW_TPE,9140530.0,9.7
2026-09-30T11:56:37.533039+00:00,244100934,Unknown,51.991895,5.235388333333333,7.6,294.6,511,0,,,Unknown,Unknown,,
2026-09-30T11:56:37.760713+00:00,636018491,MSC KAYLA,59.82919666666667,25.65435,0.2,154.3,318,0,70.0,46396.0,D5PX6,FIKTK,9242637.0,9.0
2026-09-30T11:56:37.761916+00:00,565380000,MAX SCHULTE,26.087116666666667,-80.03770333333334,7.4,283.9,280,0,70.0,54432.0,9V3052,USPHL,9676711.0,7.8
2026-09-30T11:56:37.978490+00:00,316023339,THUNDER BAY,42.29439,-83.08926833333334,0.1,104.0,44,0,70.0,54590.0,CFN6288,WINDSOR,9601039.0,7.1
2026-09-30T11:56:37.978822+00:00,255983000,MSC CAPETOWN III,-33.96794333333334,151.21649666666664,0.0,350.7,252,5,71.0,68238.0,CRYB,AUSYD,9311737.0,10.5
2026-09-30T11:56:38.386661+00:00,657126300,Unknown,4.695094999999999,7.167285000000001,0.0,59.4,511,0,,,Unknown,Unknown,,
2026-09-30T11:56:38.387532+00:00,352005075,STONEFISH,59.91179833333333,25.760223333333332,11.0,255.0,249,0,71.0,44083.0,3E7276,RULED,9106144.0,10.4
2026-09-30T11:56:38.387998+00:00,236755000,DARYA SINDHU,-33.28592166666667,115.55055,0.6,342.7,263,1,70.0,51840.0,ZDSU5,BD CGP,9844992.0,9.7
2026-09-30T11:56:39.005008+00:00,657132900,Unknown,4.688636666666667,7.158086666666667,0.0,56.4,181,0,,,Unknown,Unknown,,
2026-09-30T11:56:39.005825+00:00,241208000,ALPHA PROGRESS,-2.0423649999999998,104.97541666666666,0.1,332.8,74,1,70.0,74745.0,SVBO9,ID TANJUNG KAMPEH,9597214.0,9.4
2026-09-30T11:56:39.006390+00:00,563315700,INCE EREGLI,57.46281,8.735678333333334,11.0,57.9,60,0,70.0,61132.0,9VMP3,EETLL,1044039.0,7.3
2026-09-30T11:56:39.582968+00:00,431434000,EUPHONY ACE,-34.50367833333333,18.170351666666665,18.5,144.1,144,0,70.0,65280.0,7KUF,AO LAD,9293595.0,9.3
2026-09-30T11:56:39.583435+00:00,413602660,Unknown,26.299938333333333,120.74514666666667,9.3,209.9,202,0,,,Unknown,Unknown,,
2026-09-30T11:56:39.583747+00:00,710004636,LOGIN ENDURANCE,-3.160885,-59.991110000000006,0.0,324.2,324,0,71.0,69523.0,PU6073,BR - MANAUS,9571296.0,11.0
2026-09-30T11:56:40.128693+00:00,636016990,RED ZED 1,51.087055,1.5474516666666667,6.4,223.1,220,0,70.0,95176.0,D5IU2,SCHEVENINGEN ANCHORG,9633977.0,8.3
2026-09-30T11:56:40.186958+00:00,413698170,ANTONGGUANGZHOU,27.581068333333334,121.67109333333333,10.9,201.1,196,0,70.0,48384.0,BPLC5,GUI SHAN,,9.8
2026-09-30T11:56:40.187215+00:00,563016600,ASIAN SUMMIT,27.817733333333333,-97.46548666666666,0.1,124.5,104,5,70.0,65280.0,9V3659,US CRP,9725005.0,6.9
2026-09-30T11:56:40.187323+00:00,563231600,SINAR SULAWESI,-6.677565,112.62243666666667,14.1,317.0,319,0,70.0,46233.0,9V9173,SIN PEBGA,1015363.0,10.9
2026-09-30T11:56:40.525637+00:00,373283000,C.S.PRINCESS,48.472505,-126.02203,4.8,92.8,85,0,70.0,56217.0,3EYW3,KR TJI,9515199.0,8.0
2026-09-30T11:56:40.525824+00:00,477699700,DARYA CHAND,28.487326666666668,-16.202728333333333,0.0,36.8,119,1,70.0,65280.0,VRNY9,ES SCT,9720328.0,13.0
2026-09-30T11:56:40.768271+00:00,352006552,SPRING ODYSSEY,54.53236166666667,18.551274999999997,0.2,39.9,265,5,70.0,65280.0,3E7919,PL GDY,1060655.0,6.7
2026-09-30T11:56:40.768763+00:00,657934000,Unknown,4.69034,7.1586083333333335,0.0,286.2,511,13,,,Unknown,Unknown,,
2026-09-30T11:56:40.769340+00:00,255915662,PANDA 003,36.54857666666667,-9.214018333333334,8.8,105.2,103,0,70.0,42432.0,CQ2120,ESCAD,9968891.0,7.5
2026-09-30T11:56:41.280124+00:00,257433580,Unknown,43.32054166666667,-1.9107766666666668,0.0,0.0,88,3,,,Unknown,Unknown,,
2026-09-30T11:56:41.280353+00:00,563176800,WAN HAI 356,22.272151666666666,114.11169166666667,14.2,331.0,331,0,73.0,72828.0,9V7385,TW TPE,9554078.0,11.0
2026-09-30T11:56:41.280501+00:00,263601640,Unknown,38.643249999999995,-9.477843333333334,1.3,5.2,511,8,,,Unknown,Unknown,,
2026-09-30T11:56:41.877060+00:00,431013811,TEN-OH MARU,40.56433166666667,141.49147,0.0,325.3,62,5,70.0,49507.0,JD4568,>JP TYO S,9846184.0,6.3
2026-09-30T11:56:41.878759+00:00,677014400,ROYA,37.570155,-0.95867,0.0,315.0,63,5,,,5IM244,ESKAR,9212773.0,8.1
2026-09-30T11:56:42.262778+00:00,226010780,AMAZONE,49.427260000000004,0.864425,0.0,346.7,511,0,79.0,,FM6182,BOUAFLES,,2.4
2026-09-30T11:56:42.499969+00:00,477254600,JW MIA,32.5233,29.06433333333333,1.0,174.0,174,15,70.0,55948.0,VRYB9,LIMASSOL CYPRUS,9343534.0,12.2
2026-09-30T11:56:42.795928+00:00,244850126,Unknown,51.486700000000006,6.166685,2.9,257.2,511,3,,,Unknown,Unknown,,
2026-09-30T11:56:42.796584+00:00,366479000,ENDURANCE,53.323231666666665,4.512861666666667,11.9,200.4,197,0,79.0,91584.0,WDE9586,DEBRV,9121273.0,8.6
2026-09-30T11:56:42.797308+00:00,255804860,BG RED,54.354569999999995,9.775229999999999,6.4,46.6,47,0,70.0,44064.0,CQSK,DEBRV,9976965.0,7.4
2026-09-30T11:56:42.870966+00:00,308271000,BONTRUP AMSTERDAM,52.814793333333334,3.9287533333333333,10.8,332.4,333,0,70.0,73440.0,C6JT8,NLAMS,8110681.0,12.7
2026-09-30T11:56:43.320183+00:00,538012947,GRAND VEGA,-23.957351666666668,-46.30045500000001,0.0,75.9,319,5,70.0,65280.0,V7B3531,BR SFS,9355252.0,8.5
2026-09-30T11:56:43.549789+00:00,210332000,DP WORLD LIMASSOL,53.566833333333335,9.692499999999999,12.1,280.0,280,0,73.0,43545.0,5BWX5,DEHAM,9432232.0,8.2
2026-09-30T11:56:43.786187+00:00,563122300,X-PRESS SAGARMALA,36.22202,-4.603266666666667,0.8,52.8,96,0,71.0,46233.0,9V2572,ITNAP,9862736.0,9.0
2026-09-30T11:56:43.787282+00:00,259307000,HOEGH STARLIGHT,54.98497166666667,-1.463485,0.0,32.6,123,5,70.0,77520.0,LAUN8,GBNCL>NLAMS,9971276.0,9.3
2026-09-30T11:56:44.011708+00:00,357743000,AROMO,54.531145,18.537291666666665,0.0,360.0,237,5,70.0,51840.0,3FNO9,PL GDY,9883144.0,6.6
2026-09-30T11:56:44.182739+00:00,636021011,MSC RINI III,-34.47278166666667,151.11155166666668,1.4,222.6,291,0,70.0,64260.0,5LBU8,AUSYD,9419644.0,7.9
2026-09-30T11:56:44.183277+00:00,244690934,HECTOR,51.92095,4.497978333333333,0.0,236.2,511,5,,,PE7434,Unknown,,
2026-09-30T11:56:44.184323+00:00,563320500,BRAVE PIONEER,27.902938333333335,-119.64258,12.5,320.3,322,0,70.0,74745.0,9VDC7,CN HUH,1031812.0,14.3
2026-09-30T11:56:44.371338+00:00,205333090,CHRISTARO,52.147495000000006,5.0143466666666665,8.6,133.0,511,11,,,OT3330,@@@@@@@@@@@@@@@@@@,,
2026-09-30T11:56:44.371446+00:00,636021440,SEABOARD PRIDE,29.747700000000002,-95.11104999999999,0.0,34.0,239,5,71.0,64260.0,5LDY2,PAMIT,9294513.0,9.2
2026-09-30T11:56:44.372542+00:00,215672000,MALYOVITSA,51.139426666666665,1.7192816666666666,7.0,35.9,35,0,70.0,58368.0,9HA5238,SE GOT,9835795.0,6.8
2026-09-30T11:56:44.373074+00:00,249605000,CSL THAMES,53.57048666666667,8.537041666666665,8.3,151.1,148,0,70.0,43680.0,9HVS9,"JELSA,NORWAY",9440447.0,6.3
2026-09-30T11:56:44.597545+00:00,247241800,EUROCARGO PALERMO,37.499024999999996,15.091203333333334,0.0,324.2,151,5,74.0,53040.0,IBAU,MTMLA>ITCTA,9465538.0,6.5
2026-09-30T11:56:44.598220+00:00,256132000,MGD JOY,51.88865833333333,4.276438333333333,0.0,3.8,342,5,79.0,40694.0,9HA3830,NLRTM,9427586.0,5.7
2026-09-30T11:56:44.598318+00:00,212954000,MIRELA,29.71822,-95.24375166666667,0.1,102.6,300,5,70.0,58368.0,5BHT4,GTPRQ,9730218.0,11.0
2026-09-30T11:56:44.599012+00:00,373142000,GOLDEN FLAME,35.609923333333334,139.79260333333335,0.0,320.5,326,5,70.0,43804.0,HOKY,JP TYO OFF,9605059.0,5.6
2026-09-30T11:56:44.663744+00:00,357146000,AFRICAN PHEASANT,-35.571929999999995,118.32633666666668,11.8,100.6,103,0,70.0,61132.0,3FVQ2,SG SIN,9846330.0,13.5
2026-09-30T11:56:44.663852+00:00,212205000,UBC SALERNO,51.891205,4.308966666666667,3.5,357.0,323,0,70.0,48652.0,5BPN6,BRVDC>NLRTM,9652519.0,8.3
2026-09-30T11:56:45.096300+00:00,636024708,BH PROGRESS,25.05716333333333,122.20515999999999,12.2,309.2,312,0,70.0,74745.0,5LTX8,AU GLT,102579600.0,7.3
2026-09-30T11:56:45.096710+00:00,266248000,THULELAND,51.89022333333333,3.06929,16.5,83.7,82,0,79.0,47424.0,SKEI,GBHRW><NLRTM,9343261.0,6.5
2026-09-30T11:56:45.097190+00:00,373556000,LUFFY,57.25530833333333,11.801283333333334,11.2,135.0,136,0,70.0,58368.0,3EZZ9,RU ULU,9609249.0,6.6
2026-09-30T11:56:45.268590+00:00,501794000,Unknown,10.410556666666668,-75.5468,0.0,0.0,21,8,,,Unknown,Unknown,,
2026-09-30T11:56:45.615392+00:00,563246800,EVER VERT,26.924975,122.26577,19.9,36.8,38,0,74.0,74970.0,9V7818,TWKHH>PHMNN,9950985.0,11.5
2026-09-30T11:56:45.616905+00:00,563239300,ADMIRAL QUEEN,39.428808333333336,-27.440086666666666,12.2,272.9,270,0,70.0,74745.0,9V9378,NEW ORLEANS,9970258.0,13.6
2026-09-30T11:56:45.942227+00:00,316001637,CSL LAURENTIEN,43.216415,-79.21306,0.4,349.1,344,0,70.0,55080.0,VCJW,QUEBEC CITY SEC106,7423108.0,8.1
2026-09-30T11:56:45.942562+00:00,563991000,APIA CHIEF,-17.599718333333332,177.41671499999998,1.0,184.0,121,0,73.0,57120.0,9V9832,SGSIN,9614529.0,9.0
2026-09-30T11:56:46.178509+00:00,538007067,BEI CHEN STAR,48.94714833333333,-123.72048833333334,0.0,328.1,153,1,70.0,74745.0,V7LY7,VANCOUVER,9758399.0,7.2
2026-09-30T11:56:46.462625+00:00,244700375,RIVIERA,51.80708166666667,4.647633333333333,0.6,37.2,39,0,79.0,43776.0,PE6186,SCHWELGERN,,1.9
2026-09-30T11:56:46.464022+00:00,367147230,Unknown,48.67835166666667,-125.77604666666666,4.0,115.3,126,0,,,Unknown,Unknown,,
2026-09-30T11:56:46.637716+00:00,229711000,THERMOPYLAE,40.66708333333334,-74.07056833333333,0.0,274.3,298,5,70.0,75480.0,9HA3539,US NYC > US SSI,9702443.0,9.2
2026-09-30T11:56:46.638525+00:00,477019500,JNS RIVER,36.010045,-5.442983333333333,9.6,247.5,246,0,70.0,51552.0,VRWI4,EGEDK,1045227.0,10.5
2026-09-30T11:56:46.639247+00:00,311000958,STAR PRIMA,54.53693333333333,18.518363333333333,0.0,334.4,54,5,70.0,40684.0,C6EO8,PLGDY,9338747.0,6.4
2026-09-30T11:56:46.876541+00:00,477625700,JIUYANG FORTUNE,26.885741666666668,121.16040833333334,14.1,207.9,208,0,70.0,55296.0,VRTN8,ITRAN,9088237.0,8.8
2026-09-30T11:56:47.319347+00:00,255915667,ELBINSEL,53.849244999999996,9.318911666666667,17.0,135.0,134,0,70.0,44064.0,CQ2125,DEHAM VIA DENOK,9977426.0,9.3
2026-09-30T11:56:47.598260+00:00,565607000,STRATEGIC EXPLORER,-32.66713,-60.72829166666667,0.0,262.9,343,5,70.0,51840.0,9V2363,ARSLO,9723708.0,6.2
2026-09-30T11:56:47.599929+00:00,431101148,FUOU MARU,33.66117833333333,136.28224333333333,17.6,55.9,57,0,70.0,44841.0,JD2268,>JP WAK,9367798.0,6.7
2026-09-30T11:56:47.774809+00:00,477188500,ANSAC PRIDE,49.30137,-123.17828333333334,0.0,222.6,175,1,70.0,48998.0,VRMF9,VANCOUVER,9619737.0,6.9
2026-09-30T11:56:47.988196+00:00,249258000,CAPE BYRON,51.88533333333333,4.43821,0.0,347.6,61,5,70.0,51840.0,9HA6198,NL RTM,9629677.0,9.8
2026-09-30T11:56:47.988940+00:00,636023501,REGINA S,55.76130333333333,16.120203333333333,10.8,256.4,256,0,70.0,51840.0,5LOA3,BR VDC,9767041.0,10.5
2026-09-30T11:56:47.989159+00:00,316026694,CSL ST-LAURENT,46.69907166666667,-92.01867999999999,0.0,235.5,180,0,70.0,55324.0,CFK5152,SUPERIOR,9665281.0,7.1
2026-09-30T11:56:48.486714+00:00,636018191,MSC PORTO III,45.568355,13.679345000000001,11.6,284.4,284,0,73.0,63648.0,A8IY9,SIKOP,9299020.0,8.2
2026-09-30T11:56:48.488221+00:00,309116000,HENRY WELL,1.2726583333333332,103.88995166666668,0.0,275.9,199,1,70.0,44064.0,C6VN9,SG SIN,9377717.0,10.2
2026-09-30T11:56:48.793435+00:00,538012993,Unknown,25.514741666666666,120.39743166666668,11.2,187.7,187,0,,,Unknown,Unknown,,
2026-09-30T11:56:48.794152+00:00,352003983,NEREUS HIGHWAY,53.70427666666667,6.066755,7.2,72.3,76,0,70.0,72595.0,3E5376,DEBRV,9974101.0,9.4
2026-09-30T11:56:48.794299+00:00,370024000,KEN VISTA,26.121191666666668,122.249235,11.6,55.2,58,0,70.0,55056.0,3EYL6,CA-VAN,9527946.0,6.6
2026-09-30T11:56:48.794425+00:00,538008283,THALIS,38.601605,-9.614971666666666,12.3,274.5,274,0,70.0,49996.0,V7A2187,ROUEN,9616747.0,6.1
2026-09-30T11:56:48.794548+00:00,636020651,KEY KNIGHT,39.222851666666664,-76.57732833333333,0.0,294.1,271,5,70.0,74745.0,5LAA8,US BAL,9512317.0,7.0
2026-09-30T11:56:49.202702+00:00,525199988,STS.TG BUYUT,-2.320805,104.914635,0.0,297.8,511,15,,,Unknown,Unknown,,
2026-09-30T11:56:49.348903+00:00,366999510,VISE,27.761938333333333,-82.62827,0.0,308.5,88,0,,,Unknown,Unknown,,
2026-09-30T11:56:49.350418+00:00,220253000,PRIMULA SEAWAYS,57.13026333333333,8.108441666666668,19.9,29.1,31,0,79.0,65973.0,OUIM2,GOTEBORG,9259513.0,7.0
2026-09-30T11:56:49.717349+00:00,257268000,TOSCA,27.754441666666665,-15.060091666666667,16.7,21.3,22,0,70.0,65280.0,LATG8,ZADUR,9605798.0,11.0
2026-09-30T11:56:49.719151+00:00,538007258,ELBABE,59.707098333333334,23.776735,12.3,251.7,254,0,70.0,65280.0,V7CX7,RU ULU,9725471.0,6.8
2026-09-30T11:56:49.990222+00:00,244670320,CANDESSO,51.94844666666667,4.119721666666667,0.0,24.9,359,5,79.0,41289.0,PI3924,DINTELHAVEN,,1.7
2026-09-30T11:56:49.992004+00:00,477004600,COSCO WELLINGTON,-29.68906666666667,31.175348333333332,0.2,138.8,131,1,71.0,90201.0,VRME3,DUR ANCHORAGE,9484417.0,12.1
2026-09-30T11:56:50.175406+00:00,255916591,ESPERANCE,53.634348333333335,5.452465,18.7,252.4,252,0,79.0,41932.0,CQ2840,NLRTM,9491484.0,10.2
2026-09-30T11:56:50.789394+00:00,636023927,BLUE ASPIRE,36.34207333333333,-7.627776666666667,16.4,290.9,291,0,70.0,77520.0,5LQC5,BEZEE,9968607.0,8.3
2026-09-30T11:56:50.790241+00:00,255806501,ERNA OLDENDORFF,-23.853613333333332,151.3204716666667,0.0,354.2,120,5,70.0,52416.0,CQEW2,AU GLT,9717670.0,9.2
2026-09-30T11:56:50.790447+00:00,310760000,QUEBEC EXPRESS,53.546926666666664,9.844361666666666,7.7,103.1,106,0,70.0,92966.0,ZCEU7,DEHAM.,9294836.0,8.8
2026-09-30T11:56:50.790608+00:00,310760000,QUEBEC EXPRESS,53.546925,9.844361666666666,7.6,103.0,106,0,70.0,92966.0,ZCEU7,DEHAM.,9294836.0,8.8
2026-09-30T11:56:50.790700+00:00,373440000,HONOR STAR,59.838,25.94721666666667,0.3,236.0,358,1,70.0,75735.0,3FCZ4,RUULU,9335991.0,6.2
2026-09-30T11:56:50.791122+00:00,525901914,LESTARI YANINDO 57,-6.823451666666667,112.30888333333334,8.0,299.7,511,0,,,YDFV4,Unknown,1147312.0,
2026-09-30T11:56:51.736261+00:00,209888000,CAPE ALTIUS,-29.72623666666667,31.2014,0.2,233.7,136,1,70.0,62496.0,5BLF5,ZADUR,9848730.0,11.0
2026-09-30T11:56:51.737132+00:00,431265000,DAIO AUSTRAL,33.997618333333335,133.548845,0.0,2.3,310,5,70.0,79254.0,7KQA,JP KNU,9317391.0,9.6
2026-09-30T11:56:51.737338+00:00,565402000,MATSON MAUI,33.69589166666667,-118.463035,10.0,298.1,298,0,70.0,90201.0,9VBR6,USLGB,9340764.0,10.7
2026-09-30T11:56:51.737572+00:00,367782790,Unknown,48.99357166666667,-122.75550666666666,0.0,360.0,511,15,,,Unknown,Unknown,,
2026-09-30T11:56:52.263058+00:00,244740685,MARPIE,51.80415333333334,4.634693333333333,0.0,0.0,511,0,79.0,,PF7380,@@H,,
2026-09-30T11:56:52.264069+00:00,431830000,CORONA LIONS,-23.816178333333333,151.47800333333333,0.7,21.9,76,1,70.0,83721.0,7KLU,AU GLT,9303948.0,9.0
2026-09-30T11:56:52.264604+00:00,416492000,YM IMMENSE,25.14125166666667,121.753635,0.0,308.0,239,5,74.0,44582.0,BLHP,TW KEL > JP TYO,9319131.0,9.0
2026-09-30T11:56:52.264972+00:00,229699000,CMA CGM SYDNEY,39.43133,-0.3143333333333333,0.0,358.5,25,0,79.0,91238.0,9HA5567,MTMLA>ESVLC,9315953.0,10.1
2026-09-30T11:56:52.791348+00:00,525123454,KT.SELAT LEGUNDI1212,-2.0413116666666666,104.97617,0.0,74.1,511,15,,,YDA431,Unknown,9099949.0,
2026-09-30T11:56:52.791963+00:00,538009298,NORDIC OASIS,52.04908666666667,3.3004616666666666,13.5,269.1,273,0,79.0,73440.0,V7A4560,NLRTM > USCEN,9727120.0,7.3
2026-09-30T11:56:52.792561+00:00,538012066,CS XIAZHI,-2.01121,104.98558333333334,0.0,14.2,74,1,70.0,73440.0,V7A3917,PORT SAID,9294109.0,14.2
2026-09-30T11:56:53.833881+00:00,310826000,GLASGOW EXPRESS,35.899573333333336,-5.535711666666667,8.7,346.2,350,0,70.0,97113.0,ZCHC8,MAPTM,9232589.0,10.5
2026-09-30T11:56:53.834806+00:00,212006000,JUDITH,59.79735166666667,24.502691666666667,12.2,256.2,255,0,71.0,40800.0,5BKY2,FIHEL,9359260.0,7.2
2026-09-30T11:56:53.835075+00:00,636021970,ASL ILEANA,32.237049999999996,29.2322,0.0,135.0,135,2,70.0,58368.0,5LGO7,ALEXANDRIA,9554042.0,12.5
2026-09-30T11:56:54.820318+00:00,563246500,LOWLANDS MUZE,45.690113333333336,-122.77191333333333,0.0,287.9,199,1,70.0,55296.0,9V8177,US PDX,9970210.0,6.7
2026-09-30T11:56:54.820634+00:00,368926266,US GOV VESSEL,32.71008666666667,-117.56269666666667,4.8,93.3,511,0,,,Unknown,Unknown,,
2026-09-30T11:56:54.821268+00:00,225996440,Unknown,42.25402,-8.727941666666668,0.2,190.8,333,0,,,Unknown,Unknown,,
2026-09-30T11:56:54.821801+00:00,368350450,YELLOWEDGE,29.65180666666667,-94.93537666666666,28.1,3.1,511,15,,,WDP4006,Unknown,,
2026-09-30T11:56:55.318109+00:00,368926627,MARTIN,32.03532333333333,-80.88968833333334,30.4,87.2,511,15,,,AEUD,SAV,,
2026-09-30T11:56:55.319294+00:00,440022230,SOUTHERN CASTLE,37.450500000000005,126.59391666666667,0.0,103.8,511,0,,,101 S C,@@@@@@@@@@@@@@@@@@,9777228.0,
2026-09-30T11:56:55.689596+00:00,636017947,CS CHANGAN,45.55778,13.73647,0.0,339.3,87,5,70.0,73440.0,A8IL6,KOPER,9304071.0,12.8
2026-09-30T11:56:55.690014+00:00,338405411,Unknown,48.756405,-122.50731999999999,0.0,337.6,511,15,,,Unknown,Unknown,,
2026-09-30T11:56:55.690204+00:00,538009015,ARIADNE,54.14071833333333,7.595751666666667,13.2,115.8,117,0,70.0,58368.0,V7A4200,HAMBURG,9492907.0,6.5
2026-09-30T11:56:55.690641+00:00,636017649,LILA,-34.38494333333333,18.137863333333332,6.9,355.5,357,0,70.0,65280.0,D5MB5,"BASUO,CHINA",9748837.0,11.3
2026-09-30T11:56:55.691100+00:00,538012866,SAKIZAYA KALON,50.03901333333333,-1.6583216666666667,11.5,75.7,77,0,70.0,74745.0,V7B3423,DECUX,9749908.0,12.2
2026-09-30T11:56:55.924347+00:00,477244100,XIN HAI TONG 22,50.30496166666667,-0.122085,14.0,74.2,75,0,70.0,58368.0,VRSI9,SKAGEN,9453250.0,6.4
2026-09-30T11:56:56.179507+00:00,636022810,LODESTAR DE MAR,53.75958833333333,4.939946666666667,13.3,20.4,21,0,79.0,44064.0,5LKO5,ESCAS,9449792.0,10.2
2026-09-30T11:56:56.179778+00:00,538011643,YASA CAMELLIA,-38.10500833333333,144.36207000000002,0.0,283.8,98,5,70.0,51552.0,V7A3240,AUGEX,9991666.0,6.8
2026-09-30T11:56:56.180770+00:00,310823000,LIVERPOOL EXPRESS,53.552015,9.820215,10.6,285.0,286,0,71.0,97113.0,ZCHC6,DEHAM,9232565.0,10.6
2026-09-30T11:56:56.594445+00:00,255916590,ESSENCE,51.461104999999996,3.6955833333333334,0.0,236.3,59,5,70.0,41932.0,CQ2839,NLVLI,9491496.0,7.3
2026-09-30T11:56:56.594575+00:00,636015094,TINA S,45.78356333333333,13.555901666666667,0.0,210.0,148,5,70.0,51840.0,A8YO6,IT>MNF,9498432.0,9.7
2026-09-30T11:56:56.736537+00:00,256978000,OCEAN PERA,48.81055666666667,-123.40411,0.0,293.3,164,1,70.0,58368.0,9HA6047,CA VAN,9712955.0,6.9
2026-09-30T11:56:56.738199+00:00,374515000,DAIWAN JUSTICE,38.71852,-9.115561666666668,0.0,34.8,39,5,70.0,51840.0,HOZK,LISBOA,9709312.0,8.1
2026-09-30T11:56:57.404931+00:00,412326904,Unknown,-18.126601666666666,178.426985,0.0,301.0,301,0,,,Unknown,Unknown,,
2026-09-30T11:56:57.405793+00:00,440002170,SEVEN STAR,37.47499833333333,126.60727,0.1,357.9,511,0,,,101 S S,INCHEON,32750.0,3.4
2026-09-30T11:56:57.406105+00:00,273127630,Unknown,49.208463333333334,-4.624146666666666,10.9,55.9,60,0,,,Unknown,Unknown,,
2026-09-30T11:56:57.407164+00:00,215654000,TONGALA,-37.86438,144.92033166666667,6.4,326.2,328,0,79.0,65280.0,9HA2776,AUFRE,9605786.0,10.3
2026-09-30T11:56:57.656701+00:00,636023215,WEALTH CERES,55.411516666666664,14.554499999999999,10.6,216.0,217,0,70.0,84088.0,5LMP6,ST.PETERSBURG,9469053.0,10.6
2026-09-30T11:56:57.657748+00:00,538009438,GENCO ENTERPRISE,28.607011666666665,-121.503,11.3,169.4,166,0,70.0,65280.0,V7A4743,US PDX,9707699.0,8.9
2026-09-30T11:56:57.658269+00:00,538013125,MANTA SERIFE BACI,55.686148333333335,15.915106666666667,11.9,75.1,76,0,70.0,51840.0,V7B3769,DK SKA,9638147.0,7.1
2026-09-30T11:56:58.029870+00:00,354235000,AC GLORIOUS,59.852153333333334,25.934475000000003,0.0,196.3,7,1,70.0,91086.0,3ENY8,UST LUGA,9374155.0,7.3
2026-09-30T11:56:58.031219+00:00,538010334,STELIOS T,31.13166,-81.493075,0.0,168.4,343,5,70.0,52128.0,V7A5904,USSSI,9571430.0,6.3
2026-09-30T11:56:58.256742+00:00,636016437,MSC VIDISHA R.,37.212625,-1.0753249999999999,17.6,235.3,235,0,74.0,97113.0,A8IY4,VALENCIA,9227326.0,10.8
2026-09-30T11:56:58.625421+00:00,477949600,BAO SUCCESS,36.07445,-5.183983333333333,6.1,59.0,66,0,70.0,58368.0,VRWB6,GIBRALTAR,9482029.0,11.4
2026-09-30T11:56:59.038535+00:00,367003380,JEAN ANNE,32.648358333333334,-117.11569833333333,0.0,21.0,251,5,70.0,52377.0,WDC3786,SAN DIEGO,9233167.0,7.3
2026-09-30T11:56:59.039257+00:00,244002195,THREANT,51.815360000000005,4.88056,2.8,219.6,511,0,79.0,42163.0,PG6447,HOEK VAN HOLLAND DI,,3.4
2026-09-30T11:56:59.933973+00:00,311002266,A FLENSBURG,35.588550000000005,139.799415,0.0,70.5,305,5,70.0,47308.0,C6LI3,JP TYO  CW,9155365.0,10.4
2026-09-30T11:56:59.934194+00:00,636018826,ASL ROSE,35.532055,139.97493500000002,0.0,254.9,29,1,70.0,51840.0,D5RO4,JP CHB,9778985.0,7.7
2026-09-30T11:56:59.934556+00:00,312000097,LILY OCEAN,59.87563333333333,25.31268,10.9,261.1,263,0,70.0,58368.0,V3SD5,RU ULU,9347944.0,7.0
2026-09-30T11:56:59.935219+00:00,247383300,ECO VALENCIA,41.32998666666666,2.1659116666666667,8.3,185.1,181,0,71.0,82538.0,IBQD,ESVLC>ESBCN,9859533.0,6.2
2026-09-30T11:56:59.935664+00:00,258872000,HOEGH TRAPPER,-27.182165,153.34516,17.5,190.9,191,0,79.0,68774.0,LAUM7,AU FRE>AU MEL,9706918.0,9.5
2026-09-30T11:57:00.570660+00:00,211833390,NILS HOLGERSSON,54.36353999999999,12.100716666666667,16.1,203.2,200,0,70.0,72409.0,DKLZ2,DE RSK,9865685.0,6.6
2026-09-30T11:57:00.571766+00:00,565286000,STRATEGIC EQUITY,45.367535,12.425211666666666,0.0,275.9,84,1,70.0,51840.0,9V2290,IT VCE,9689902.0,6.5
2026-09-30T11:57:00.572596+00:00,244660144,LUCCA,51.89988666666667,4.285286666666667,3.9,116.0,111,0,79.0,,PH4812,HENDRIKIDOAMBACHT,,
2026-09-30T11:57:01.195594+00:00,667002375,GOLDEN MALAK,49.461345,0.81544,10.6,164.4,165,0,70.0,44179.0,9LS2078,FRURO,9578995.0,6.2
2026-09-30T11:57:01.195762+00:00,229955000,CMA CGM SEATTLE,37.76247,-122.690995,8.8,242.1,244,0,71.0,89856.0,9HA5642,USOAK,9290098.0,11.1
2026-09-30T11:57:01.196307+00:00,372014000,SPINNAKER SW,-33.32434,115.66166166666667,0.0,183.4,313,5,70.0,48998.0,3EVV6,AU BUY,9580003.0,6.1
2026-09-30T11:57:01.578391+00:00,636025826,SEACON ATLANTA,54.532475,18.554966666666665,0.0,360.0,265,5,70.0,51840.0,5LZI5,PL GDY,1094228.0,7.1
2026-09-30T11:57:01.579221+00:00,232008553,SARAH,35.37069833333333,139.85778666666664,0.0,205.2,120,5,70.0,58368.0,MBDY9,JP KZU XX,9771016.0,9.1
2026-09-30T11:57:01.580235+00:00,351773000,GREEN SAPPHIRE,57.79782333333333,10.56887,9.6,88.6,88,0,70.0,79254.0,HOTI,LV VNT,9682849.0,9.1
2026-09-30T11:57:01.878687+00:00,257971800,Unknown,60.50618833333333,4.945545,8.0,320.3,511,15,,,Unknown,Unknown,,
2026-09-30T11:57:01.879936+00:00,636022786,DA DAN XIA,26.982536666666665,121.902035,11.5,223.5,223,0,70.0,44620.0,5LKL5,RO CND,9451290.0,7.0
2026-09-30T11:57:02.138655+00:00,314537000,NORD VIND,51.368723333333335,4.0867933333333335,11.8,101.9,97,0,70.0,43804.0,8PAZ2,BE ANR,9573921.0,8.5
2026-09-30T11:57:02.138877+00:00,636025629,HG AUCKLAND,45.63179,-122.69764166666667,0.0,344.8,307,5,70.0,51552.0,5LYJ7,USVAN,1108720.0,6.5
2026-09-30T11:57:02.139792+00:00,538008524,MONDIAL SUN,49.29188333333333,-123.03239666666667,0.0,131.4,253,5,70.0,74745.0,V7A2467,CAVAN,9859296.0,7.5
2026-09-30T11:57:02.471424+00:00,525901740,Unknown,-1.3157183333333333,116.90791666666668,2.9,267.2,511,8,,,Unknown,Unknown,,
2026-09-30T11:57:02.471810+00:00,413304690,ZHONGYOUHAI 16,-1.486465,117.02195499999999,0.0,18.1,511,8,,67032.0,BFBC7,MANPATU,8772099.0,7.0
2026-09-30T11:57:02.472345+00:00,477925700,JIA RUN,38.027548333333336,24.699321666666666,14.1,225.0,225,0,70.0,58368.0,VRGQ6,SINGAPORE,9533361.0,12.9
2026-09-30T11:57:02.473393+00:00,256267000,CNC JAGUAR,35.42771666666667,139.73354666666668,0.0,89.6,27,1,70.0,64281.0,9HA5771,TWKHH,9936185.0,9.7
2026-09-30T11:57:02.666636+00:00,525199988,STS.TG BUYUT,-2.320796666666667,104.914635,0.0,297.8,511,15,,,Unknown,Unknown,,
2026-09-30T11:57:02.666835+00:00,525018380,PUSRI INDONESIA 1,-5.607871666666667,109.02140166666666,6.5,311.3,311,8,70.0,,JZXM,PALEMBANG,9711640.0,4.6
2026-09-30T11:57:02.667009+00:00,368355880,Unknown,48.75541,-122.507675,0.0,102.9,6,15,,,Unknown,Unknown,,
2026-09-30T11:57:02.949393+00:00,538011434,SSI CHALLENGER II,49.30301166666666,-123.04914333333333,0.0,71.8,53,5,70.0,61132.0,V7A2961,CA VAN,1039979.0,7.1
2026-09-30T11:57:02.949718+00:00,538090641,AS NINA,35.89380666666667,-5.662859999999999,4.7,80.0,81,0,79.0,74419.0,V7A6237,ITSPE>ESVLC,9401178.0,10.0
2026-09-30T11:57:02.949975+00:00,636022045,PRIGIPOS,51.252255,4.357215,0.0,354.4,236,5,79.0,86424.0,5LGX6,BE ANR,9343883.0,7.3
2026-09-30T11:57:02.950772+00:00,636022554,SEACON NOLA,-33.64642666666666,152.30199,5.4,185.4,104,0,70.0,84088.0,5LJJ4,JP TKT,9936264.0,11.8
2026-09-30T11:57:02.951679+00:00,354408000,NORD DUBAI,53.403528333333334,14.606851666666667,1.7,2.4,185,0,70.0,49833.0,3FTP2,PL SZZ,9894612.0,8.5
2026-09-30T11:57:03.534248+00:00,311000416,DOLE CARIBBEAN,32.665800000000004,-117.22806999999999,9.4,173.0,173,0,70.0,54720.0,C6CA4,US SAN DIEGO,9703071.0,9.4
2026-09-30T11:57:03.535206+00:00,305042300,INASE,55.17030833333333,18.895166666666668,0.7,289.1,224,0,70.0,43804.0,V2B2042,PLGCY,9445148.0,5.5
2026-09-30T11:57:03.776472+00:00,255804850,BG ORANGE,50.502716666666664,-0.48441333333333336,15.2,117.3,124,0,71.0,45696.0,CRYD,IEDUB,9964637.0,6.9
2026-09-30T11:57:03.776751+00:00,215453000,KIRAN AFRICA,-2.1038666666666668,104.98078333333333,0.1,349.0,90,1,70.0,74745.0,9HA2734,ID PLM,9491173.0,7.5
2026-09-30T11:57:03.777459+00:00,477151900,GREAT INTELLIGENCE,59.86312,26.031258333333334,0.0,34.8,34,1,70.0,55296.0,VRRI6,RU ULU,9800623.0,6.7
2026-09-30T11:57:04.065897+00:00,538090723,ULTRA BOSQUE,-1.53746,-48.75332,0.0,87.4,220,5,70.0,51552.0,V7A4053,BRVDC,9880013.0,7.1
2026-09-30T11:57:04.469631+00:00,636092734,GOLDEN GRAINS,53.494825,6.811398333333333,10.5,132.3,131,0,70.0,52128.0,D5LY3,NLDZL,9777723.0,6.5
2026-09-30T11:57:04.470084+00:00,563314500,GENERAL GUISAN,57.86985,18.18025,12.3,29.2,30,0,70.0,60518.0,9V3077,FIUKI,9888027.0,7.0
2026-09-30T11:57:04.583803+00:00,265022000,BOTNIA ENABLER,51.35412833333333,3.1780033333333337,0.6,223.0,46,0,71.0,88862.0,SBTK,BEZEE,9884679.0,8.0
2026-09-30T11:57:04.584370+00:00,413547130,Unknown,26.782145,121.11033166666667,9.9,203.4,204,0,,,Unknown,Unknown,,
2026-09-30T11:57:04.584899+00:00,636018326,MSC MIA SUMMER II,51.28740666666667,4.252958333333334,0.0,338.5,32,5,71.0,59486.0,D5PF6,BEANR,9169067.0,9.7
2026-09-30T11:57:04.585937+00:00,538012392,GLBS THALIA,34.10865333333333,132.97017333333332,0.0,346.6,183,5,70.0,61132.0,V7B2790,NEW SHIP/IMABARI3012,1103287.0,6.0
2026-09-30T11:57:04.833483+00:00,636019033,MEDI ATLANTICO,-23.936371666666666,-46.31135333333334,8.6,352.5,350,0,70.0,65280.0,D5SQ3,SANTOS,9774446.0,12.9
2026-09-30T11:57:04.833634+00:00,215776000,EKATERINA,37.65279666666667,-28.433654999999998,11.6,272.6,268,0,70.0,41731.0,9HAH8,RU KGD,9158458.0,6.4
2026-09-30T11:57:05.083841+00:00,538008683,LOUISA BOLTEN,50.38404166666667,-0.24755666666666667,10.1,240.0,242,0,70.0,48115.0,V7A2655,FRURO,9406049.0,6.4
2026-09-30T11:57:05.084037+00:00,431836000,SUNRISE SERENITY,32.508208333333336,136.42624333333333,0.9,177.2,130,0,70.0,73113.0,7KNL,JPUKB,9570462.0,12.4
2026-09-30T11:57:05.084190+00:00,477940100,NORTHERN VENTURE,36.80207333333333,34.65031833333333,0.0,358.5,0,5,70.0,65280.0,VRVY2,TR MER,9978779.0,7.1
2026-09-30T11:57:05.084669+00:00,367771760,Unknown,48.756883333333334,-122.49761833333334,0.0,47.2,511,15,,,Unknown,Unknown,,
2026-09-30T11:57:05.084753+00:00,338902000,CORNELIUS H CHARLTON,39.272333333333336,-76.58697666666667,0.0,140.0,24,5,70.0,99878.0,NJTC,Unknown,9231664.0,10.0
2026-09-30T11:57:05.085309+00:00,215148000,CMA CGM AMBER,35.91043833333333,-5.492158333333333,8.4,156.7,164,0,71.0,97113.0,9HA4980,SGSIN>CNNSA,9350381.0,13.2
2026-09-30T11:57:05.085543+00:00,525005316,Unknown,-6.165531666666666,110.30912333333335,9.8,281.8,511,0,,,Unknown,Unknown,,
2026-09-30T11:57:05.085729+00:00,503345600,SCARBOROUGH,-33.860679999999995,151.21186666666665,0.0,360.0,178,0,,,16814,Unknown,,
2026-09-30T11:57:05.311160+00:00,413329710,Unknown,22.133391666666668,114.0,9.5,92.9,95,0,,,Unknown,Unknown,,
2026-09-30T11:57:05.766572+00:00,372924000,INLACO HARMONY,-26.689141666666668,153.20066333333335,11.1,56.8,56,0,70.0,47577.0,3FRR3,AU TSV,9658795.0,5.7
2026-09-30T11:57:05.766967+00:00,247294700,EUROCARGO MALTA,39.21115666666667,9.106313333333333,0.0,51.6,148,0,71.0,53040.0,IBKU,ITCAG>ESSAG,9465514.0,6.8
2026-09-30T11:57:06.273876+00:00,477077800,COSCO GENOA,-37.81431833333333,144.9145816666667,0.0,281.7,182,5,71.0,90201.0,VRKT3,AUMEL,9484326.0,10.7
2026-09-30T11:57:06.274351+00:00,228395600,DOUCE FRANCE,51.43244,0.6829966666666666,0.0,91.4,91,5,74.0,56544.0,FMMZ,GBTHP,9845661.0,9.5
2026-09-30T11:57:06.767232+00:00,657177000,GUARDIAN 8,4.695383333333334,7.1575066666666665,0.0,163.5,511,0,,,5NKL8,Unknown,9870173.0,
2026-09-30T11:57:06.767353+00:00,215662000,OKOLCHITSA,51.30278833333333,3.8383283333333336,0.0,198.5,318,5,70.0,58368.0,9HA5234,NL TNZ,9841653.0,11.8
2026-09-30T11:57:07.257416+00:00,209262000,ASTERION II,37.945746666666665,23.636708333333335,0.0,0.0,179,5,,50025.0,5BYX4,PIR-SER-HER,8922163.0,6.9
2026-09-30T11:57:07.258067+00:00,353732000,ATLAS S,50.365336666666664,-0.7578566666666667,9.9,249.4,249,0,70.0,49276.0,3FRX3,COSMR,9491575.0,8.1
2026-09-30T11:57:07.258386+00:00,477768700,TAIHUA STAR,-32.03338166666666,115.66783833333334,0.1,46.1,227,1,70.0,43804.0,VRCT4,SHARK BAY,9384851.0,4.4
2026-09-30T11:57:07.258525+00:00,247233800,GRANDE ANGOLA,43.57162833333334,10.304935,0.0,204.3,173,5,70.0,68544.0,ICEV,FRMRS,9343156.0,9.0
2026-09-30T11:57:07.528688+00:00,244700661,VRIDO 1,51.959245,4.006593333333333,3.4,112.9,511,0,70.0,42163.0,PD3185,ROTTERDAM/BASEL,,2.0
2026-09-30T11:57:07.529790+00:00,440095870,YUN STAR,37.450444999999995,126.59432166666667,0.0,12.6,511,8,,,101 Y S,@@@@@@@@@@@@@@@@@@,,
2026-09-30T11:57:07.530461+00:00,211517420,KURT,54.173375,12.108295,0.0,206.4,511,15,,,DGOA2,@@@@@@@,,
2026-09-30T11:57:07.530630+00:00,636019289,MSC HARMONY III,38.451861666666666,15.904271666666666,0.0,108.1,198,5,71.0,67932.0,D5TV3,ITGIT,9309411.0,10.6
2026-09-30T11:57:07.530739+00:00,244810768,SHAULA,52.186355000000006,4.632745,0.0,360.0,511,0,,,PC6474,ROELOFARENDSVEEN,,1.0
2026-09-30T11:57:07.940849+00:00,636025801,MUZAFFER ESENER,55.207784999999994,14.268858333333332,9.0,218.7,216,0,70.0,40560.0,5LZF4,RUULU,9381861.0,5.3
2026-09-30T11:57:07.941166+00:00,215143000,KEREM,-32.664966666666665,-60.721601666666665,0.0,153.1,339,1,70.0,44323.0,9HA2651,RECALADA,9126429.0,5.7
2026-09-30T11:57:07.941297+00:00,538006850,DEVBULK BEGUM,53.239911666666664,3.420576666666667,12.4,197.2,197,0,70.0,48115.0,V7SA8,MACAS,9625607.0,10.7
2026-09-30T11:57:07.941823+00:00,636024686,SOZON,-20.29332833333333,-40.234285,0.0,274.6,240,5,70.0,58368.0,5LTV2,BRPRM,9401922.0,6.8
2026-09-30T11:57:07.942244+00:00,210025000,ELONA,-32.60431166666667,-60.76193,0.0,10.3,330,5,70.0,74745.0,5BRR5,ARSLO,9893539.0,7.2
2026-09-30T11:57:08.436523+00:00,538011293,DORA,37.81733,24.37693,12.0,235.3,233,0,79.0,58368.0,V7A6917,ROAGI,9387360.0,6.3
2026-09-30T11:57:08.436806+00:00,710011840,PIO GRANDE,-26.890465,-48.51556166666667,0.1,5.3,81,1,70.0,47846.0,PQ6696,BRITJ,9647863.0,5.3
2026-09-30T11:57:09.228172+00:00,244660723,ARDITO,51.412906666666665,6.741843333333334,7.2,330.1,329,0,79.0,41289.0,PC5459,HAFEN KARLSRUHE,,3.6
2026-09-30T11:57:09.228642+00:00,563106200,ARAUCARIA,55.616886666666666,10.80291,12.5,339.9,341,0,79.0,51840.0,9V6732,PL GDN,9882994.0,6.0
2026-09-30T11:57:09.228940+00:00,203999428,WIENTANK 2,48.21937333333334,16.415398333333332,0.0,339.3,511,0,,,OED3013,Unknown,,1.0
2026-09-30T11:57:09.229225+00:00,232065120,AMANDINE,51.34104,3.2135066666666665,0.0,73.4,339,5,71.0,48921.0,MTDO3,BEZEE<>GBPFT,9424871.0,6.5
2026-09-30T11:57:10.024586+00:00,657319700,Unknown,4.683545,7.156764999999999,0.0,264.2,11,8,,,Unknown,Unknown,,
2026-09-30T11:57:10.025679+00:00,538004244,FEDERAL SHIMANTO,34.942593333333335,33.67149333333334,0.0,219.6,137,1,70.0,41952.0,V7VZ2,LARNACA,9218404.0,6.6
2026-09-30T11:57:10.025929+00:00,249414000,PAOLO,35.89670666666667,-5.4895716666666665,0.0,24.3,43,5,71.0,89856.0,9HRL9,MACAS>MAPTM,9389681.0,10.6
2026-09-30T11:57:10.026503+00:00,245419000,Unknown,51.767158333333334,4.178426666666667,0.0,0.0,511,0,,,Unknown,Unknown,,
2026-09-30T11:57:11.108924+00:00,440913000,GLOVIS DIAMOND,48.719343333333335,-123.52433833333333,12.8,124.9,125,0,70.0,74745.0,D7RR,CA_ROBERTS BANK,9710660.0,7.5
2026-09-30T11:57:11.109300+00:00,563024600,MIMMI SCHULTE,39.259525000000004,0.14117166666666667,0.1,234.7,219,0,73.0,56246.0,9V3435,GRPIR,9743473.0,10.6
2026-09-30T11:57:11.109412+00:00,232013524,SPIRIT OF SINGAPORE,39.326605,0.16988,0.4,285.5,117,0,70.0,86400.0,MCMB7,ESVLC,9362396.0,11.4
2026-09-30T11:57:11.110017+00:00,255806257,MSC VALA II,59.69246833333333,19.95803833333333,10.9,311.5,312,0,74.0,48115.0,CQAR7,FIRAU,9344722.0,9.8
2026-09-30T11:57:11.110221+00:00,440018910,CHEONG HANG NO.2,37.451935000000006,126.59296166666667,0.1,53.3,511,0,,,101,@@@@@@@@@@@@@@@@@BG<,,
2026-09-30T11:57:11.110589+00:00,267010088,PV VAH,48.115210000000005,17.140026666666664,0.0,120.3,511,15,,,OMDU,Unknown,,
2026-09-30T11:57:11.909646+00:00,563040700,ULTRALAZ,48.15960333333333,-125.57484166666667,12.8,54.8,55,0,70.0,65280.0,9V3208,CN NSA,9781085.0,12.2
2026-09-30T11:57:11.910653+00:00,636093333,LIVORNO EXPRESS,40.490426666666664,14.007905,11.4,289.1,288,0,70.0,86047.0,5LTO5,MAPTM,9610157.0,9.8
2026-09-30T11:57:12.535218+00:00,257073000,LIVITA,-29.881023333333335,31.045830000000002,1.5,242.1,307,0,70.0,65280.0,LACG8,ZA DUR,9801299.0,12.6
2026-09-30T11:57:12.535955+00:00,244660144,LUCCA,51.89979666666667,4.285581666666667,4.1,115.8,111,0,79.0,,PH4812,HENDRIKIDOAMBACHT,,
2026-09-30T11:57:12.536241+00:00,366791000,GEORGE II,33.74259666666667,-118.21513666666667,8.3,159.8,161,0,70.0,91400.0,WFLH,LONG BEACH,7729461.0,9.8
2026-09-30T11:57:12.537716+00:00,311000085,AFRICAN KITE,50.24972666666667,-0.575325,12.9,75.6,74,0,70.0,65280.0,C6AM2,DE BRE,9650937.0,8.5
2026-09-30T11:57:13.041230+00:00,538005453,MERCURIAL VIRGO,51.496824999999994,-2.7173066666666665,0.0,94.9,133,5,70.0,75072.0,V7EC7,GB PRU,9651553.0,12.8
2026-09-30T11:57:13.042133+00:00,440010300,ONGJINGALMAEGI,37.45004333333333,126.59496166666666,0.0,91.4,511,15,,,Unknown,@@@@@@@@@@@@@@@@@BAF,1073741823.0,
2026-09-30T11:57:13.042343+00:00,352004990,THEODORE VENIAMIS,56.236975,19.214513333333333,11.4,254.1,255,0,70.0,61132.0,3E7204,LVLPX,1036032.0,10.0
2026-09-30T11:57:13.350522+00:00,636023786,GREEN WAVE,-37.98599333333333,144.817545,0.1,51.8,333,1,70.0,44582.0,5LPK3,AUMEL,9867724.0,8.7
2026-09-30T11:57:13.351154+00:00,413697720,ANTONGQUANZHOU,22.331166666666665,113.796015,5.9,347.3,350,0,70.0,48384.0,BPMN4,NAN SHA,,10.9
2026-09-30T11:57:13.351694+00:00,215060000,ALLEGRA,-20.307658333333332,-40.21071833333333,0.1,320.0,17,1,70.0,51840.0,9HA2626,PRAIA MOLE,9519169.0,9.9
2026-09-30T11:57:13.843801+00:00,636018491,MSC KAYLA,59.82916,25.654388333333333,0.2,151.7,317,0,70.0,46396.0,D5PX6,FIKTK,9242637.0,9.0
2026-09-30T11:57:13.844179+00:00,352002238,SPRING LOTUS,27.62918833333333,-83.05293333333334,0.0,86.0,127,1,70.0,65280.0,3E2228,US TPA,9942110.0,10.9
2026-09-30T11:57:13.844999+00:00,355398000,SINLAU BULKER,46.159933333333335,-124.84884833333334,1.7,151.8,69,0,70.0,51840.0,H3GM,CAVAN,9749960.0,6.4
2026-09-30T11:57:13.845575+00:00,538009011,ANQIFENG,36.06446666666667,-5.162483333333333,0.8,285.0,108,0,70.0,58368.0,V7A4195,DJENDJEN,9519315.0,9.5
2026-09-30T11:57:14.094075+00:00,352005895,ATLANTIC SPARKLE,29.73285333333333,-95.27631,0.0,29.1,164,5,70.0,56217.0,3E9069,PA BLB,1073810.0,6.7
2026-09-30T11:57:14.094260+00:00,352004869,ROYAL GALAXY,-32.77183333333333,-60.719759999999994,0.9,43.4,357,0,70.0,44064.0,3E7098,AR SLO,9589229.0,6.3
2026-09-30T11:57:14.095409+00:00,249901000,CELINE,55.00940166666667,5.896571666666667,17.0,22.1,23,0,79.0,83538.0,9HA4424,BEZEE,9789233.0,7.3
2026-09-30T11:57:14.779797+00:00,538005605,XIN HAI TONG 809,51.363235,2.56618,5.7,90.0,90,0,70.0,73440.0,V7FJ8,NL VLI,9669342.0,7.5
2026-09-30T11:57:14.780206+00:00,244870311,YACHT EXPRESS,41.996179999999995,10.396978333333333,10.2,309.2,310,0,70.0,68217.0,PCEX,IT GOA,9346029.0,6.4
2026-09-30T11:57:14.780438+00:00,229077000,FAUSTINE,51.895248333333335,4.243125,0.0,3.1,107,5,70.0,70502.0,9HA5439,NLRTM,9889708.0,7.3
2026-09-30T11:57:14.781185+00:00,538004093,PELLA,48.47860333333333,-125.64412833333334,9.5,92.0,96,0,70.0,74745.0,V7VD4,USKAM,9510321.0,6.7
2026-09-30T11:57:15.164067+00:00,255802390,BARBRO G,41.195074999999996,-8.684403333333334,0.0,328.6,231,5,70.0,43776.0,CQOW,"LEIXOES, PORTUGAL",9546796.0,10.1
2026-09-30T11:57:15.165010+00:00,657145600,Unknown,4.677355,7.155606666666667,0.0,321.0,14,0,,,Unknown,Unknown,,
2026-09-30T11:57:15.165452+00:00,563315700,INCE EREGLI,57.463881666666666,8.73892,11.0,58.5,60,0,70.0,61132.0,9VMP3,EETLL,1044039.0,7.3
2026-09-30T11:57:15.463611+00:00,538005154,CAPETAN GIORGIS,46.14469333333333,-123.360175,11.9,104.7,103,0,70.0,73440.0,V7BJ9,"LONGVIEW,USA",9288423.0,6.8
2026-09-30T11:57:15.463879+00:00,368477350,EDWIN RIDER,39.45887666666667,-76.04204833333333,6.3,150.5,157,0,,,Unknown,XX XXX>US^0XJD,,
2026-09-30T11:57:15.755421+00:00,229710000,THALATTA,53.577196666666666,8.550675,0.0,259.9,184,5,70.0,75480.0,9HA3538,BREMERHAVEN,9702455.0,8.9
2026-09-30T11:57:15.755768+00:00,352006682,UM EHIME,51.89935166666667,3.4512349999999996,0.0,139.6,48,1,70.0,74745.0,3E8014,NL RTM,1020057.0,14.6
2026-09-30T11:57:15.756438+00:00,209112000,STALO,1.2816533333333333,103.96051166666666,0.0,158.9,264,1,70.0,74745.0,5BQM4,SG SIN/PEBGC,9758404.0,14.4
2026-09-30T11:57:15.756652+00:00,312893000,HONG DA XIN 728,22.468685,113.75193333333333,10.0,173.0,172,0,70.0,56832.0,V3SU9,SGSIN PEBGA,9131228.0,10.4
2026-09-30T11:57:16.729290+00:00,657200700,Unknown,4.679551666666667,7.157875000000001,6.8,9.5,10,0,,,Unknown,Unknown,,
2026-09-30T11:57:16.729611+00:00,256575000,NEPTUNE HELLAS,49.11918333333333,-4.759,8.0,63.0,65,0,70.0,45158.0,9HA3957,GBSHS,9440148.0,8.7
2026-09-30T11:57:16.729813+00:00,311048300,RCC PRESTIGE,44.31330833333333,8.496501666666667,0.0,193.5,55,5,70.0,45158.0,C6YX4,ITLIV,9455715.0,8.3
2026-09-30T11:57:16.730072+00:00,636026348,Unknown,4.69589,7.157781666666667,0.0,329.2,57,5,,,Unknown,Unknown,,
2026-09-30T11:57:16.730510+00:00,255915664,ELBTOWER,41.19286666666667,-8.686181666666666,0.0,147.0,232,5,70.0,45696.0,CQ2122,PTLEI,9968918.0,8.3
2026-09-30T11:57:16.730811+00:00,219543000,LAURA MAERSK,57.712983333333334,9.943016666666667,10.8,57.7,65,0,71.0,52838.0,OZGV2,GOTHENBURG,9944546.0,7.5
2026-09-30T11:57:17.847988+00:00,311057100,CSL TACOMA,39.260315,-76.55428333333333,0.0,273.9,178,5,70.0,74745.0,C6ZJ7,CA HAL>US BAL,9640956.0,9.8
2026-09-30T11:57:17.848284+00:00,229032000,NBA MONET,49.010695000000005,-123.16778166666667,0.0,14.4,109,5,70.0,74745.0,9HA3008,CA RTB,9512305.0,7.0
2026-09-30T11:57:18.195889+00:00,636023536,THERMAIKOS,54.10827333333334,-130.577045,0.1,311.0,205,1,70.0,65280.0,5LOE5,PRINCE RUPERT,9802255.0,6.9
2026-09-30T11:57:18.617561+00:00,314214000,AK KHAIRA,56.98112666666667,19.355475000000002,10.6,208.9,206,0,70.0,48115.0,8PSW,RULED,9300831.0,6.5
2026-09-30T11:57:18.618164+00:00,255806092,AS CARELIA,35.23405666666667,-6.932298333333334,17.5,45.6,43,0,70.0,67626.0,CQIX2,GNCKY,9309409.0,10.9
2026-09-30T11:57:18.982631+00:00,354214000,ANTAKYA_M,36.26922666666667,-8.019905,11.8,106.5,108,0,70.0,58368.0,3FXB3,FR URO,9302803.0,6.3
2026-09-30T11:57:19.476694+00:00,367677380,PACIFIC HARVESTER,48.75421333333334,-122.50593166666665,0.0,159.0,511,0,,,WDI2363,Unknown,1073741823.0,
2026-09-30T11:57:19.477466+00:00,367156370,EVERGREEN STATE,39.30781833333333,-74.48465166666666,5.7,236.6,511,0,,,WDD5302,GREAT-EGG INLET_NJ,,
2026-09-30T11:57:19.876209+00:00,368702000,WARSHIP,36.951991666666665,-76.33067833333332,0.0,360.0,511,0,,,NKSG,Unknown,,
2026-09-30T11:57:19.876524+00:00,341100002,MJ SOFIA,36.47480666666667,27.905346666666667,11.1,271.0,511,0,70.0,,V4RN6,TARTUS,9113381.0,9.8
2026-09-30T11:57:19.876764+00:00,452239844,Unknown,57.55908,11.20515,5.0,220.7,207,3,,,Unknown,Unknown,,
2026-09-30T11:57:19.877319+00:00,657132800,Unknown,4.694908333333333,7.162623333333333,1.0,50.5,87,8,,,Unknown,Unknown,,
2026-09-30T11:57:19.877693+00:00,538008296,ALEXANDRA KPN,20.05042,-70.71823166666667,10.9,102.0,102,0,70.0,61132.0,V7A2207,SKAGEN,9839844.0,6.6
2026-09-30T11:57:20.047660+00:00,368485480,Unknown,40.29616166666666,-73.93121666666666,12.2,193.0,191,0,,,Unknown,Unknown,,
2026-09-30T11:57:20.048178+00:00,367691290,FV MISS LEXY,27.928816666666666,-82.42745166666667,0.0,360.0,511,15,,,WDI3727,Unknown,,
2026-09-30T11:57:20.436217+00:00,249671000,VESPERTINE,53.53574166666667,-3.328081666666667,16.8,287.3,284,0,79.0,48921.0,9HA4331,IEDUB,9376713.0,6.4
2026-09-30T11:57:20.437689+00:00,353081000,ELEGANT SW,-37.646271666666664,176.18230166666666,0.0,353.7,350,0,70.0,47846.0,3EZS,NZ TAURANGA,9450167.0,9.4
2026-09-30T11:57:20.736041+00:00,367536560,Unknown,48.75597166666667,-122.50363166666666,0.0,360.0,511,15,,,Unknown,Unknown,,
2026-09-30T11:57:20.736448+00:00,211833390,NILS HOLGERSSON,54.36224,12.099756666666668,16.0,203.0,200,0,70.0,72409.0,DKLZ2,DE RSK,9865685.0,6.6
2026-09-30T11:57:20.737282+00:00,636019033,MEDI ATLANTICO,-23.935853333333334,-46.31142166666667,8.6,352.9,346,0,70.0,65280.0,D5SQ3,SANTOS,9774446.0,12.9
2026-09-30T11:57:20.737373+00:00,205717000,LA TONDA,-34.43152833333333,-58.4228,10.3,150.8,150,0,70.0,61132.0,ONIY,ARSLO,9748485.0,6.6
2026-09-30T11:57:20.737678+00:00,316029000,CSL NIAGARA,43.184713333333335,-79.19764333333333,2.2,339.4,336,0,70.0,55080.0,VCGJ,HAMILTON,7128423.0,7.5
2026-09-30T11:57:20.738149+00:00,636025801,MUZAFFER ESENER,55.207433333333334,14.268348333333334,9.0,219.2,216,0,70.0,40560.0,5LZF4,RUULU,9381861.0,5.3
2026-09-30T11:57:20.738347+00:00,244660723,ARDITO,51.41319333333333,6.741581666666666,7.3,329.7,329,0,79.0,41289.0,PC5459,HAFEN KARLSRUHE,,3.6
2026-09-30T11:57:21.267211+00:00,477552500,JIN WEN FENG,-33.299504999999996,152.04903166666665,10.1,13.6,15,0,70.0,91086.0,VRKZ4,NEWCASTLE,9532666.0,7.6
2026-09-30T11:57:21.268035+00:00,357211000,TAI KINGDOM,53.484321666666666,9.983441666666666,0.0,331.7,353,0,70.0,83721.0,3EFD3,DE HAM,9789855.0,10.0
2026-09-30T11:57:21.268244+00:00,219030045,Unknown,57.028735,9.943836666666666,0.1,0.0,511,15,,,Unknown,Unknown,,
2026-09-30T11:57:21.550847+00:00,366575000,GOPHER STATE,39.88627833333333,-75.17630000000001,0.0,4.7,354,5,70.0,42854.0,WCJV,SEA,7226689.0,7.6
2026-09-30T11:57:21.551491+00:00,211517420,KURT,54.173375,12.108291666666666,0.0,84.0,511,0,,,DGOA2,@@@@@@@,,
2026-09-30T11:57:21.552258+00:00,352246000,NEW ENDEAVOR,51.397304999999996,3.754618333333333,0.1,21.0,274,0,70.0,74745.0,3FAT,NL VLI,9579638.0,6.7
2026-09-30T11:57:21.840319+00:00,352005165,LUCKY BELLA,59.86675666666667,25.978125,0.0,175.3,41,1,70.0,73440.0,3E8328,UST LUGA,9286970.0,7.2
2026-09-30T11:57:22.090723+00:00,367484810,Unknown,48.75636,-122.50375166666666,0.0,248.8,511,15,,,Unknown,Unknown,,
2026-09-30T11:57:22.091746+00:00,372213000,GEMINI OCEAN,47.624015,-122.37135833333333,0.0,63.0,136,5,70.0,74745.0,H3DT,US SEA,9798832.0,10.5
2026-09-30T11:57:22.092387+00:00,538006720,DSI ALTAIR,43.447570000000006,-3.814243333333333,0.0,38.3,185,5,70.0,60825.0,V7NM5,ES SDR,9749245.0,12.0
2026-09-30T11:57:22.092530+00:00,244660144,LUCCA,51.899723333333334,4.285830000000001,4.1,115.4,111,0,79.0,,PH4812,HENDRIKIDOAMBACHT,,
2026-09-30T11:57:22.385638+00:00,352006643,SAPPHIRE ACE,51.931055,1.7006633333333334,0.0,67.9,57,1,70.0,77520.0,3E7980,GB_TYN,1047017.0,9.9
2026-09-30T11:57:22.385819+00:00,219170000,VAGA MAERSK,52.75468333333333,4.118716666666667,8.9,36.3,37,0,71.0,73440.0,OWAO2,GBTIL->NLROT1,9778545.0,10.4
2026-09-30T11:57:22.386599+00:00,636026321,SUB ROSA,48.407918333333335,-123.22564833333333,6.5,232.6,235,0,70.0,74745.0,A8RG9,CAVAN,1094709.0,7.6
2026-09-30T11:57:22.387343+00:00,303994000,CAPE WRATH,39.261981666666664,-76.60134666666666,0.0,251.5,511,5,,69523.0,WRGJ,Unknown,78261660.0,
2026-09-30T11:57:22.387434+00:00,224110360,Unknown,36.53201833333333,-6.284931666666666,0.0,360.0,511,11,,,Unknown,Unknown,,
2026-09-30T11:57:22.688992+00:00,352004433,NORD BREMEN,38.05773166666667,-122.21666666666667,0.0,195.4,94,5,70.0,54460.0,3E6731,USCRM,9979228.0,10.0
2026-09-30T11:57:22.689302+00:00,563196800,NICOLAUS SCHULTE,37.066825,-76.093435,11.7,329.4,331,0,70.0,74745.0,9V8093,NL IJM,9966312.0,13.3
2026-09-30T11:57:22.689828+00:00,412180000,HONG TAI 656,-5.311703333333333,111.75228,12.9,125.3,126,0,70.0,66192.0,BQIE5,IDSUB,1150981.0,7.8
2026-09-30T11:57:22.689965+00:00,636090971,MONTPELLIER,37.871385000000004,23.578575,0.9,243.0,309,0,70.0,67932.0,A8IG2,ESBCN,9314973.0,9.0
2026-09-30T11:57:22.690464+00:00,352004869,ROYAL GALAXY,-32.77180166666667,-60.71972166666667,0.9,45.5,357,0,70.0,44064.0,3E7098,AR SLO,9589229.0,6.3
2026-09-30T11:57:22.943733+00:00,636020244,VITA FUTURE,36.17775166666667,-5.04703,6.9,236.2,241,0,70.0,74745.0,D5YH8,SGSIN,9697870.0,14.5
2026-09-30T11:57:23.573986+00:00,725001411,Unknown,-34.699616666666664,-72.27678166666666,11.1,11.1,9,0,,,Unknown,Unknown,,
2026-09-30T11:57:23.844689+00:00,210274000,PANAMAX NEREID,10.360895,-61.59871,0.0,315.3,55,1,70.0,68850.0,5BTC3,VE PZO,9231389.0,6.0
2026-09-30T11:57:23.844822+00:00,477091300,GREAT MIND,-33.11572666666667,152.32872166666667,4.3,191.1,110,0,70.0,75735.0,VRIU3,AU GLT>MY PKG,9629627.0,13.3
2026-09-30T11:57:24.112579+00:00,255806450,GOLDEN CITRUS,39.71723,-75.51742166666666,0.0,183.8,113,5,70.0,51840.0,CQEP7,BRSSZ,9663740.0,7.4
2026-09-30T11:57:24.455474+00:00,311695000,AMBER ARROW,-32.04443666666666,115.75017666666666,0.0,93.3,40,5,70.0,65280.0,C6TM3,AUFRE,9277826.0,9.3
2026-09-30T11:57:24.585694+00:00,246894000,HANZE GDANSK,37.435845,24.940228333333334,0.0,303.7,141,5,70.0,51840.0,PCRT,GR JSY,9605188.0,6.8
2026-09-30T11:57:24.817726+00:00,316278000,OCEANEX SANDERLING,44.66634333333333,-63.62853166666666,0.0,177.7,23,0,79.0,50025.0,VOLG,CAHFX,7603502.0,8.4
2026-09-30T11:57:25.240255+00:00,367499960,Unknown,48.754236666666664,-122.50487666666666,0.0,0.0,511,15,,,Unknown,Unknown,,
2026-09-30T11:57:25.665727+00:00,242400000,CABO NEGRO,35.68068,-5.290441666666666,0.0,360.0,511,6,,,Unknown,NO?,,
2026-09-30T11:57:26.034611+00:00,209717000,CONTAINERSHIPSARCTIC,51.45865333333334,0.33358666666666664,0.0,210.5,163,5,71.0,44064.0,5BJD5,GBTIL,9818400.0,8.4
2026-09-30T11:57:26.035622+00:00,440152000,MAPLE MARINA,34.715426666666666,-76.69849166666667,0.0,251.5,263,5,70.0,49996.0,D7FH,MOREHEAD USA,9626376.0,10.3
2026-09-30T11:57:26.035748+00:00,630001194,PHOTON,56.420145000000005,18.944526666666665,12.2,28.6,28,0,70.0,53222.0,J5AW3,RU LED,9230220.0,10.4
2026-09-30T11:57:26.511788+00:00,563263700,CL DEMOCRACY,-38.092191666666665,144.38325166666667,0.0,87.8,193,5,70.0,51552.0,9VCO5,GEELONG,1041805.0,10.4
2026-09-30T11:57:27.260612+00:00,563032600,WAN HAI 173,27.289106666666665,121.53631833333334,16.0,29.3,32,0,74.0,44582.0,9V5644,THLCH,9350147.0,6.9
2026-09-30T11:57:27.262080+00:00,248164000,TRUSTEE,52.390184999999995,4.302603333333334,13.2,187.4,511,0,79.0,99603.0,9HA6538,NLAMS,8902955.0,8.5
2026-09-30T11:57:27.534542+00:00,374637000,SANTANDER,56.53276666666667,20.99740166666667,0.0,103.2,349,5,70.0,65280.0,3FRH,LV LPX,9916305.0,7.2
2026-09-30T11:57:28.816344+00:00,249214000,NICOS TOMASOS,59.97363333333333,26.947446666666668,12.4,100.6,100,0,70.0,65280.0,9HA6179,UST LUGA ORTW,9698800.0,7.3
2026-09-30T11:57:29.574989+00:00,636022031,AE VENUS,25.41757833333333,121.70749,9.9,304.9,303,0,70.0,58368.0,5LGV8,SG SIN,9434711.0,12.3
2026-09-30T11:57:29.575157+00:00,352986184,ROYAL STAR,54.36873666666667,10.07842,4.8,56.7,56,0,70.0,44428.0,3E3928,NLDZL,9223813.0,8.9
2026-09-30T11:57:30.423089+00:00,477254200,FENG DA HAI,27.636893333333333,-82.56328666666667,0.0,73.2,185,5,70.0,61132.0,VRYA5,MANATEE,1133787.0,7.9
2026-09-30T11:57:31.689927+00:00,247019600,GRANDE ELLADE,51.269466666666666,4.2115116666666665,0.0,131.8,204,5,70.0,57657.0,IBNK,BEANR,9220627.0,8.6
2026-09-30T11:57:31.690677+00:00,431012744,BUZEN,35.48899166666667,139.84531666666666,21.5,205.0,205,0,70.0,46396.0,JD4511,JP TYO V,9854595.0,6.7
2026-09-30T11:57:31.691811+00:00,248422000,ELBELLA,37.78877166666667,23.63103,14.4,157.0,154,0,71.0,45619.0,9HA2358,GRPIR,9312640.0,10.8
2026-09-30T11:57:31.691919+00:00,368319560,HARBOR2,47.632375,-122.379655,0.0,0.0,0,0,,,Unknown,Unknown,,
2026-09-30T11:57:32.236489+00:00,636016431,MSC VAISHNAVI R.,57.69855,9.5238,15.0,78.1,79,0,70.0,97113.0,A8RL2,BEANR,9227340.0,11.6
2026-09-30T11:57:32.237313+00:00,710006812,NC BRAVO,-26.927880000000002,-48.52592333333334,0.1,65.1,62,1,71.0,79968.0,PU8270,BRPNG>BRITJ,9612791.0,11.4
2026-09-30T11:57:32.237555+00:00,352004630,RUI AN YANG,35.89336,-5.501918333333333,0.0,239.6,214,0,70.0,58368.0,3E6911,TANGER MED,9211145.0,9.1
2026-09-30T11:57:32.760628+00:00,416440000,TAIPOWER PROSPERITYV,25.158918333333336,121.26150166666666,0.0,172.2,75,1,70.0,91086.0,BDAB,LKO TW,9567594.0,14.5
2026-09-30T11:57:32.761604+00:00,304128000,Unknown,-18.13727,178.41369500000002,0.0,344.0,85,1,,,Unknown,Unknown,,
2026-09-30T11:57:33.081320+00:00,636020374,ADRIANA ROSE,53.917503333333336,7.530715,12.0,77.1,77,0,70.0,74745.0,D5YX6,HAMBURG,9727467.0,14.5
2026-09-30T11:57:33.081587+00:00,229257000,BOGDAN,43.19744333333333,27.78479666666667,0.0,0.0,155,0,70.0,43776.0,9HA5315,BGVAR,9905710.0,6.2
2026-09-30T11:57:33.400696+00:00,355851000,TORO,27.273478333333333,121.76541333333333,11.0,31.3,36,0,79.0,58368.0,HOMY,PEBGC-SG SIG,9241358.0,12.1
2026-09-30T11:57:33.402049+00:00,369950000,US GOV VESSEL,32.68094333333333,-117.13068666666666,0.0,360.0,511,0,,,Unknown,Unknown,,
2026-09-30T11:57:33.749304+00:00,601970000,FLAME THORN,-33.90730666666666,18.423466666666666,0.0,360.0,326,7,,,ZR 7668,CAPE TOWN,9147318.0,5.2
2026-09-30T11:57:33.750018+00:00,368926628,HOLLAND,31.995355,-80.78373833333333,22.0,124.8,511,0,,,AEUD,;,,
2026-09-30T11:57:33.750403+00:00,370732000,GLORIOUS MAPLE,41.118741666666665,-8.940958333333333,0.9,87.7,187,0,70.0,65280.0,3FYI3,PT LEI,9357925.0,10.7
2026-09-30T11:57:33.750942+00:00,244130690,BORE SONG,56.234273333333334,18.140711666666668,18.4,62.5,62,0,79.0,48921.0,PDFS,ROSTOCK,9443566.0,7.0
2026-09-30T11:57:33.751450+00:00,212714000,VANCOUVER,35.605988333333336,139.78315,0.0,44.2,326,5,71.0,89856.0,C4ZL2,JPTYO R,9363364.0,11.2
2026-09-30T11:57:34.083712+00:00,636018603,MSC TANIA,39.439825000000006,-0.32761,0.0,317.2,111,5,70.0,68870.0,D5QM6,VALENCIA,9316373.0,8.9
2026-09-30T11:57:34.084224+00:00,209543000,THETIS D,50.189,-0.676,14.9,72.0,74,0,72.0,41932.0,5BEU5,GBGRK,9372274.0,7.7
2026-09-30T11:57:34.084591+00:00,219437000,BEGONIA SEAWAYS,54.58378666666667,5.466703333333333,17.7,210.0,211,0,73.0,70686.0,OWKM2,BE GNE,9262089.0,7.2
2026-09-30T11:57:34.389553+00:00,351639000,PENANG BRIDGE,57.6883,11.863966666666666,0.0,211.0,270,5,73.0,46233.0,3FZD5,SEGOT,9470753.0,8.3
2026-09-30T11:57:34.390734+00:00,636020765,HONEVER,1.2528233333333332,103.96234333333334,2.0,67.4,52,0,79.0,65280.0,5LAP7,SG SIN,9533438.0,13.2
2026-09-30T11:57:34.863219+00:00,316028837,Unknown,48.755885,-122.50974833333333,0.0,315.2,511,15,,,Unknown,Unknown,,
2026-09-30T11:57:34.984238+00:00,269265938,Unknown,52.35818166666666,4.892286666666666,0.0,360.0,511,0,,,Unknown,Unknown,,
2026-09-30T11:57:35.476073+00:00,538011832,UNI HORIZON,-37.652053333333335,176.18251166666667,0.0,293.6,9,5,70.0,51840.0,V7A3542,NZ TRG,9811517.0,8.8
2026-09-30T11:57:35.476371+00:00,636025120,HONEY BADGER,2.3159533333333333,101.82112333333333,9.9,308.1,308,0,70.0,65280.0,5LVX2,INVTZ>SGSIN(PEBGB),9711315.0,6.4
2026-09-30T11:57:35.476479+00:00,413471970,RU YI SONG,2.2719016666666665,101.79533333333333,12.2,127.6,127,0,70.0,46656.0,BOEG,CN SHG,9608934.0,9.3
2026-09-30T11:57:35.476691+00:00,538006802,MARIA TOPIC,49.291995,-123.18820000000001,0.0,34.9,120,1,79.0,61132.0,V7RI3,CA VAN,9726267.0,7.7
2026-09-30T11:57:35.477316+00:00,368350450,YELLOWEDGE,29.657241666666668,-94.93527333333333,27.1,0.7,511,15,,,WDP4006,Unknown,,
2026-09-30T11:57:36.018325+00:00,219234000,HOLLANDIA SEAWAYS,51.90446833333333,4.362301666666666,0.0,18.2,170,5,79.0,82538.0,OXUD2,VLA-IMM-VLA,9832585.0,6.4
2026-09-30T11:57:36.019411+00:00,311002321,YANGTZE DORA,59.548966666666665,23.394513333333336,9.9,69.2,75,0,70.0,58368.0,C6LP7,RUULU,9288344.0,12.8
2026-09-30T11:57:36.019717+00:00,230653000,NORSTREAM,51.945751666666666,4.130775,0.0,0.3,179,5,70.0,44928.0,OJRC,GBTIL<>NLEUR,9186194.0,5.5
2026-09-30T11:57:36.546236+00:00,636021972,BERGE SNOWDON,26.125223333333334,-80.07636666666667,0.0,102.1,163,1,70.0,51840.0,5LGO9,US PEF,9738882.0,10.5
2026-09-30T11:57:36.546459+00:00,657126300,Unknown,4.695068333333333,7.167306666666667,0.0,59.4,511,0,,,Unknown,Unknown,,
2026-09-30T11:57:36.546555+00:00,352005075,STONEFISH,59.91099,25.754381666666667,10.9,255.0,249,0,71.0,44083.0,3E7276,RULED,9106144.0,10.4
2026-09-30T11:57:36.546754+00:00,565380000,MAX SCHULTE,26.087641666666666,-80.04005000000001,7.7,283.7,280,0,70.0,54432.0,9V3052,USPHL,9676711.0,7.8
2026-09-30T11:57:36.853780+00:00,215475000,BUZLUDJA,39.445233333333334,-0.32182499999999997,0.0,242.1,113,5,70.0,58368.0,9HA5128,ESVLC,9835783.0,10.5
2026-09-30T11:57:36.854029+00:00,338471178,Unknown,48.75662833333333,-122.49815666666667,0.0,249.3,204,15,,,Unknown,Unknown,,
2026-09-30T11:57:36.854437+00:00,563095700,GREEN OCEAN,35.913471666666666,-5.613031666666667,9.2,86.0,76,0,70.0,46233.0,9V6354,ITCAG,9865960.0,9.3
2026-09-30T11:57:36.855026+00:00,373283000,C.S.PRINCESS,48.47248833333333,-126.01999333333333,4.8,92.4,84,0,70.0,56217.0,3EYW3,KR TJI,9515199.0,8.0
2026-09-30T11:57:36.855150+00:00,413551040,Unknown,27.941533333333332,121.008455,7.6,290.0,291,0,,,Unknown,Unknown,,
2026-09-30T11:57:37.543321+00:00,636024014,MSC EAGLE III,31.842578333333332,34.64944,0.0,351.4,269,5,71.0,63342.0,5LQN7,ASHDOD,9302449.0,8.5
2026-09-30T11:57:37.543654+00:00,538011197,WF FILIPPOS,54.52925333333334,18.552325,0.0,268.6,263,5,70.0,74745.0,V7A6757,PLGDY,9687681.0,12.7
2026-09-30T11:57:37.544388+00:00,563176800,WAN HAI 356,22.27553,114.10971333333333,13.8,331.2,330,0,73.0,72828.0,9V7385,TW TPE,9554078.0,11.0
2026-09-30T11:57:38.197931+00:00,366690000,Unknown,48.75570166666667,-122.50376666666666,0.1,360.0,511,15,,,Unknown,Unknown,,
2026-09-30T11:57:38.198832+00:00,232045475,GUARD DOG,51.50932,-0.11013666666666667,0.4,360.0,511,0,,,MMWS5,Unknown,,
2026-09-30T11:57:38.199015+00:00,538006278,FEDERAL BALTIC,51.25727666666667,4.40367,0.0,36.4,183,5,70.0,48960.0,V7DS8,BEANR,9697806.0,8.9
2026-09-30T11:57:38.860551+00:00,657145600,Unknown,4.677363333333333,7.155601666666667,0.0,321.0,14,0,,,Unknown,Unknown,,
2026-09-30T11:57:38.862056+00:00,563060800,CAPITAINE TASMAN,-18.131845,178.42442833333334,0.0,293.0,203,5,70.0,45926.0,9V5992,"SUVA, FJ",9354533.0,9.5
2026-09-30T11:57:38.862587+00:00,636092744,CORNELIE OLDENDORFF,-23.80581833333333,151.217105,0.0,109.5,110,5,70.0,88760.0,A8YF9,AUGLT,9498846.0,7.5
2026-09-30T11:57:39.126060+00:00,255804860,BG RED,54.35584166666667,9.777521666666667,6.4,46.7,49,0,70.0,44064.0,CQSK,DEBRV,9976965.0,7.4
2026-09-30T11:57:39.126804+00:00,538004639,SAINT VASSILIOS,-23.925906666666666,-46.33809333333333,0.0,91.6,293,5,70.0,52128.0,V7YE3,BR SSZ,9486403.0,9.9
2026-09-30T11:57:39.127247+00:00,413701040,JIN FU YUAN,27.170375,121.01723999999999,10.7,206.4,204,0,70.0,56832.0,BPFC8,FU ZHOU,9131204.0,12.2
2026-09-30T11:57:39.127756+00:00,636018322,MSC ASLI II,53.57266833333333,8.540645000000001,0.0,50.3,150,5,71.0,59761.0,D5PF2,DEBRV,9162631.0,11.4
2026-09-30T11:57:39.417729+00:00,636021011,MSC RINI III,-34.47312,151.11117333333334,1.8,221.1,292,0,70.0,64260.0,5LBU8,AUSYD,9419644.0,7.9
2026-09-30T11:57:39.760579+00:00,563320500,BRAVE PIONEER,27.905643333333334,-119.64505833333332,12.7,320.8,322,0,70.0,74745.0,9VDC7,CN HUH,1031812.0,14.3
2026-09-30T11:57:39.760836+00:00,249605000,CSL THAMES,53.568464999999996,8.538915,8.3,151.4,147,0,70.0,43680.0,9HVS9,"JELSA,NORWAY",9440447.0,6.3
2026-09-30T11:57:40.098611+00:00,636017305,KEN MOONYS,22.089195,114.40634,12.0,104.6,106,0,70.0,49833.0,D5KG8,AU TSV,9748382.0,6.9
2026-09-30T11:57:40.098841+00:00,636025269,RIYADH MUKAAB,55.25855333333333,14.340715,16.6,218.1,217,0,70.0,70828.0,5LWP8,CNTAO,9399806.0,10.9
2026-09-30T11:57:40.358141+00:00,538012332,GLOVIS LIGHTHOUSE,48.51725833333333,-125.11052,12.6,269.3,269,0,70.0,93840.0,V7B2691,KR USN,1044340.0,8.2
2026-09-30T11:57:40.697643+00:00,265083750,Unknown,58.949616666666664,18.263905,0.0,0.0,511,15,,,Unknown,Unknown,,
2026-09-30T11:57:40.697836+00:00,636023461,FIONA,41.30350166666666,2.2032016666666667,0.0,45.3,157,1,70.0,44160.0,5LNV4,ESBCN,9149885.0,7.6
2026-09-30T11:57:40.698406+00:00,248779000,ALMYROS,27.932475,-82.43398833333335,0.0,285.2,180,5,70.0,58060.0,9HA2510,TAMPA USA,9584138.0,7.3
2026-09-30T11:57:41.426690+00:00,352005481,NORSE OGIJIMA,51.432745,3.5833166666666667,6.0,247.2,250,0,70.0,54460.0,3E8737,BE ANR,1035973.0,6.7
2026-09-30T11:57:41.426941+00:00,636093322,CHIQUITA HARVESTER,50.37401166666667,-0.6685316666666666,10.3,256.7,254,0,70.0,46233.0,5LSP2,CRMOB,9976226.0,8.1
2026-09-30T11:57:41.427049+00:00,212340000,MACCOA,53.74366666666666,-0.26442333333333334,0.0,343.5,107,5,70.0,42624.0,5BTE2,GB HUL,9413913.0,10.0
2026-09-30T11:57:41.750929+00:00,255915953,GEM STAR,-1.5510683333333333,-48.785999999999994,0.0,130.3,211,1,70.0,47577.0,CQ2411,BRVDC,9496173.0,10.0
2026-09-30T11:57:42.051898+00:00,219816000,NORD COPENHAGEN,53.268053333333334,4.602806666666667,11.5,21.3,26,0,70.0,51552.0,OUUY2,ANTWERP BELGIUM,9979486.0,10.0
2026-09-30T11:57:42.052184+00:00,255916259,SEA ARROW,26.144466666666666,122.48168666666668,11.5,58.7,61,0,70.0,60825.0,CQ2688,SGSIN,9792034.0,12.6
2026-09-30T11:57:42.235353+00:00,431101148,FUOU MARU,33.66386,136.28708,17.8,56.8,57,0,70.0,44841.0,JD2268,>JP WAK,9367798.0,6.7
2026-09-30T11:57:42.236053+00:00,667001963,RAZONI,37.37966333333333,-0.8313183333333334,11.9,227.0,226,0,70.0,44640.0,9LU2766,RO CND,9086526.0,5.8
2026-09-30T11:57:42.236387+00:00,636024051,CARLA C,55.18027,13.961473333333334,10.8,94.8,96,0,70.0,52128.0,5LQS9,FI INK,9718442.0,6.9
2026-09-30T11:57:43.006656+00:00,366904910,KAYE E BARKER,42.038201666666666,-83.13621333333334,11.5,4.5,4,0,70.0,48837.0,WCF3012,MARQUETTE,5097450.0,7.0
2026-09-30T11:57:43.993286+00:00,657350000,Unknown,4.7006033333333335,7.157565,0.0,360.0,511,2,,,Unknown,Unknown,,
2026-09-30T11:57:43.993497+00:00,311001926,ATLANTIC SAMURAI,49.331865,-123.24876666666667,0.0,5.0,89,5,70.0,74745.0,C6JO5,CA VAN,9783980.0,10.5
2026-09-30T11:57:43.993940+00:00,636023501,REGINA S,55.76056166666667,16.115025,10.8,256.2,256,0,70.0,51840.0,5LOA3,BR VDC,9767041.0,10.5
2026-09-30T11:57:43.994549+00:00,316026694,CSL ST-LAURENT,46.69907166666667,-92.01867666666666,0.0,55.0,180,0,70.0,55324.0,CFK5152,SUPERIOR,9665281.0,7.1
2026-09-30T11:57:43.994927+00:00,366302562,LCM ANGELIQUE,48.108145,-88.546205,0.0,252.2,511,0,70.0,,WRB4124,H0UGHTON MI,,2.0
2026-09-30T11:57:43.995292+00:00,538011247,MUROVDAG,49.41111166666667,1.0136816666666666,0.0,258.6,198,5,70.0,51840.0,V7A6850,FRURO,9791042.0,6.6
2026-09-30T11:57:45.678065+00:00,310826000,GLASGOW EXPRESS,35.901605,-5.536315,9.0,347.0,351,0,70.0,97113.0,ZCHC8,MAPTM,9232589.0,10.5
2026-09-30T11:57:45.678218+00:00,232064790,Unknown,58.98775333333333,-2.96123,0.0,161.8,171,0,,,Unknown,Unknown,,
2026-09-30T11:57:45.678666+00:00,267010042,BD DEVIN,48.10562166666667,17.129193333333333,0.0,181.6,511,15,,,OMDJ,BRATISLAVA,,
2026-09-30T11:57:45.679173+00:00,636018191,MSC PORTO III,45.569145000000006,13.674858333333333,11.8,283.4,286,0,73.0,63648.0,A8IY9,SIKOP,9299020.0,8.2
2026-09-30T11:57:46.523128+00:00,368455440,Unknown,48.75721166666666,-122.49916166666667,0.0,360.0,511,15,,,Unknown,Unknown,,
2026-09-30T11:57:46.523402+00:00,538009166,GCL ICON,53.96422833333334,7.396445,12.5,256.3,255,0,70.0,74745.0,V7A4402,FRDKK>>DEWVN,9880245.0,13.8
2026-09-30T11:57:46.898346+00:00,477066300,CORAL CHIEF,-33.96861666666667,151.21304999999998,0.0,168.2,254,5,74.0,47308.0,VROC5,AUSYD,9689938.0,7.5
2026-09-30T11:57:47.649182+00:00,636017555,POCHARD S,55.4546,6.03473,9.4,211.2,212,0,70.0,47577.0,D5LN4,EG ALY,9363314.0,10.0
2026-09-30T11:57:47.650157+00:00,440011170,VIVA CASTLE      0,37.47352,126.60794666666668,0.0,243.5,511,4,,,SSD,@@@@@@@@@@@@@@@@@C,,
2026-09-30T11:57:47.651289+00:00,538009299,NORDIC OLYMPIC,51.868716666666664,3.4553833333333333,0.3,173.1,48,1,70.0,73440.0,V7A4561,CAMNI,9727118.0,8.5
2026-09-30T11:57:48.137764+00:00,538005698,URSA MINOR,45.65994333333333,13.762213333333333,0.0,352.8,339,0,70.0,55296.0,V7GD9,ITTRS,9711767.0,7.3
2026-09-30T11:57:48.138249+00:00,414643000,JIANG YUAN HANG ZHOU,-2.0116266666666665,104.94599666666666,0.1,143.6,81,1,70.0,60518.0,BPAJ5,HAMBANTOTA,9638472.0,13.0
2026-09-30T11:57:48.138493+00:00,636017649,LILA,-34.383336666666665,18.13772,6.9,357.7,0,0,70.0,65280.0,D5MB5,"BASUO,CHINA",9748837.0,11.3
2026-09-30T11:57:48.823565+00:00,441487000,PAN AMBER,38.08832333333333,-123.32401333333334,10.0,137.1,137,0,70.0,54432.0,D7PO,"SACRAMENTO,USA",9626003.0,9.0
2026-09-30T11:57:49.117576+00:00,366999510,VISE,27.761938333333333,-82.62827,0.0,52.6,88,0,,,Unknown,Unknown,,
2026-09-30T11:57:49.118402+00:00,538011814,ASTERIUS,43.19379,27.915141666666667,0.0,230.7,334,5,70.0,48384.0,V7A3516,BGVAR,9810769.0,5.8
2026-09-30T11:57:49.118533+00:00,311058500,SOLINA,51.92134,3.5654150000000002,0.0,54.1,75,1,70.0,43545.0,C6ZL4,NLRTM,9496252.0,7.0
2026-09-30T11:57:49.118807+00:00,367352010,Unknown,48.75557333333334,-122.50906833333333,0.0,108.4,511,15,,,Unknown,Unknown,,
2026-09-30T11:57:49.663288+00:00,230694000,FINNECO 1,51.35450166666667,3.176625,0.0,84.1,47,0,74.0,84966.0,OJTO,BEZEE,9856830.0,6.6
2026-09-30T11:57:49.663433+00:00,538006304,VICTORIA,51.876195,3.50659,0.1,3.8,52,1,70.0,65280.0,V7LN2,NL RTM,9738466.0,13.4
2026-09-30T11:57:50.162279+00:00,432712000,ZEUS LEADER,34.21735833333333,-119.89444166666667,9.4,285.1,284,0,70.0,65280.0,7JEX,US LGB,9476733.0,9.6
2026-09-30T11:57:50.162805+00:00,636023817,CSPC TAURUS,37.938723333333336,-8.858378333333333,0.0,108.4,127,5,70.0,82620.0,5LPO5,SINES,1051927.0,8.4
2026-09-30T11:57:50.164173+00:00,219304000,TUKUMA ARCTICA,56.02959333333333,12.691716666666668,0.0,86.9,357,5,79.0,53270.0,OYTR2,SE HELSINGBORG,9822865.0,9.7
2026-09-30T11:57:50.572602+00:00,248105000,PIERRE A,45.253855,12.568571666666665,11.8,55.7,56,0,73.0,69849.0,9HA6515,ITVCE,9308182.0,10.9
2026-09-30T11:57:50.573057+00:00,636023927,BLUE ASPIRE,36.343714999999996,-7.633053333333334,16.4,290.9,291,0,70.0,77520.0,5LQC5,BEZEE,9968607.0,8.3
2026-09-30T11:57:50.574076+00:00,257433580,Unknown,43.32054,-1.9107716666666665,0.0,0.0,89,3,,,Unknown,Unknown,,
2026-09-30T11:57:50.630753+00:00,310760000,QUEBEC EXPRESS,53.54633166666667,9.847904999999999,8.1,107.1,108,0,70.0,92966.0,ZCEU7,DEHAM.,9294836.0,8.8
2026-09-30T11:57:50.631421+00:00,255916486,ELBSPRING,53.894416666666665,9.146815,0.0,209.1,227,0,73.0,43804.0,CQ2755,DEBRV VIA NOK,9462794.0,9.3
2026-09-30T11:57:51.175568+00:00,356242000,MEDI CHIBA,-33.753371666666666,151.57638,2.1,215.7,279,0,70.0,74745.0,3FUD5,TW TXG > AU NTL,9781970.0,7.2
2026-09-30T11:57:51.177041+00:00,538009101,FUAT BEY,-33.870733333333334,18.303755000000002,1.2,151.2,177,0,70.0,51552.0,V7A4315,ES LPA,9663817.0,10.1
2026-09-30T11:57:51.461653+00:00,563232400,ASIAN ETERNITY,36.131006666666664,-7.730213333333333,11.7,277.9,277,0,70.0,65280.0,9V8961,US MSY,9991472.0,13.5
2026-09-30T11:57:51.626282+00:00,367677380,PACIFIC HARVESTER,48.75420999999999,-122.50592833333333,0.0,159.7,511,15,,,WDI2363,Unknown,1073741823.0,
2026-09-30T11:57:51.626904+00:00,262007000,BAR      :,51.497663333333335,-2.7183683333333333,0.0,248.7,315,5,70.0,51840.0,4OCS,BRISTOL,9693496.0,9.5
2026-09-30T11:57:51.627447+00:00,538012869,TI SUNRISE,33.60415,-7.612723333333333,0.0,112.2,147,5,70.0,51840.0,V7B3428,MA CAS,9701009.0,8.7
2026-09-30T11:57:51.627686+00:00,244740685,MARPIE,51.804161666666666,4.634691666666667,0.0,258.4,511,0,79.0,,PF7380,@@H,,
2026-09-30T11:57:52.052269+00:00,316018031,ALGOMA GUARDIAN,43.277833333333334,-79.79666333333333,0.0,305.1,198,5,70.0,52081.0,CFK9698,THUNDER BAY,8505850.0,8.1
2026-09-30T11:57:52.052774+00:00,636026299,MSC DONATA,-33.898275,151.823585,2.3,179.7,279,0,70.0,88819.0,A8QY9,SYDNEY PORT BOTANY,9237151.0,11.1
2026-09-30T11:57:52.053569+00:00,563341500,CHERA AMITY,54.339911666666666,-130.28729333333334,0.0,164.5,272,1,70.0,61132.0,S6TR9,CAPRR,1120170.0,8.9
2026-09-30T11:57:52.297026+00:00,257615000,STAR ISFJORD,38.433321666666664,-74.677915,0.0,332.7,67,1,70.0,58924.0,LAOX5,USCDE,9182978.0,9.3
2026-09-30T11:57:52.297849+00:00,477885100,SITC SHUNDE,35.58763,139.80123833333334,0.0,286.4,306,5,71.0,46233.0,VRVG2,JP TYO CW,9940239.0,8.9
2026-09-30T11:57:52.299085+00:00,219027759,NORDAGER MAERSK,26.021781666666666,121.57915,16.8,224.5,222,0,71.0,52838.0,OYJO2,CN SGH >> KH KOSTM,9885154.0,8.8
2026-09-30T11:57:52.954481+00:00,538006857,ARIANA,46.2085,-123.79668333333333,0.3,212.0,320,1,70.0,73440.0,V7GS8,US VAN,9316048.0,6.6
2026-09-30T11:57:52.955046+00:00,367721220,OCEAN GLORY,35.29914,-8.703473333333333,7.0,89.0,91,0,70.0,41040.0,KOGH,USPAU,9681833.0,7.7
2026-09-30T11:57:52.955579+00:00,230652000,NORSKY,51.451723333333334,0.38683,0.0,251.4,84,5,73.0,44928.0,OJRB,NLRTM<->GBTIL,9186182.0,5.8
2026-09-30T11:57:52.955764+00:00,353381000,FLOURISH B,55.14570666666667,14.180648333333332,10.6,220.5,220,0,70.0,58368.0,3EVS9,RU LED,9237199.0,6.4
2026-09-30T11:57:53.077906+00:00,310826000,GLASGOW EXPRESS,35.902015,-5.536426666666667,9.1,347.5,351,0,70.0,97113.0,ZCHC8,MAPTM,9232589.0,10.5
2026-09-30T11:57:53.412589+00:00,258192000,HOEGH SUNRISE,41.055238333333335,2.195596666666667,0.5,3.0,17,0,70.0,77520.0,LAUM8,PABLB>JPYOK,9971264.0,8.5
2026-09-30T11:57:53.412812+00:00,620800268,MARINE PRIME,35.84302,-5.787113333333334,0.5,2.0,63,2,79.0,,D6A4268,GIBRALTER,9007001.0,4.0
2026-09-30T11:57:53.413487+00:00,538010447,ATLANTIC PRESTIGE,59.91484166666667,26.221733333333336,0.1,310.7,51,1,70.0,65280.0,V7A6052,RU ULU,9856232.0,7.3
2026-09-30T11:57:53.686449+00:00,366563000,MAHIMAHI,37.79336,-122.30022666666667,0.0,11.7,272,5,70.0,90547.0,WHRN,USOAK,7907996.0,9.3
2026-09-30T11:57:53.686792+00:00,366904910,KAYE E BARKER,42.038736666666665,-83.13615499999999,11.5,4.7,4,0,70.0,48837.0,WCF3012,MARQUETTE,5097450.0,7.0
2026-09-30T11:57:53.687300+00:00,267130706,BD MRENA,47.874856666666666,17.541806666666666,0.0,202.8,511,15,,,OMGF,BRATISLAVA,,
2026-09-30T11:57:54.514395+00:00,368926627,MARTIN,32.03602,-80.87983833333332,31.0,85.6,511,15,,,AEUD,SAV,,
2026-09-30T11:57:55.707703+00:00,636022463,ANNEGRIT,51.935085,4.058075,0.1,293.7,247,5,70.0,61132.0,5LIX6,NL RTM,9512630.0,10.9
2026-09-30T11:57:56.294649+00:00,229859000,LUCKY EFFIE,57.26800333333333,8.091868333333332,9.5,55.9,57,0,70.0,73440.0,9HA3669,IN PRT,9288461.0,13.6
2026-09-30T11:57:56.295312+00:00,636024024,VELA LEADER,22.491133333333334,113.74966833333333,13.7,165.6,171,0,70.0,65280.0,5LQO9,THLCH,9158288.0,7.5
2026-09-30T11:57:56.295635+00:00,352002095,DAFENGGANGLIMINGHAO,1.2157933333333333,103.88099333333334,10.8,233.2,230,0,70.0,43814.0,3E3777,YANTAI,9188790.0,7.7
2026-09-30T11:57:56.972932+00:00,314800000,AK KARAM,56.09141833333333,18.014676666666666,11.1,239.1,240,0,70.0,44064.0,8PTO2,RUVYS,9276731.0,5.7
2026-09-30T11:57:56.974475+00:00,352001358,NORD AQUARIUS,53.48832166666667,9.954593333333333,0.0,263.1,334,5,70.0,74745.0,3E2118,DEHAM,9941398.0,7.8
2026-09-30T11:57:57.613935+00:00,538090702,BLUE SPIRIT,59.82288833333334,25.465308333333333,0.0,143.7,56,1,70.0,74745.0,V7A3771,RUVIT,9471252.0,8.1
2026-09-30T11:57:57.614080+00:00,636017649,LILA,-34.38297166666667,18.137721666666668,6.9,0.0,0,0,70.0,65280.0,D5MB5,"BASUO,CHINA",9748837.0,11.3
2026-09-30T11:57:57.614677+00:00,636014740,IRENES REMEDY,53.88099166666667,9.158798333333333,7.8,270.1,269,0,74.0,67932.0,A8WG3,DEWVN,9315850.0,10.5
2026-09-30T11:57:57.615097+00:00,255806092,AS CARELIA,35.236160000000005,-6.9298383333333335,17.5,44.1,42,0,70.0,67626.0,CQIX2,GNCKY,9309409.0,10.9
2026-09-30T11:57:58.365174+00:00,219034956,ODIN R,55.466339999999995,8.435808333333334,0.0,0.0,144,5,70.0,64512.0,OULV2,DK EBJ,9991379.0,5.2
2026-09-30T11:57:58.365580+00:00,367371000,DEWAYNE T WILLIAMS,42.345416666666665,-71.02952166666667,0.0,279.1,88,5,79.0,66585.0,NHNU,BOSTON DRY DOCK,8219396.0,7.9
2026-09-30T11:57:58.366076+00:00,538007730,CHARISMA,40.648516666666666,-74.04785,0.1,330.0,246,0,70.0,58368.0,V7PH7,NY USA,9409132.0,12.6
2026-09-30T11:57:58.366679+00:00,205539990,VERA PAX,51.817006666666664,5.157205,8.9,255.8,249,0,79.0,41952.0,OT5399,SCHWELGERN,,3.6
2026-09-30T11:57:58.367344+00:00,305059300,YUAN HAI,55.74173333333333,16.013311666666667,11.6,255.1,255,0,79.0,58368.0,V2B2059,IDGRE,9229697.0,12.8
2026-09-30T11:57:59.404700+00:00,367717120,MASTER DAULTON,27.92901833333333,-82.42730499999999,0.0,37.0,511,15,,,WDI6286,Unknown,,
2026-09-30T11:57:59.405247+00:00,477269200,OCEAN TIME,53.458861666666664,-3.021761666666667,0.0,85.0,68,5,70.0,74745.0,VRSK3,GB LIV,9848522.0,12.8
2026-09-30T11:57:59.836509+00:00,538009015,ARIADNE,54.13912333333334,7.601393333333333,13.2,115.9,116,0,70.0,58368.0,V7A4200,HAMBURG,9492907.0,6.5
2026-09-30T11:57:59.837225+00:00,368268990,WEEKS 2223,40.658895,-74.01731833333334,0.0,360.0,511,5,,,WDN3163,Unknown,,
2026-09-30T11:57:59.837780+00:00,352002693,SUNRISE QUEEN,35.588168333333336,140.095315,0.0,194.7,273,5,70.0,58368.0,3E5007,JP CHB,9959723.0,8.2
2026-09-30T11:58:00.488283+00:00,255802470,MSC ZONDA III,55.95581333333334,-4.760904999999999,0.0,211.6,315,5,70.0,75398.0,CQOZ,GBGRK,9436472.0,9.0
2026-09-30T11:58:00.488990+00:00,248105000,PIERRE A,45.254106666666665,12.569091666666667,11.8,55.7,57,0,73.0,69849.0,9HA6515,ITVCE,9308182.0,10.9
2026-09-30T11:58:00.489196+00:00,525210038,Unknown,-1.2623366666666667,116.79720166666667,0.0,132.3,511,8,,,Unknown,Unknown,,
2026-09-30T11:58:00.489349+00:00,314303000,NJ SIRIUS,49.30160166666667,-4.524521666666667,10.4,238.7,236,0,70.0,58368.0,8PWE,LIEPAJA,9237113.0,6.4
2026-09-30T11:58:00.972152+00:00,356554000,ATHENS BRIDGE,25.143203333333336,121.75703,0.0,200.2,237,5,70.0,90547.0,3FAQ3,HK HKG,9409053.0,11.1
2026-09-30T11:58:01.512608+00:00,477131400,COOPER ISLAND,29.931113333333332,-93.874715,0.0,315.5,218,5,70.0,58368.0,VRRD6,US POA,9668910.0,6.7
2026-09-30T11:58:01.513233+00:00,636018191,MSC PORTO III,45.56933333333333,13.6738,11.7,285.0,288,0,73.0,63648.0,A8IY9,SIKOP,9299020.0,8.2
2026-09-30T11:58:01.514319+00:00,256049000,NEPTUNE THELISIS,43.57886,10.318078333333334,0.0,286.8,15,5,70.0,41184.0,9HZV7,ITLIV,9306718.0,5.9
2026-09-30T11:58:01.601406+00:00,311000403,PEAK RAINIER,49.18065,-122.918255,0.0,5.2,19,5,70.0,74745.0,C6BY6,CA VAN,9710139.0,10.4
2026-09-30T11:58:02.151615+00:00,352005266,QUEEN RIVER,57.58241666666667,11.68342,0.0,69.2,175,1,70.0,61132.0,3E8405,SEGOT,1036513.0,10.2
2026-09-30T11:58:02.153669+00:00,352004981,MERSEA ISLAND,-18.734351666666665,146.95410333333334,11.6,131.7,132,0,70.0,54460.0,3E7198,BLUFF,1035959.0,9.3
2026-09-30T11:58:02.454439+00:00,311000101,RCC ANTWERP,-29.75357,31.382153333333335,8.4,214.6,214,0,79.0,65280.0,C6AO2,ZA DUR,9441623.0,9.9
2026-09-30T11:58:02.455662+00:00,636024708,BH PROGRESS,25.06007333333333,122.20138,12.2,310.3,313,0,70.0,74745.0,5LTX8,AU GLT,102579600.0,7.3
2026-09-30T11:58:02.455788+00:00,563230700,WAN HAI 376,-6.357048333333334,110.68251666666667,13.4,68.6,71,0,71.0,72471.0,9V7867,IDSUB,9954503.0,9.3
2026-09-30T11:58:02.456226+00:00,538008902,FEDERAL RUHR,46.49597333333334,-84.40922333333333,6.9,72.9,73,0,70.0,48960.0,V7GT6,CATHU-->CAMTR,9766176.0,7.9
2026-09-30T11:58:02.831699+00:00,366557000,MATSON ANCHORAGE,47.26748833333333,-122.416035,0.0,150.0,138,5,70.0,52876.0,KGTX,TACOMA,8419142.0,9.0
2026-09-30T11:58:02.832035+00:00,247489200,SOUTH ENABLER,54.56680333333334,11.225401666666667,17.7,113.6,114,0,70.0,54100.0,IBND,EEPLS,1022641.0,6.3
2026-09-30T11:58:03.216391+00:00,636026166,MSC CLARITA III,39.43855833333334,-0.328755,0.0,277.8,203,5,70.0,69196.0,A8MT5,ES VLC,9300972.0,9.0
2026-09-30T11:58:03.217427+00:00,701006740,GUILLERMO C,-32.63351166666667,-60.72511833333333,0.0,141.9,511,0,,,LW3468,SANTA FE,,2.1
2026-09-30T11:58:03.217530+00:00,477608600,ZHONGCHANG ZHOUSHAN,-1.5629116666666667,-48.77746333333334,0.0,312.8,38,5,70.0,73440.0,VRMB4,BRVDC,9670808.0,7.4
2026-09-30T11:58:03.964271+00:00,352002396,INTEGRITY AOI,37.28476833333333,0.49332,12.6,265.9,268,0,70.0,51840.0,3E3861,MTMLA,9951812.0,6.1
2026-09-30T11:58:03.965128+00:00,413246950,Unknown,26.846619999999998,120.41975333333333,8.8,38.7,42,0,,,Unknown,Unknown,,
2026-09-30T11:58:03.966423+00:00,636015892,AFRICAN KALMIA,51.12988,1.5949883333333332,10.0,235.1,232,0,79.0,45360.0,D5DI9,ES LPA,9666431.0,8.9
2026-09-30T11:58:03.966556+00:00,366574000,SS CORNHUSKER STATE,39.886268333333334,-75.18169333333334,0.0,300.0,511,5,70.0,43776.0,KAFQ,TBD,6916433.0,7.5
2026-09-30T11:58:04.717772+00:00,538010871,PERA,55.74706833333333,10.79933,10.0,187.7,188,0,70.0,51840.0,V7A7540,DK SKA,9633202.0,10.7
2026-09-30T11:58:04.717895+00:00,366791000,GEORGE II,33.740875,-118.21433166666667,8.7,155.3,156,0,70.0,91400.0,WFLH,LONG BEACH,7729461.0,9.8
2026-09-30T11:58:04.718923+00:00,477949600,BAO SUCCESS,36.07526666666667,-5.1822,6.0,61.0,66,0,70.0,58368.0,VRWB6,GIBRALTAR,9482029.0,11.4
2026-09-30T11:58:05.123530+00:00,232051710,OCEAN BAY,54.916846666666665,5.654326666666666,9.4,205.8,206,0,70.0,58368.0,MOMV2,SE GOT,9460863.0,12.0
2026-09-30T11:58:05.123749+00:00,538008635,INVICTA,35.60313,139.78561833333333,0.0,32.5,327,5,70.0,46233.0,V7A2600,JP TYO R,9822724.0,9.4
2026-09-30T11:58:05.124730+00:00,356639000,COOL EAGLE,54.87256166666667,20.045205,50.8,296.9,236,0,70.0,54720.0,H9PJ,>PACTB,9889801.0,8.4
2026-09-30T11:58:05.124879+00:00,316059017,ONTARIO VENTURE,47.99212166666667,-87.89056666666667,11.6,305.4,304,0,70.0,50673.0,VEOV,USDET,9305178.0,7.0
2026-09-30T11:58:05.844947+00:00,312912000,AMARELLA,37.43688833333333,24.940141666666666,0.0,27.2,511,5,79.0,48384.0,V3PU8,LBBEY>GRJSY,9502829.0,6.2
2026-09-30T11:58:05.845252+00:00,720915000,IB PARAGUAY,-32.546733333333336,-60.796135,0.0,360.0,511,5,70.0,,CPY3020,ASUNCION,,2.7
2026-09-30T11:58:05.845383+00:00,247296500,EUROCARGO ALEXANDRIA,39.406690000000005,14.859,19.1,150.0,149,0,71.0,55080.0,IBLW,ITCTA,9465540.0,7.2
2026-09-30T11:58:05.846365+00:00,355124000,ZHENG JUN,36.23802166666667,-7.270216666666667,12.1,288.0,285,0,70.0,74745.0,3FNM2,TR ISK,9593804.0,14.2
2026-09-30T11:58:05.846574+00:00,538012874,AMADEUS W,53.640856666666664,-0.19968166666666667,0.1,36.0,324,5,70.0,74745.0,V7B3434,NLVLI,9749855.0,12.0
2026-09-30T11:58:06.730495+00:00,352003953,SKY CHALLENGE,13.69271,100.588555,0.0,216.5,321,5,74.0,44582.0,3E5352,THBKK,9705445.0,7.0
2026-09-30T11:58:06.731457+00:00,255915629,ANTHEA V,-1.5585366666666667,-48.774393333333336,0.0,316.4,43,5,70.0,66700.0,CQ2087,BR VDC,9760043.0,7.3
2026-09-30T11:58:07.093388+00:00,265697950,PIRAYA 12,56.15767666666667,15.572188333333335,0.0,360.0,511,15,,,Unknown,Unknown,,
2026-09-30T11:58:07.094762+00:00,636023799,LONCOMILLA,-23.96114,-46.296794999999996,0.0,321.8,138,5,70.0,90201.0,5LPM2,JMKIN,9437385.0,9.5
2026-09-30T11:58:07.493498+00:00,249874000,SOUTH,54.93633833333333,13.698838333333333,9.6,72.7,76,0,71.0,42182.0,9HA6417,DKAAR,9491472.0,10.0
2026-09-30T11:58:07.493987+00:00,248592000,FADIQ,37.89116666666666,24.596116666666667,15.0,25.0,24,0,71.0,55692.0,9HA4716,FRSET,9809590.0,6.8
2026-09-30T11:58:07.494486+00:00,636018137,AAL KEMBLA,-37.81689166666667,144.92250333333334,0.0,228.0,65,5,70.0,54009.0,D5OI9,MELBOURNE,9498353.0,9.8
2026-09-30T11:58:08.079880+00:00,257971800,Unknown,60.507931666666664,4.942721666666667,8.1,321.6,511,15,,,Unknown,Unknown,,
2026-09-30T11:58:08.080654+00:00,338058000,ARC INTEGRITY,27.812208333333334,-97.40228499999999,0.0,219.1,89,5,70.0,74419.0,KINQ,US SSI,9332949.0,9.0
2026-09-30T11:58:08.081164+00:00,255806459,MSC ANUSHA III,-32.93109,152.71312,8.3,31.4,27,0,73.0,79641.0,CQEQ8,AUMEL,9323041.0,10.5
2026-09-30T11:58:08.730325+00:00,657189900,Unknown,4.69457,7.16968,0.0,73.4,290,5,,,Unknown,Unknown,,
2026-09-30T11:58:09.030261+00:00,477987800,CA MANILA,22.324755,114.11547333333333,6.4,260.4,254,0,71.0,44889.0,VRWF4,HK HKG,9987598.0,9.7
2026-09-30T11:58:09.030828+00:00,636090971,MONTPELLIER,37.871311666666664,23.578376666666667,0.8,239.7,310,0,70.0,67932.0,A8IG2,ESBCN,9314973.0,9.0
2026-09-30T11:58:09.031054+00:00,477925700,JIA RUN,38.0247,24.695776666666667,14.2,224.0,225,0,70.0,58368.0,VRGQ6,SINGAPORE,9533361.0,12.9
2026-09-30T11:58:09.031761+00:00,636014800,ORANGE STAR,40.68873166666666,-74.13602833333333,0.0,268.0,214,5,70.0,58368.0,A8WP6,USPNJ,9564334.0,9.3
2026-09-30T11:58:09.475518+00:00,255806435,ECO TIDE,52.40181833333334,4.823741666666667,0.1,333.9,88,5,70.0,45878.0,CQEN8,BEANR=>NLAMS,9576739.0,7.1
2026-09-30T11:58:09.477235+00:00,636019972,KIRSTEN OLDENDORFF,55.990485,17.925639999999998,14.7,61.7,62,0,70.0,74745.0,D5XA9,RU ULU,9863091.0,7.3
2026-09-30T11:58:09.477482+00:00,538007806,INSIGHT,22.204055,114.18212666666666,4.3,312.0,311,0,70.0,44582.0,V7ZZ9,VN SGN,9790907.0,9.7
2026-09-30T11:58:10.260054+00:00,416000043,TAO YU NO 5,25.118288333333332,121.242875,0.0,247.2,511,15,,,Unknown,Unknown,,
2026-09-30T11:58:10.260196+00:00,247293300,GRANDE GUINEA,-23.099861666666666,-43.09359666666667,15.4,169.1,170,0,79.0,68870.0,IBPL,BEANR>DEHAM,9437919.0,8.4
2026-09-30T11:58:10.672819+00:00,352898762,COSMO GLORIA,-37.65661333333333,176.18164833333333,0.0,258.8,189,0,70.0,51840.0,3E2047,NZ TRG,9898993.0,8.0
2026-09-30T11:58:10.673353+00:00,356167000,MSC ELEONORA III,45.63014666666666,13.765095,0.1,346.4,250,5,71.0,64188.0,HPVY,TRIESTE,9064750.0,8.6
2026-09-30T11:58:10.673826+00:00,227300000,F/V MIREN,43.32322,-1.9255416666666667,0.0,180.2,199,0,,,FHZV,PASAJES,8229353.0,
2026-09-30T11:58:10.674393+00:00,373895000,HON WEI,36.423525000000005,14.124221666666667,12.3,288.5,287,0,70.0,73440.0,3FVU6,EGPSA,9233507.0,14.2
2026-09-30T11:58:11.043377+00:00,211162610,PRINCESS,53.540949999999995,9.934431666666667,7.8,100.0,100,0,,,DF4518,@@@@@@@@@C?ZO>4_?;Q<,,
2026-09-30T11:58:11.409162+00:00,368433230,Unknown,48.756505,-122.50456333333334,0.0,38.1,511,15,,,Unknown,Unknown,,
2026-09-30T11:58:11.409277+00:00,636023332,THOR HIGHWAY,51.296821666666666,3.2411583333333334,0.0,11.3,334,5,70.0,72595.0,5LNE6,ZEEBRUGGE,9948164.0,9.3
2026-09-30T11:58:11.409736+00:00,563314500,GENERAL GUISAN,57.87287833333333,18.18342,12.3,29.1,30,0,70.0,60518.0,9V3077,FIUKI,9888027.0,7.0
2026-09-30T11:58:11.410048+00:00,538007353,FEDERAL KATSURA,55.90406666666667,17.200066666666665,12.5,255.0,254,0,70.0,43776.0,V7JT5,GDANSK POLAND,9293923.0,7.3
2026-09-30T11:58:11.783978+00:00,230697000,FINNECO II,60.216501666666666,25.190731666666668,0.0,178.0,141,5,71.0,84966.0,OJTP,FIKTK,9856842.0,6.5
2026-09-30T11:58:11.784548+00:00,636018535,BULK JAMAICA,39.932570000000005,-75.13276,0.0,169.3,6,5,70.0,65280.0,D5QD5,US CDE,9792450.0,12.2
2026-09-30T11:58:12.013575+00:00,209786000,VENUS HORIZON,-23.849038333333333,151.31132666666664,1.6,276.1,152,0,70.0,91086.0,5BNP3,AU GLT,9604952.0,12.5
2026-09-30T11:58:12.013895+00:00,215417000,MICHEL A,39.400416666666665,-0.2645766666666666,0.0,327.5,68,1,71.0,42393.0,9HA5102,ESVLC,9379349.0,8.4
2026-09-30T11:58:12.014888+00:00,247416300,GRANDE SVEZIA,49.47391666666667,0.18434,0.0,212.0,338,0,70.0,85272.0,IBJR,FRLEH,9992622.0,9.3
2026-09-30T11:58:12.596947+00:00,503345600,SCARBOROUGH,-33.86069333333333,151.21187999999998,0.0,360.0,178,0,,,16814,Unknown,,
2026-09-30T11:58:12.597208+00:00,636023818,CSPC GEMINI,-23.92548,-46.31355333333333,0.0,317.2,89,5,70.0,82620.0,5LPO6,SANTOS,1051939.0,7.8
2026-09-30T11:58:13.083386+00:00,636015536,ANDROS VIEW,-29.709789999999998,31.195516666666666,0.2,73.6,133,1,70.0,88760.0,D5BJ8,ZADUR,9548237.0,8.6
2026-09-30T11:58:13.336647+00:00,257527000,SAGA IKEBANA,55.10463666666667,14.118626666666668,11.9,217.1,212,0,70.0,59222.0,LAJK8,KARLSHAMN,9186209.0,9.0
2026-09-30T11:58:13.337466+00:00,538006052,PANAFRICAN,51.90802,2.8019866666666666,11.1,41.5,41,0,70.0,74745.0,V7JH6,UST LUGA,9350343.0,7.1
2026-09-30T11:58:13.733662+00:00,368319560,HARBOR2,47.63236666666667,-122.379645,0.0,0.0,511,15,,,Unknown,Unknown,,
2026-09-30T11:58:14.160056+00:00,636015701,CHRYSANTHI S,59.820951666666666,25.934391666666667,0.2,323.0,30,1,70.0,74745.0,D5CH5,RU VYS,9527441.0,6.6
2026-09-30T11:58:14.160338+00:00,244810768,SHAULA,52.18635833333334,4.632755,0.0,360.0,511,0,,,PC6474,ROELOFARENDSVEEN,,1.0
2026-09-30T11:58:14.160484+00:00,477019500,JNS RIVER,36.008403333333334,-5.447468333333333,9.6,246.0,246,0,70.0,51552.0,VRWI4,EGEDK,1045227.0,10.5
2026-09-30T11:58:14.161573+00:00,413146000,XIN CHANG SHA,49.06848333333333,-4.905828333333333,11.0,58.5,60,0,71.0,90892.0,BPBS,ESALG,9312559.0,12.2
2026-09-30T11:58:14.879126+00:00,710033550,CMA CGM VERACRUZ,-3.0546783333333334,-59.74765333333333,17.7,91.0,91,0,72.0,74419.0,PU7643,BRMAO >BRMCP,9418377.0,9.7
2026-09-30T11:58:14.880482+00:00,417222410,CEYLON PRINCESS,-1.9900716666666667,105.01233,9.9,353.6,356,0,70.0,61132.0,4REB,TANJUNG KAMPEH,9734575.0,6.9
2026-09-30T11:58:15.505676+00:00,311001645,UNITY TRITON,35.78984666666667,-7.270498333333333,1.1,172.0,190,0,70.0,65280.0,C6IE2,US PME,9764104.0,11.6
2026-09-30T11:58:15.506025+00:00,563106200,ARAUCARIA,55.620178333333335,10.800751666666667,12.5,339.2,340,0,79.0,51840.0,9V6732,PL GDN,9882994.0,6.0
2026-09-30T11:58:15.506181+00:00,203999428,WIENTANK 2,48.219370000000005,16.415398333333332,0.0,339.3,511,0,,,OED3013,Unknown,,1.0
2026-09-30T11:58:15.506762+00:00,230072700,Unknown,60.11072166666667,19.920081666666665,0.0,294.7,511,5,,,Unknown,Unknown,,
2026-09-30T11:58:15.974512+00:00,352001920,SILVER SKY,34.43593333333333,-7.3327333333333335,15.3,33.0,32,0,70.0,56217.0,3E3734,SG SIN >> MA CAS,9448140.0,9.0
2026-09-30T11:58:15.976310+00:00,245419000,Unknown,51.767156666666665,4.178398333333333,0.0,98.0,511,0,,,Unknown,Unknown,,
2026-09-30T11:58:17.331021+00:00,247098900,GRANDE AMBURGO,27.962906666666665,-13.736438333333332,15.9,25.3,24,0,79.0,69849.0,IBMW,BRRIO,9246607.0,8.4
2026-09-30T11:58:17.331665+00:00,249418000,S.SELIM,49.17247333333333,-123.90191833333333,0.0,56.6,352,1,70.0,65280.0,9HA6254,VANCOUVER BC,9774329.0,11.6
2026-09-30T11:58:17.332042+00:00,255804850,BG ORANGE,50.50053833333333,-0.4776433333333333,15.3,116.4,124,0,71.0,45696.0,CRYD,IEDUB,9964637.0,6.9
2026-09-30T11:58:17.332229+00:00,538008100,DIAMANTI,36.717729999999996,34.63068666666666,0.1,20.5,135,1,70.0,74745.0,V7FL9,TR MER,9494096.0,13.7
2026-09-30T11:58:17.332449+00:00,267010038,BD KRUPINA,47.97570833333334,17.395785,5.7,311.6,511,15,,,OMRA,BRATISLAVA,,
2026-09-30T11:58:17.702398+00:00,563095700,GREEN OCEAN,35.913783333333335,-5.611000000000001,9.1,80.8,75,0,70.0,46233.0,9V6354,ITCAG,9865960.0,9.3
2026-09-30T11:58:17.703327+00:00,248189000,DELPHINE,51.34345666666666,3.2196516666666666,0.0,356.6,257,5,70.0,83538.0,9HA4553,ZEEBRUGGE BERTH#612,9789245.0,6.8
2026-09-30T11:58:17.703990+00:00,636024430,MEDI CABOTO,40.686796666666666,-74.13772666666667,0.0,199.9,215,5,70.0,51580.0,5LSO4,"NEWARK,USA",9806770.0,8.5
2026-09-30T11:58:18.492393+00:00,228480800,DURANDE,51.389135,4.167683333333334,12.6,224.0,225,0,71.0,44582.0,FNYS,FRLEH,1025540.0,10.0
2026-09-30T11:58:18.492569+00:00,636025604,SEA LIONS,41.64766833333333,41.6518,0.1,248.2,259,5,70.0,47577.0,5LYG5,GEBUS,9370147.0,10.3
2026-09-30T11:58:18.493395+00:00,636019033,MEDI ATLANTICO,-23.933755,-46.31189833333334,8.5,340.1,322,0,70.0,65280.0,D5SQ3,SANTOS,9774446.0,12.9
2026-09-30T11:58:18.493972+00:00,477622500,OCEAN LUCKY,36.879585,-76.32642333333334,0.0,217.6,275,5,70.0,89148.0,VRFK8,US ORF,9514896.0,9.2
2026-09-30T11:58:19.710616+00:00,255805360,NORDIC LUEBECK,53.518800000000006,9.943316666666668,0.0,282.0,282,5,70.0,51552.0,CQLU,DE HAM,9607459.0,10.3
2026-09-30T11:58:20.183385+00:00,636021631,NORMA,27.075283333333335,122.35793333333332,10.0,219.0,216,0,79.0,58060.0,5LEX5,KRPUS,9490739.0,13.0
2026-09-30T11:58:20.534296+00:00,538005605,XIN HAI TONG 809,51.363215,2.568745,5.7,89.0,90,0,70.0,73440.0,V7FJ8,NL VLI,9669342.0,7.5
2026-09-30T11:58:20.534504+00:00,255915663,PANDA 004,51.25230166666667,4.355115,0.0,340.5,57,5,70.0,44064.0,CQ2121,BE ANR,9968906.0,7.2
2026-09-30T11:58:20.535340+00:00,244870311,YACHT EXPRESS,41.99796833333333,10.393991666666667,10.2,309.2,309,0,70.0,68217.0,PCEX,IT GOA,9346029.0,6.4
2026-09-30T11:58:20.536229+00:00,636024484,SANTA MARTA EXPRESS,10.306635,-75.55945833333334,0.0,268.0,345,1,79.0,64260.0,5LSV4,COCTG,9446104.0,7.3
2026-09-30T11:58:20.927057+00:00,368431790,OCEAN WARRIOR,33.735121666666664,-118.271045,0.0,4.1,511,0,,,WDQ5120,Unknown,,
2026-09-30T11:58:21.227272+00:00,357777000,BUENA VENTURA,49.297443333333334,-123.01346,0.0,201.6,267,5,70.0,68217.0,3EEN,CAVAN,9687215.0,9.9
2026-09-30T11:58:21.553320+00:00,268261100,AT 27,36.39841833333333,-7.8948149999999995,9.6,283.0,279,0,70.0,40800.0,T7DP7,LIMASSOL,9136539.0,10.1
2026-09-30T11:58:21.553585+00:00,311003100,M/V RCC EUROPE,38.795905,-74.923055,9.1,258.8,255,0,70.0,65280.0,C6WY7,PACTB,9391593.0,8.3
2026-09-30T11:58:21.553690+00:00,563016700,ASIAN PROMINENCE,-23.851868333333336,151.31225166666667,0.0,140.3,81,5,70.0,65280.0,9V3660,AU GLT,9725017.0,6.9
2026-09-30T11:58:21.554127+00:00,244670292,GULF MAR,52.95405,4.78039,0.0,360.0,511,0,,,PI3604,DEN HELDER,,2.0
2026-09-30T11:58:21.554682+00:00,657200700,Unknown,4.6814583333333335,7.158205,6.7,4.9,7,0,,,Unknown,Unknown,,
2026-09-30T11:58:21.690354+00:00,538011907,ACHILLES,48.97932,-123.78502666666667,0.0,197.6,324,1,70.0,61132.0,V7A3644,CAVAN,1049168.0,8.7
2026-09-30T11:58:21.690818+00:00,577731000,MAC HOPE,25.308543333333333,120.83623333333334,11.1,30.2,30,0,70.0,58060.0,YJRX6,CHINA,9316191.0,11.6
2026-09-30T11:58:21.690971+00:00,636020538,CORNELIA M,-24.197628333333334,-46.211885,0.4,48.4,104,1,70.0,73440.0,D5ZQ8,SG SIN,9490117.0,11.9
2026-09-30T11:58:21.691195+00:00,200333333,GATEHOUSE MARITIME,57.08470333333333,9.957951666666666,0.0,360.0,511,1,,55476.0,Unknown,HJEM TIL AALLEREN,,3.5
2026-09-30T11:58:21.691483+00:00,219543000,LAURA MAERSK,57.714483333333334,9.947783333333332,10.8,60.1,64,0,71.0,52838.0,OZGV2,GOTHENBURG,9944546.0,7.5
2026-09-30T11:58:22.288562+00:00,311002395,Unknown,32.45048333333333,29.11385,0.0,14.0,14,0,,,Unknown,Unknown,,
2026-09-30T11:58:22.492259+00:00,263231000,JOAO PINTO,36.78102,-8.36339,3.0,267.8,511,15,,,CURE5,Unknown,,
2026-09-30T11:58:22.494395+00:00,271043901,MUHAMMET GUMUSTAS 5,43.20330666666667,27.967021666666668,0.0,343.5,102,1,70.0,,TCA3204,GRSND,8516287.0,5.2
2026-09-30T11:58:22.986322+00:00,636021003,BULL,57.79448333333333,9.445173333333335,10.6,236.1,234,0,70.0,74745.0,5LBT8,TR ISK,9582489.0,14.3
2026-09-30T11:58:22.987050+00:00,366783820,MISS KATHI,27.92891,-82.42720833333333,0.0,30.3,511,15,,,WCZ8756,@@@@@@@@@@,,
2026-09-30T11:58:23.411766+00:00,563119800,LADY BELLAMELIA,-33.35616,152.08778333333333,2.8,231.1,285,3,70.0,74745.0,9V6908,AU NTL,9876919.0,7.4
2026-09-30T11:58:23.412343+00:00,314214000,AK KHAIRA,56.978545000000004,19.35296,10.6,206.5,204,0,70.0,48115.0,8PSW,TR MER,9300831.0,10.2
2026-09-30T11:58:23.757686+00:00,372158000,MARGUERITE ACE,35.469265,139.68349500000002,0.0,162.3,68,5,70.0,65280.0,3EQH,NZ WLG,9426386.0,8.8
2026-09-30T11:58:23.758694+00:00,256700000,CMA CGM MONACO,47.25842333333333,-122.38242166666667,0.0,7.4,132,5,70.0,72595.0,9HA5941,USTIW,9946075.0,9.0
2026-09-30T11:58:24.217249+00:00,538011982,JAG AMOL,53.65187,4.085056666666667,11.6,53.5,53,0,70.0,74419.0,V7A3764,COCIE,9676113.0,7.4
2026-09-30T11:58:24.217644+00:00,249204000,ERMIS,51.95740166666667,3.5819133333333335,6.6,70.3,67,0,70.0,77081.0,9HA6164,NL RTM,9723643.0,13.8
2026-09-30T11:58:24.217906+00:00,710507000,Unknown,-1.421635,-48.52189666666666,0.0,161.6,180,1,,,Unknown,Unknown,,
2026-09-30T11:58:24.218499+00:00,235053188,HURRICANE CLIPPER,51.510173333333334,-0.11290833333333333,7.9,259.5,511,0,,,VSSF6,@@@@@@@@C4L&PIT20P@3,,7.0
2026-09-30T11:58:25.008111+00:00,636025286,LITTLE SYMPHONY,10.404776666666667,-75.53298833333334,0.0,49.0,211,5,71.0,47884.0,5LWR6,COBAQ,9944730.0,9.4
2026-09-30T11:58:25.855640+00:00,367691290,FV MISS LEXY,27.928855,-82.42745833333333,0.0,360.0,511,15,,,WDI3727,Unknown,,
2026-09-30T11:58:25.856546+00:00,414283000,JINNING17,-2.048328333333333,104.99987333333334,0.1,0.0,73,1,70.0,73440.0,BPDT8,IDPLM,9189108.0,7.0
2026-09-30T11:58:27.253910+00:00,211833390,NILS HOLGERSSON,54.358115,12.096726666666665,16.1,203.0,200,0,70.0,72409.0,DKLZ2,DE RSK,9865685.0,6.6
2026-09-30T11:58:27.254103+00:00,563235500,AOM ELENA,54.07876,7.743354999999999,0.0,182.4,237,1,70.0,74745.0,9V9516,DEHAM,9970246.0,14.9
2026-09-30T11:58:27.255231+00:00,636025801,MUZAFFER ESENER,55.205506666666665,14.265546666666667,9.0,219.5,216,0,70.0,40560.0,5LZF4,ESGIJ,9381861.0,8.2
2026-09-30T11:58:28.115311+00:00,244660723,ARDITO,51.41492166666667,6.739911666666667,7.2,330.4,329,0,79.0,41289.0,PC5459,HAFEN KARLSRUHE,,3.6
2026-09-30T11:58:28.116392+00:00,477552500,JIN WEN FENG,-33.29671333333333,152.04984666666667,10.1,14.0,14,0,70.0,91086.0,VRKZ4,NEWCASTLE,9532666.0,7.6
2026-09-30T11:58:28.116848+00:00,266248000,THULELAND,51.89109166666666,3.0817216666666667,16.6,83.3,82,0,79.0,47424.0,SKEI,GBHRW><NLRTM,9343261.0,6.5
2026-09-30T11:58:28.117299+00:00,244690405,BRANDARIS,51.90412166666667,4.466095,0.0,360.0,511,0,,,PH4385,ROTTERDAM/STAD,,
2026-09-30T11:58:28.503294+00:00,244850128,Unknown,51.458663333333334,6.1740949999999994,1.5,131.4,511,3,,,Unknown,Unknown,,
2026-09-30T11:58:28.503923+00:00,477195900,OCEAN INNOVATION,-33.33314666666667,-60.16863333333333,0.0,29.9,337,1,70.0,51840.0,VRMA9,ARNEC,9659892.0,10.0
2026-09-30T11:58:28.504512+00:00,368369970,Unknown,48.755721666666666,-122.50334500000001,0.0,360.0,511,15,,,Unknown,Unknown,,
2026-09-30T11:58:28.505139+00:00,316045066,MV ONGIARA,43.62803333333333,-79.38890333333333,0.0,241.2,511,15,,,VC 4161,Unknown,6410374.0,
2026-09-30T11:58:28.505380+00:00,244770321,DE MAURICE,53.099835,5.824488333333333,0.0,0.0,511,15,,,PH9205,Unknown,,0.2
2026-09-30T11:58:28.770953+00:00,367347670,SEASTREAK HIGHLANDS,40.62948333333333,-74.05145666666667,31.7,346.0,346,15,,,WDE4031,Unknown,9270270.0,
2026-09-30T11:58:28.976256+00:00,431012888,IZUMI MARU,34.142518333333335,132.96812166666666,12.7,303.7,304,0,79.0,44352.0,JD4490,>JP SMJ N-8,9846213.0,6.5
2026-09-30T11:58:29.170125+00:00,224337930,Unknown,37.493388333333336,-0.8496066666666666,9.0,243.6,511,7,,,Unknown,Unknown,,
2026-09-30T11:58:29.379740+00:00,636022285,PARALOS,-29.647045,31.441869999999998,11.6,77.1,80,0,79.0,44323.0,5LIA9,ZADUR,9325099.0,5.5
2026-09-30T11:58:29.380432+00:00,636020966,BISON,54.386255,18.66627,0.0,339.2,217,5,70.0,74745.0,5LBP6,PLGDN,9622423.0,10.5
2026-09-30T11:58:29.380713+00:00,636020244,VITA FUTURE,36.176656666666666,-5.048958333333333,6.8,234.3,244,0,70.0,74745.0,D5YH8,SGSIN,9697870.0,14.5
2026-09-30T11:58:29.381056+00:00,255917328,Unknown,38.03525333333334,23.539258333333333,0.0,10.3,114,5,,,Unknown,Unknown,,
2026-09-30T11:58:29.381311+00:00,477203600,BBG ENDEAVOR,40.54956166666667,141.51140166666667,0.0,345.6,226,5,70.0,74745.0,VRLO4,US KAM,9598189.0,7.0
2026-09-30T11:58:29.548160+00:00,368177010,Unknown,35.20798,-75.70308,0.0,327.0,511,0,,,Unknown,Unknown,,
2026-09-30T11:58:29.548381+00:00,249814000,NORTH,53.531955,9.909068333333332,0.0,134.1,305,5,71.0,42182.0,9HA6394,LAYBY>DEERG,9491501.0,9.2
2026-09-30T11:58:29.549280+00:00,525018380,PUSRI INDONESIA 1,-5.606295,109.01955166666667,6.5,310.4,311,8,70.0,,JZXM,PALEMBANG,9711640.0,4.6
2026-09-30T11:58:29.549433+00:00,248660000,CMA CGM NEVA,31.92766,-80.58906666666667,9.6,278.3,276,0,71.0,59904.0,9HA4749,NZTRG-PAPCN,9745548.0,11.0
2026-09-30T11:58:29.728439+00:00,210028000,CONTSHIPS BOREALIS,59.49117833333333,24.967836666666667,0.0,360.0,132,5,71.0,44064.0,5BQN5,EEMUG VIA NOK,9866249.0,7.0
2026-09-30T11:58:29.728670+00:00,441487000,PAN AMBER,38.08699,-123.32246166666667,10.1,137.4,138,0,70.0,54432.0,D7PO,"SACRAMENTO,USA",9626003.0,9.0
2026-09-30T11:58:29.728775+00:00,636022786,DA DAN XIA,26.979401666666668,121.898765,11.5,222.9,223,0,70.0,44620.0,5LKL5,RO CND,9451290.0,7.0
2026-09-30T11:58:29.729515+00:00,414446000,Unknown,26.417343333333335,120.91433166666667,12.5,33.5,35,0,,,Unknown,Unknown,,
2026-09-30T11:58:29.729896+00:00,314001039,DSM FERRO,50.20168833333333,-0.7011616666666666,13.7,73.3,74,0,70.0,58368.0,8P2575,DK SKA,9236092.0,6.4
2026-09-30T11:58:29.877065+00:00,636020345,NEOKASTRO,22.462333333333333,113.87766666666667,0.0,8.0,334,5,71.0,92966.0,A8SE6,CNSHK,9400215.0,11.2
2026-09-30T11:58:30.036418+00:00,636024625,CS JADEN,57.500721666666664,8.827061666666667,10.7,63.3,65,0,70.0,51840.0,5LTM8,LT KLJ,9660061.0,6.6
2026-09-30T11:58:30.037172+00:00,477091300,GREAT MIND,-33.11699,152.32836333333336,4.1,192.5,108,0,70.0,75735.0,VRIU3,AU GLT>MY PKG,9629627.0,13.3
2026-09-30T11:58:30.216683+00:00,311000800,AKUNA,-19.120051666666665,147.03181333333333,10.5,162.4,158,0,79.0,44064.0,C6DW3,AU TSV,9470806.0,9.9
2026-09-30T11:58:30.217042+00:00,563196800,NICOLAUS SCHULTE,37.06964833333333,-76.09551166666667,11.8,329.7,331,0,70.0,74745.0,9V8093,NL IJM,9966312.0,13.3
2026-09-30T11:58:30.218038+00:00,477850200,FENG LI HAI,54.62518166666667,-1.1534883333333332,0.0,242.0,171,5,70.0,67320.0,VRQJ6,GBTEE,9747534.0,13.5
2026-09-30T11:58:30.397740+00:00,538006713,RICSEA,-33.59869666666667,151.68088,2.0,232.4,278,0,79.0,88760.0,V7QL4,AU NTL,9574432.0,8.0
2026-09-30T11:58:30.587925+00:00,538012107,S-BOUND,31.857246666666665,34.61236333333333,4.0,95.6,96,0,70.0,49276.0,V7A3981,ILASH,9610200.0,10.7
2026-09-30T11:58:30.588640+00:00,316278000,OCEANEX SANDERLING,44.666338333333336,-63.628546666666665,0.0,177.7,23,0,79.0,50025.0,VOLG,CAHFX,7603502.0,8.4
2026-09-30T11:58:30.588953+00:00,256617000,PANEMORFI,51.832454999999996,-8.326478333333334,0.0,207.2,322,5,70.0,65280.0,9HA5907,IERIN,9660097.0,10.5
2026-09-30T11:58:30.589218+00:00,311000416,DOLE CARIBBEAN,32.661768333333335,-117.22754333333334,10.7,173.4,172,0,70.0,54720.0,C6CA4,US SAN DIEGO,9703071.0,9.4
2026-09-30T11:58:30.758053+00:00,538011775,SHANDONG XIN SHENG,46.22340833333333,-123.96841666666666,13.2,135.0,135,0,70.0,74745.0,V7A3444,PEBGC,1026594.0,14.3
2026-09-30T11:58:30.758206+00:00,267130705,BD JESETER,47.998435,17.301573333333334,0.0,273.5,511,15,,,OMGE,BRATISLAVA,,
2026-09-30T11:58:30.758637+00:00,209543000,THETIS D,50.190000000000005,-0.6703333333333333,14.8,74.0,73,0,72.0,41932.0,5BEU5,GBGRK,9372274.0,7.7
2026-09-30T11:58:30.758932+00:00,477019800,GREAT FLOURISH,46.173465,-124.29704833333334,2.0,80.1,75,0,70.0,74745.0,VRWH7,PARANAGUA/BRAZIL,9988346.0,9.4
2026-09-30T11:58:31.073663+00:00,310823000,LIVERPOOL EXPRESS,53.55326,9.813073333333334,10.3,285.2,286,0,71.0,97113.0,ZCHC6,DEHAM,9232565.0,10.6
2026-09-30T11:58:31.073775+00:00,354998000,ATROTOS HERACLES,-23.866171666666666,151.58771833333333,0.5,7.8,97,1,70.0,74745.0,3FFQ9,CN BAO > AU GLT,9668879.0,7.1
2026-09-30T11:58:31.118583+00:00,248064000,PALATINE,51.89795166666667,4.231655,0.1,9.0,322,5,79.0,48921.0,9HA2152,NLRTM<=>GBPFT,9376701.0,6.4
2026-09-30T11:58:31.119977+00:00,636025737,VENUS STAR,38.200235,-9.705853333333332,10.2,342.2,341,0,70.0,74745.0,5LYX5,KOLABAY,9609134.0,7.0
2026-09-30T11:58:31.528513+00:00,352005142,CL SPRUCE,22.380031666666664,113.77568833333333,11.3,150.0,150,0,70.0,61132.0,3E8308,PECHY,1021374.0,13.5
2026-09-30T11:58:31.529106+00:00,636093395,KATY OLDENDORFF,55.24869833333333,12.857381666666667,8.7,110.2,109,0,79.0,74745.0,5LYM4,NL AMS,1021740.0,8.3
2026-09-30T11:58:31.529208+00:00,248164000,TRUSTEE,52.386451666666666,4.301825,13.3,187.5,511,0,79.0,99603.0,9HA6538,NLAMS,8902955.0,8.5
2026-09-30T11:58:31.529820+00:00,413547130,Unknown,26.778708333333334,121.10858166666667,9.9,204.6,205,0,,,Unknown,Unknown,,
2026-09-30T11:58:31.805172+00:00,244037416,VIGILIA II,51.83340333333333,6.184543333333334,4.0,120.8,126,0,79.0,43776.0,PC5268,SWELGERN,,1.4
2026-09-30T11:58:31.806409+00:00,563283600,KOBE HARMONY,-19.238508333333336,146.83675833333334,7.2,208.2,202,0,70.0,54460.0,9V2650,AUTSV,9926087.0,6.5
2026-09-30T11:58:32.317084+00:00,563230700,WAN HAI 376,-6.35632,110.684275,13.4,69.1,72,0,71.0,72471.0,9V7867,IDSUB,9954503.0,9.3
2026-09-30T11:58:32.317343+00:00,630001351,HONG DA XIN 708,22.32845,114.12753,0.0,312.4,73,5,70.0,52416.0,J5BN4,HONG KONG,1193127.0,9.9
2026-09-30T11:58:32.317664+00:00,538008266,FEDERAL YUKINA,45.40778833333333,-73.59134,4.5,84.8,85,0,70.0,46920.0,V7A2165,US DET,9476977.0,8.2
2026-09-30T11:58:32.537233+00:00,525123454,KT.SELAT LEGUNDI1212,-2.0413183333333333,104.97625166666667,0.3,71.4,511,15,,,YDA431,Unknown,9099949.0,
2026-09-30T11:58:32.537430+00:00,249206000,CMA CGM GREEN,51.3211,3.21445,0.0,342.4,342,5,79.0,53280.0,9HA6166,BEZEE,9810915.0,9.9
2026-09-30T11:58:32.537963+00:00,244630391,PRESENT,51.81165166666666,4.655543333333333,0.0,273.6,511,0,,,PD3635,LIER,,2.4
2026-09-30T11:58:32.886104+00:00,255806257,MSC VALA II,59.695164999999996,19.952115,10.9,312.4,312,0,74.0,48115.0,CQAR7,FIRAU,9344722.0,9.8
2026-09-30T11:58:32.886603+00:00,367276000,WASHINGTON CHAMBERS,32.8077,-117.67252833333333,12.5,80.6,85,0,,70686.0,NCHA,0,9551997.0,8.8
2026-09-30T11:58:32.886743+00:00,452239844,Unknown,57.55786666666667,11.20277,5.6,235.6,226,3,,,Unknown,Unknown,,
2026-09-30T11:58:33.157890+00:00,353381000,FLOURISH B,55.144241666666666,14.178455000000001,10.6,220.6,220,0,70.0,58368.0,3EVS9,RU LED,9237199.0,6.4
2026-09-30T11:58:33.158931+00:00,210736000,MARATHON,-34.77562666666667,18.876101666666667,11.6,281.0,279,0,70.0,74745.0,5BZE6,RIO GRANDE,1094656.0,10.4
2026-09-30T11:58:33.159086+00:00,636023442,CHAILEASE BLOSSOM,-32.23379,115.72542333333334,0.2,84.4,203,1,70.0,74745.0,5LNT2,AU KWI,9622540.0,7.0
2026-09-30T11:58:33.453203+00:00,563309900,PORT PIRIE,54.98612166666667,-1.4538533333333334,0.0,46.3,254,5,70.0,51840.0,9V9428,GBTYN,9757797.0,10.0
2026-09-30T11:58:33.454156+00:00,431012744,BUZEN,35.48345,139.84189666666668,21.6,213.3,215,0,70.0,46396.0,JD4511,JP TYO V,9854595.0,6.7
2026-09-30T11:58:33.454501+00:00,242943000,SR MALABATA,35.81680166666667,-5.749635,0.0,0.0,0,3,,,Unknown,Unknown,,
2026-09-30T11:58:33.454674+00:00,538002743,GENCO LANGUEDOC,49.19903333333333,-123.9044,0.0,257.0,344,1,70.0,58368.0,V7GD5,CA VAN,9490686.0,6.5
2026-09-30T11:58:33.625054+00:00,477826400,FAR EASTERN JUPITER,57.68763,9.334750000000001,12.3,57.6,60,0,70.0,74745.0,VRGZ6,HAMBURG,9442768.0,10.3
2026-09-30T11:58:33.626243+00:00,563322300,TOP HONOR,-29.87068833333333,31.032601666666668,0.0,309.2,136,5,70.0,61132.0,9VMP6,DURBAN,1108500.0,10.9
2026-09-30T11:58:33.801168+00:00,244710057,KOOPHANDEL,52.2056,4.406608333333334,0.0,360.0,511,15,,,PB8354,BRUINISSE,,
2026-09-30T11:58:33.801363+00:00,205717000,LA TONDA,-34.43452,-58.420761666666664,10.4,150.6,150,0,70.0,61132.0,ONIY,ARSLO,9748485.0,6.6
2026-09-30T11:58:33.801820+00:00,356680000,ZHENG RUN,57.52035,11.352233333333334,11.6,147.5,150,0,70.0,74745.0,3FFV2,BRAKE,9593816.0,12.2
2026-09-30T11:58:33.935251+00:00,477594100,LIGHT VENTURE,57.85467666666667,10.175898333333333,13.0,268.1,267,0,70.0,74745.0,VRSZ3,ROSTOCK,9868895.0,7.5
2026-09-30T11:58:33.935918+00:00,538012178,PEACE BAND,54.392048333333335,18.711176666666667,0.1,220.9,240,5,79.0,58368.0,V7A4073,PLGDN,9569956.0,13.1
2026-09-30T11:58:33.936697+00:00,370732000,GLORIOUS MAPLE,41.11875,-8.940591666666668,0.8,91.6,183,0,70.0,65280.0,3FYI3,PT LEI,9357925.0,10.7
2026-09-30T11:58:33.936945+00:00,525020401,Unknown,-6.945673333333334,110.41734166666667,0.0,360.0,511,8,,,Unknown,Unknown,,
2026-09-30T11:58:34.116431+00:00,636016436,MSC ZLATA R,10.465566666666666,-75.726175,19.3,182.0,183,0,71.0,96768.0,D5GE5,COCTG,9227314.0,12.0
2026-09-30T11:58:34.117302+00:00,636019744,OSPREY S,43.190795,27.765091666666667,0.0,0.0,38,5,70.0,48115.0,D5VY4,BGVAR,9300843.0,6.0
2026-09-30T11:58:34.566054+00:00,247046600,MARMORICA,43.55493,10.301715,0.0,43.5,511,5,,,ITGH,ITPIO-ITPTF,7717353.0,3.6
2026-09-30T11:58:34.566461+00:00,212300000,CARME,-24.085021666666666,-46.17777,0.1,140.4,165,1,70.0,51840.0,5BCK4,ESALG,9697961.0,6.5
2026-09-30T11:58:34.566656+00:00,247383600,ECO SAVONA,43.58042666666667,10.305641666666666,0.0,111.9,352,5,72.0,82538.0,IBZM,ESBCN>ITLIV,9859569.0,7.0
2026-09-30T11:58:34.567059+00:00,219559000,STENA FORWARDER,54.6286,-5.888716666666666,0.0,0.0,60,5,70.0,48384.0,OUWT2,GB BEL - GB BRK,9645396.0,5.5
2026-09-30T11:58:35.088742+00:00,636022855,MINORCA,54.720215,-1.0230133333333333,5.4,259.4,250,0,70.0,74745.0,5LKT2,GBPTL-GBTEE,9956214.0,10.0
2026-09-30T11:58:35.183100+00:00,538007475,PACIFIC WAVE,-37.493606666666665,176.14271666666667,0.0,184.1,229,1,70.0,51840.0,V7PM9,NZ TRG,9801275.0,5.8
2026-09-30T11:58:35.183338+00:00,477990800,GH FORTUNE,27.528145,122.37026999999999,10.2,216.2,216,0,70.0,73440.0,VRAV2,"LANSHAN,CN",9218856.0,13.9
2026-09-30T11:58:35.612616+00:00,352986184,ROYAL STAR,54.36951333333333,10.080461666666668,4.8,58.3,62,0,70.0,44428.0,3E3928,NLDZL,9223813.0,8.9
2026-09-30T11:58:35.612974+00:00,725001411,Unknown,-34.69611166666667,-72.27599666666667,11.0,9.9,9,0,,,Unknown,Unknown,,
2026-09-30T11:58:35.613325+00:00,367172530,Unknown,48.75412166666667,-122.50583166666667,0.0,360.0,511,15,,,Unknown,Unknown,,
2026-09-30T11:58:35.613972+00:00,209543000,THETIS D,50.19012333333333,-0.66962,15.0,75.0,73,0,72.0,41932.0,5BEU5,GBGRK,9372274.0,7.7
2026-09-30T11:58:35.614508+00:00,636025120,HONEY BADGER,2.3177283333333336,101.81884333333333,9.9,307.0,307,0,70.0,65280.0,5LVX2,INVTZ>SGSIN(PEBGB),9711315.0,6.4
2026-09-30T11:58:36.669809+00:00,376339000,PRINCESS GHAIDAA,-32.58430166666667,-60.779878333333336,0.0,250.6,322,5,70.0,47577.0,J8B6908,ARSLO,9611577.0,6.3
2026-09-30T11:58:36.670125+00:00,225996440,Unknown,42.254045,-8.72768,0.1,69.6,342,0,,,Unknown,Unknown,,
2026-09-30T11:58:36.671167+00:00,657126300,Unknown,4.695083333333333,7.167271666666666,0.0,59.4,511,0,,,Unknown,Unknown,,
2026-09-30T11:58:37.434978+00:00,316023339,THUNDER BAY,42.29434166666667,-83.08916666666667,0.1,118.2,43,0,70.0,54590.0,CFN6288,WINDSOR,9601039.0,7.1
2026-09-30T11:58:37.435791+00:00,563315700,INCE EREGLI,57.466035000000005,8.745376666666667,11.0,57.9,60,0,70.0,61132.0,9VMP3,EETLL,1044039.0,7.3
2026-09-30T11:58:38.158193+00:00,563231600,SINAR SULAWESI,-6.67183,112.61709833333333,14.1,318.0,320,0,70.0,46233.0,9V9173,SIN PEBGA,1015363.0,10.9
2026-09-30T11:58:38.158699+00:00,566780000,MAERSK IZMIR,37.803871666666666,-9.601384999999999,15.1,347.3,347,0,74.0,78427.0,9V2004,ILASH-EGALY,9348168.0,9.9
2026-09-30T11:58:38.158775+00:00,255915662,PANDA 003,36.54720333333333,-9.208196666666668,8.8,107.7,105,0,70.0,42432.0,CQ2120,ESCAD,9968891.0,7.5
2026-09-30T11:58:38.159051+00:00,244780632,Unknown,52.34241,4.852725,0.0,360.0,511,0,,,Unknown,Unknown,,
2026-09-30T11:58:38.746124+00:00,563176800,WAN HAI 356,22.27886833333333,114.10778166666667,13.1,331.8,330,0,73.0,72828.0,9V7385,TW TPE,9554078.0,11.0
2026-09-30T11:58:38.747255+00:00,215869000,SEASTAR VALIANT,35.90618666666667,-5.65957,9.8,79.2,78,0,70.0,51840.0,9HA5342,CEUTA SPAIN,9462768.0,9.6
2026-09-30T11:58:38.747522+00:00,352004792,NORSE OMISHIMA,36.17570666666666,-4.848686666666667,1.1,282.6,290,0,70.0,52704.0,3E7034,GIGIB,9990674.0,10.7
2026-09-30T11:58:39.174528+00:00,255804850,BG ORANGE,50.49978333333333,-0.47525333333333336,15.3,116.4,124,0,71.0,45696.0,CRYD,IEDUB,9964637.0,6.9
2026-09-30T11:58:39.698263+00:00,357332000,MSC REGINA,37.4381,126.59853833333334,0.0,31.6,89,5,71.0,89510.0,3FGF9,CNTXG,9202651.0,12.2
2026-09-30T11:58:39.698764+00:00,228364800,F/V LA SAMBA,45.909371666666665,-1.3741333333333332,9.3,106.1,511,15,,,FGA2162,Unknown,,
2026-09-30T11:58:39.699152+00:00,538010265,ARGENTINIAN,44.417335,8.794423333333333,0.0,253.3,281,5,70.0,45964.0,V7A5823,ITGOA,9932945.0,9.5
2026-09-30T11:58:40.223749+00:00,563122300,X-PRESS SAGARMALA,36.222300000000004,-4.6027716666666665,0.9,51.4,99,0,71.0,46233.0,9V2572,ITNAP,9862736.0,9.0
2026-09-30T11:58:40.224880+00:00,636025365,IDEE FIXE,54.87984166666667,20.04058,8.7,3.0,110,1,70.0,65280.0,5LXB9,PL GDY,9700677.0,12.8
2026-09-30T11:58:41.147511+00:00,205333090,CHRISTARO,52.14412333333333,5.020088333333334,8.8,133.2,511,11,,,OT3330,@@@@@@@@@@@@@@@@@@,,
2026-09-30T11:58:41.147739+00:00,357146000,AFRICAN PHEASANT,-35.573285000000006,118.33418166666667,11.8,103.2,101,0,70.0,61132.0,3FVQ2,SG SIN,9846330.0,13.5
2026-09-30T11:58:41.149821+00:00,354214000,ANTAKYA_M,36.26815666666666,-8.014666666666667,11.7,102.3,104,0,70.0,58368.0,3FXB3,EG PSD,9302803.0,12.2
2026-09-30T11:58:41.406901+00:00,352002305,YASSIN BEY,4.6962633333333335,7.161248333333333,0.0,21.7,102,5,79.0,44582.0,HOA7635,LIBYA,9220988.0,10.7
2026-09-30T11:58:41.407493+00:00,538012332,GLOVIS LIGHTHOUSE,48.517195,-125.11580166666666,12.4,268.7,269,0,70.0,93840.0,V7B2691,KR USN,1044340.0,8.2
2026-09-30T11:58:41.409058+00:00,563119600,OCEAN JADE,49.29423666666666,-123.23544666666666,0.0,253.8,90,1,70.0,86424.0,9V5276,CAVAN,9865922.0,8.4
2026-09-30T11:58:41.715651+00:00,244002225,MARLIJN,52.10561499999999,5.069895,0.0,21.4,511,15,,,PG3915,@@@@@@>NLRTM BRITHVN,,
2026-09-30T11:58:41.715838+00:00,636026344,VIGOR OL ACE,51.458256666666664,0.3564583333333333,0.0,149.6,148,5,70.0,55296.0,A8SH7,GB_TIL,1032036.0,9.5
2026-09-30T11:58:41.716792+00:00,368319560,HARBOR2,47.63236,-122.37963666666666,0.0,0.0,0,0,,,Unknown,Unknown,,
2026-09-30T11:58:41.717306+00:00,209761000,ONE OCEAN,26.571866666666665,121.49988333333334,11.5,227.0,225,0,79.0,74745.0,5BJW5,PORTLAND,9460904.0,6.9
2026-09-30T11:58:41.717831+00:00,563991000,APIA CHIEF,-17.600268333333336,177.41730166666667,1.5,116.0,99,0,73.0,57120.0,9V9832,SGSIN,9614529.0,9.0
2026-09-30T11:58:41.930959+00:00,259307000,HOEGH STARLIGHT,54.984966666666665,-1.4634583333333333,0.0,32.6,123,5,70.0,77520.0,LAUN8,GBNCL>NLAMS,9971276.0,9.3
2026-09-30T11:58:41.931649+00:00,244700375,RIVIERA,51.80726666666667,4.647871666666666,0.1,48.7,38,0,79.0,43776.0,PE6186,SCHWELGERN,,1.9
2026-09-30T11:58:41.932273+00:00,538006707,JAG ANJALI,46.035305,-124.431495,5.5,50.0,53,0,70.0,74745.0,V7QK4,USVAN,9723136.0,7.4
2026-09-30T11:58:42.212492+00:00,413246950,Unknown,26.84790333333333,120.42088333333332,8.8,37.0,40,0,,,Unknown,Unknown,,
2026-09-30T11:58:42.213379+00:00,710001270,MERCOSUL SANTOS,-32.97803666666667,-60.61723333333334,0.0,330.3,356,5,73.0,64566.0,PPUT,ARZAE X ARROS,9356153.0,8.6
2026-09-30T11:58:42.213525+00:00,244630391,PRESENT,51.81165166666666,4.655543333333333,0.0,279.8,511,0,,,PD3635,LIER,,2.4
2026-09-30T11:58:42.532873+00:00,636021200,EVER COMMAND,25.164726666666663,121.39185,0.0,230.1,245,0,71.0,45964.0,5LCT7,TW TPE,9903267.0,7.8
2026-09-30T11:58:42.533288+00:00,352005481,NORSE OGIJIMA,51.432035,3.5808033333333333,6.3,246.2,254,0,70.0,54460.0,3E8737,BE ANR,1035973.0,6.7
2026-09-30T11:58:42.704348+00:00,219816000,NORD COPENHAGEN,53.271013333333336,4.6047883333333335,11.5,22.0,27,0,70.0,51552.0,OUUY2,ANTWERP BELGIUM,9979486.0,10.0
2026-09-30T11:58:42.704910+00:00,244010770,TEUNIS,51.39291166666667,3.740525,0.9,150.2,511,0,79.0,45158.0,PD3211,ZELZATE,,4.0
2026-09-30T11:58:42.902973+00:00,440568000,SM MUMBAI,48.61010833333333,-126.13701999999999,12.7,103.3,101,0,71.0,89856.0,D8PH,KRPUS,9401051.0,9.0
2026-09-30T11:58:42.903887+00:00,310133000,VALENCIA EXPRESS,25.76608,-80.15494,0.0,169.4,93,5,70.0,70502.0,ZCBD4,DOCAU,9108130.0,8.2
2026-09-30T11:58:42.904153+00:00,636024137,ARTOTINA,-6.095928333333333,106.91946833333333,0.0,96.6,179,5,70.0,63648.0,5LRE4,IDSUBTM,9226425.0,9.6
2026-09-30T11:58:42.904729+00:00,311013900,KURPIE,53.454766666666664,-3.0142499999999997,0.0,19.0,244,5,70.0,52896.0,C6XM4,GB LIV,9423786.0,9.9
2026-09-30T11:58:43.138328+00:00,431101148,FUOU MARU,33.66661333333333,136.29208333333332,17.7,57.1,57,0,70.0,44841.0,JD2268,>JP WAK,9367798.0,6.7
2026-09-30T11:58:43.138542+00:00,538010512,YASA JASMINE,26.090741666666666,-80.12029333333334,0.0,334.6,269,5,70.0,51552.0,V7A6153,US PEF,9955636.0,10.2
2026-09-30T11:58:43.139511+00:00,477155900,JNS DRAGON,-20.324588333333335,-40.33233499999999,0.0,82.5,86,5,70.0,51552.0,VRWZ7,BR VIX,1092775.0,7.8
2026-09-30T11:58:43.624345+00:00,257242000,SALOME,31.133765,-81.53789166666667,0.0,133.1,132,5,70.0,91584.0,LATM8,US SSI,9515412.0,9.4
2026-09-30T11:58:43.876536+00:00,601970000,FLAME THORN,-33.90733,18.423470000000002,0.0,360.0,326,7,,,ZR 7668,CAPE TOWN,9147318.0,5.2
2026-09-30T11:58:43.877474+00:00,366302562,LCM ANGELIQUE,48.108145,-88.5462,0.0,246.0,511,0,70.0,,WRB4124,H0UGHTON MI,,2.0
2026-09-30T11:58:44.102708+00:00,257971800,Unknown,60.50910833333333,4.940911666666667,7.9,323.1,511,15,,,Unknown,Unknown,,
2026-09-30T11:58:44.675924+00:00,277574000,ACACIA SEAWAYS,51.894085000000004,2.945913333333333,16.7,87.1,84,0,71.0,55692.0,LYBX,GB FXT <-> NL VLA,9809112.0,6.4
2026-09-30T11:58:44.787745+00:00,538008213,MANTA FATMA,55.69681666666667,21.13083,0.0,139.9,233,5,70.0,51840.0,V7A2089,LTKLJ,9604809.0,6.4
2026-09-30T11:58:44.788665+00:00,636023197,BOYM,51.240561666666665,1.7894433333333335,10.6,224.6,225,0,70.0,67320.0,5LMN3,NL VLI,9990179.0,10.3
2026-09-30T11:58:44.788786+00:00,215672000,MALYOVITSA,51.14282333333333,1.7232716666666665,7.0,37.2,34,0,70.0,58368.0,9HA5238,SE GOT,9835795.0,6.8
2026-09-30T11:58:45.044979+00:00,241075000,MAGDA P,55.956355,12.698988333333334,12.2,157.9,157,0,70.0,60192.0,SVBE4,SEGOT,9476692.0,6.5
2026-09-30T11:58:45.045275+00:00,212205000,UBC SALERNO,51.89259666666667,4.306726666666666,3.7,302.3,312,0,70.0,48652.0,5BPN6,BRVDC>NLRTM,9652519.0,8.3
2026-09-30T11:58:45.045849+00:00,538006959,ERSOZ EAST,59.848115,24.997411666666668,10.8,258.4,258,0,70.0,63043.0,V7TF9,RULED,9710531.0,7.0
2026-09-30T11:58:45.046389+00:00,247417200,GRANDE ISTANBUL,1.2754383333333335,103.95808333333333,0.1,251.9,261,1,70.0,72595.0,IBEN,ESLPA > CNTAC,9992696.0,8.1
2026-09-30T11:58:45.371873+00:00,249152000,MURGASH,34.61492333333333,33.309235,10.7,237.0,238,0,70.0,41731.0,9HA6131,GR PVK,9996965.0,9.9
2026-09-30T11:58:45.372638+00:00,440041790,NEW MARS,37.45088166666667,126.59418000000001,0.0,343.7,511,6,,,SSD,@@@@@@@@@@@@@@@@@@,,1.0
2026-09-30T11:58:45.646185+00:00,710004636,LOGIN ENDURANCE,-3.16088,-59.991125000000004,0.0,107.8,324,0,71.0,69523.0,PU6073,BR - MANAUS,9571296.0,11.0
2026-09-30T11:58:45.956160+00:00,657132900,Unknown,4.688631666666667,7.158078333333333,0.0,219.0,184,0,,,Unknown,Unknown,,
2026-09-30T11:58:45.956543+00:00,538005698,URSA MINOR,45.65991666666666,13.762198333333334,0.0,353.0,339,0,70.0,55296.0,V7GD9,ITTRS,9711767.0,7.3
2026-09-30T11:58:45.957097+00:00,244740072,THALASSA,51.89951833333334,4.489378333333334,0.0,360.0,511,5,70.0,45489.0,PI3133,ROTTERDASAQ_@,,1.5
2026-09-30T11:58:45.958328+00:00,370928000,MSC DAVAO III,-41.158953333333336,173.27115999999998,0.0,92.7,181,1,79.0,63648.0,3EBK6,NZNSN,9243241.0,8.9
2026-09-30T11:58:45.958514+00:00,538006783,FEDERAL OSHIMA,51.25754166666666,3.84035,0.0,211.1,347,5,70.0,48960.0,V7RGZ,NLTNZ,9200330.0,5.8
2026-09-30T11:58:46.183931+00:00,477254600,JW MIA,32.52303333333334,29.06436666666667,1.0,174.0,174,15,70.0,55948.0,VRYB9,LIMASSOL CYPRUS,9343534.0,12.2
2026-09-30T11:58:46.184699+00:00,229125000,TRANSATLANTIC,48.97443166666667,-123.75341333333334,0.1,65.4,213,1,70.0,74745.0,9HA3088,CA VAN,9597238.0,7.0
2026-09-30T11:58:46.185415+00:00,366783820,MISS KATHI,27.92892,-82.42716166666668,0.0,23.4,511,15,,,WCZ8756,@@@@@@@@@@,,
2026-09-30T11:58:46.911069+00:00,356068000,WIND SCYLLA,40.99015333333333,-71.23349333333334,0.0,182.8,224,5,79.0,63000.0,3FSA3,REVOLUTION OWF,9698939.0,9.4
2026-09-30T11:58:46.913021+00:00,657132800,Unknown,4.695051666666667,7.1626883333333335,0.3,337.1,89,8,,,Unknown,Unknown,,
2026-09-30T11:58:47.400472+00:00,636021246,MSC PAMIRA III,37.63368166666667,15.4008,9.0,196.9,192,0,71.0,64872.0,5LCZ6,AUGUSTA,9239903.0,11.0
2026-09-30T11:58:47.400618+00:00,657599000,Unknown,4.694401666666667,7.157841666666667,0.0,360.0,511,15,,,Unknown,Unknown,,
2026-09-30T11:58:47.401440+00:00,538013143,Unknown,1.2797766666666668,103.95000333333334,0.1,282.2,247,8,,,Unknown,Unknown,,
2026-09-30T11:58:47.763834+00:00,366479000,ENDURANCE,53.316448333333334,4.508835,11.9,200.5,197,0,79.0,91584.0,WDE9586,DEBRV,9121273.0,8.6
2026-09-30T11:58:47.765101+00:00,477521100,SIDER MONTEDIPROCIDA,51.44161333333333,0.7420483333333333,0.1,355.4,26,5,70.0,51840.0,VRTE2,GB SHS,9868443.0,9.8
2026-09-30T11:58:48.178436+00:00,631010144,Unknown,35.576299999999996,-7.159400000000001,0.1,135.0,33,0,,,Unknown,Unknown,,
2026-09-30T11:58:48.179060+00:00,356242000,MEDI CHIBA,-33.753861666666666,151.57595166666667,2.0,217.2,281,0,70.0,74745.0,3FUD5,TW TXG > AU NTL,9781970.0,7.2
2026-09-30T11:58:48.179570+00:00,538011977,AGIA IRINI,50.5147,-0.10503333333333333,10.0,253.0,253,0,70.0,51840.0,V7A3753,MXVER,9574042.0,10.5
2026-09-30T11:58:48.180239+00:00,538007443,STARDUST,-23.849153333333334,151.47858666666667,0.5,350.7,85,1,70.0,74745.0,V7NW9,AU GLT,9597757.0,7.1
2026-09-30T11:58:48.416372+00:00,636092734,GOLDEN GRAINS,53.491908333333335,6.8168283333333335,10.6,132.4,132,0,70.0,52128.0,D5LY3,NLDZL,9777723.0,6.5
2026-09-30T11:58:48.417758+00:00,525005285,TB.TRI KHARISMA 01,-1.2147416666666666,116.77460166666667,0.0,176.1,511,0,,,YDB4487,KALIORANG,9721607.0,1.8
2026-09-30T11:58:48.418581+00:00,636015430,AGAPI S,59.82471666666667,25.732158333333334,0.0,142.8,28,1,70.0,67564.0,D5AR6,TALLIN OPL,9514822.0,6.4
2026-09-30T11:58:48.701230+00:00,367677380,PACIFIC HARVESTER,48.75416833333334,-122.50589833333333,0.0,159.7,511,15,,,WDI2363,Unknown,1073741823.0,
2026-09-30T11:58:48.701686+00:00,221231740,Unknown,51.81940833333333,4.704759999999999,0.0,2.0,272,15,,,Unknown,Unknown,,
2026-09-30T11:58:48.701838+00:00,538008902,FEDERAL RUHR,46.496408333333335,-84.40708500000001,6.5,72.6,73,0,70.0,48960.0,V7GT6,CATHU-->CAMTR,9766176.0,7.9
2026-09-30T11:58:48.702256+00:00,636020454,MSC ERMINIA III,39.435089999999995,-0.3297933333333333,0.0,186.6,112,0,70.0,62413.0,A8DM9,MACAS=>ESVLC,9246346.0,8.8
2026-09-30T11:58:48.702491+00:00,244740685,MARPIE,51.80415666666667,4.634696666666667,0.0,120.9,511,0,79.0,,PF7380,@@H,,
2026-09-30T11:58:48.702616+00:00,538012841,DONA BIBI,-33.30536333333333,152.226675,3.9,173.0,116,0,79.0,74745.0,V7B3390,AU NTL,9600619.0,7.2
2026-09-30T11:58:48.941427+00:00,538012750,CS YUNFAN,37.51574166666667,24.108888333333333,11.5,204.7,203,0,70.0,73440.0,V7B3274,FOR ORDER,9283655.0,9.8
2026-09-30T11:58:48.942000+00:00,636093322,CHIQUITA HARVESTER,50.37320833333333,-0.6735583333333334,10.2,256.0,254,0,70.0,46233.0,5LSP2,CRMOB,9976226.0,8.1
2026-09-30T11:58:48.942369+00:00,636026299,MSC DONATA,-33.89890833333333,151.82356666666666,2.2,179.3,280,0,70.0,88819.0,A8QY9,SYDNEY PORT BOTANY,9237151.0,11.1
2026-09-30T11:58:48.942725+00:00,367691290,FV MISS LEXY,27.928853333333333,-82.427445,0.0,360.0,511,15,,,WDI3727,Unknown,,
2026-09-30T11:58:48.942932+00:00,477015800,EB GRAND,50.34115333333333,0.13960833333333333,13.4,74.5,76,0,70.0,51552.0,VRWF6,BEANR,9989340.0,8.3
2026-09-30T11:58:48.943033+00:00,368350450,YELLOWEDGE,29.666151666666668,-94.93416666666667,25.7,9.1,511,15,,,WDP4006,Unknown,,
2026-09-30T11:58:49.320847+00:00,259318000,NOCC ADRIATIC,47.26095,-122.38257166666668,0.0,310.0,313,5,70.0,72595.0,LAYN8,USTIW,1041843.0,9.8
2026-09-30T11:58:49.321302+00:00,636024910,MARMARIS M,36.992131666666666,-9.433068333333333,10.4,341.5,346,0,70.0,51840.0,5LUW6,GIGIB,9450791.0,10.3
2026-09-30T11:58:49.322481+00:00,310826000,GLASGOW EXPRESS,35.904495,-5.537183333333333,9.5,344.9,354,0,70.0,97113.0,ZCHC8,MAPTM,9232589.0,10.5
2026-09-30T11:58:49.481275+00:00,368922000,CAPE DUCATO,32.84994833333334,-79.93852,0.0,0.0,55,5,79.0,63342.0,WMHF,USCHS,7208297.0,6.5
2026-09-30T11:58:49.482645+00:00,636013699,YM ETERNITY,33.75148333333333,-118.27356166666667,0.0,54.3,330,5,71.0,92966.0,A8OS6,CN NGB>US LAX,9353292.0,11.1
2026-09-30T11:58:49.710670+00:00,352003813,SW NORTH WIND I,49.28765,-123.21326666666667,0.0,210.0,107,1,79.0,58368.0,3E5889,CAVAN,9514004.0,6.4
2026-09-30T11:58:49.933708+00:00,368926266,US GOV VESSEL,32.71021666666667,-117.55937999999999,5.0,84.1,511,0,,,Unknown,Unknown,,
2026-09-30T11:58:49.934167+00:00,538005278,NUNAVIK,54.97044,10.959308333333333,11.3,223.2,224,0,70.0,48729.0,V7CK9,FIPOR,9673850.0,11.0
2026-09-30T11:58:49.934600+00:00,538009298,NORDIC OASIS,52.04896,3.28813,13.5,269.3,273,0,79.0,73440.0,V7A4560,NLRTM > USCEN,9727120.0,7.3
2026-09-30T11:58:49.935179+00:00,636023501,REGINA S,55.75972,16.108965,10.8,256.2,255,0,70.0,51840.0,5LOA3,BR VDC,9767041.0,10.5
2026-09-30T11:58:50.141102+00:00,211584590,SB CALBE,51.90212333333333,11.788806666666666,0.0,0.0,511,15,,,DA4806,BERNBURG,,
2026-09-30T11:58:50.142241+00:00,538009299,NORDIC OLYMPIC,51.86869166666667,3.45538,0.2,172.0,48,1,70.0,73440.0,V7A4561,CAMNI,9727118.0,8.5
2026-09-30T11:58:50.429231+00:00,220198000,OLGA MAERSK,39.68935833333333,-75.518245,14.5,196.2,196,0,71.0,80110.0,OXBB2,NZ TRG > PANA CANAL,9251614.0,11.2
2026-09-30T11:58:50.645991+00:00,338145000,ARC DEFENDER,53.56704166666667,8.562335,0.0,6.1,15,0,70.0,65280.0,WDM6793,USBAL>DEBRV,9375264.0,9.5
2026-09-30T11:58:50.646290+00:00,413700260,JIN HAI PING,39.76415166666666,140.04075833333334,0.0,15.2,287,5,70.0,58368.0,BPAI7,AKITA,9591040.0,7.2
2026-09-30T11:58:51.271507+00:00,538005698,URSA MINOR,45.6599,13.762191666666666,0.0,352.8,339,0,70.0,55296.0,V7GD9,ITTRS,9711767.0,7.3
2026-09-30T11:58:51.611937+00:00,247290000,GRAN BRETAGNA,45.564843333333336,13.739091666666667,0.0,0.0,88,5,79.0,56524.0,IBFB,TRGEM=>SIKOP,9143702.0,8.5
2026-09-30T11:58:51.612141+00:00,565110000,KOTA SALAM,22.266291666666667,114.10235333333334,0.8,340.4,240,0,70.0,86047.0,9V2123,SGSIN,9645475.0,7.3
2026-09-30T11:58:51.612499+00:00,373283000,C.S.PRINCESS,48.47249333333333,-126.01731666666666,4.8,88.7,85,0,70.0,56217.0,3EYW3,KR TJI,9515199.0,8.0
2026-09-30T11:58:52.065009+00:00,538009015,ARIADNE,54.137503333333335,7.607131666666667,13.2,115.2,116,0,70.0,58368.0,V7A4200,HAMBURG,9492907.0,6.5
2026-09-30T11:58:52.065685+00:00,338481291,Unknown,48.75664833333334,-122.50658833333334,0.0,360.0,511,15,,,Unknown,Unknown,,
2026-09-30T11:58:52.209420+00:00,636093090,DIANE OLDENDORFF,-2.033768333333333,105.011565,8.6,5.4,4,0,70.0,91086.0,5LFA3,SG SIN PEBGC,9860362.0,15.0
2026-09-30T11:58:52.211039+00:00,636018365,NESTOR I,54.786705,-5.56353,2.8,225.5,224,0,79.0,48384.0,D5PJ6,CO CTG,9599016.0,10.2
2026-09-30T11:58:52.211951+00:00,367005070,CHIEF SEATTLE,47.60361833333333,-122.33942666666667,0.0,154.2,270,5,,,Unknown,Unknown,,
2026-09-30T11:58:52.379841+00:00,211162610,PRINCESS,53.5408,9.9375,8.0,93.2,511,0,,,DF4518,@@@@@@@@@C?ZO>4_?;Q<,,
2026-09-30T11:58:52.379995+00:00,538012071,ESTRELLA,-33.845398333333335,18.205316666666665,0.9,96.9,86,0,70.0,61132.0,V7A3926,ZA CPT,9767766.0,6.6
2026-09-30T11:58:52.380500+00:00,636022810,LODESTAR DE MAR,53.76649999999999,4.944411666666666,13.3,20.0,21,0,79.0,44064.0,5LKO5,ESCAS,9449792.0,10.2
2026-09-30T11:58:52.534424+00:00,636023143,ANDREI TITOV,38.393045,-9.97664,14.7,158.6,172,0,70.0,45696.0,5LME5,RULED,9744661.0,7.2
2026-09-30T11:58:52.741290+00:00,477023200,NING YUE HAI,53.47676666666667,-3.0738333333333334,3.5,137.6,139,0,70.0,63043.0,VRQL5,LIVERPOOL,9751339.0,12.2
2026-09-30T11:58:52.741726+00:00,636026206,Unknown,1.2478683333333334,103.92789666666665,0.0,279.1,251,1,,,Unknown,Unknown,,
2026-09-30T11:58:53.215056+00:00,17620,SCOMBA,36.49705666666667,-6.180501666666667,0.0,0.0,511,3,,,Unknown,CADIZ,,7.5
2026-09-30T11:58:53.215448+00:00,248105000,PIERRE A,45.255968333333335,12.57301,11.8,55.9,56,0,73.0,69849.0,9HA6515,SIKOP,9308182.0,10.2
2026-09-30T11:58:53.217297+00:00,255916484,POLSTEAM KOPROWO,49.35966,0.9902183333333333,0.0,29.2,223,5,70.0,48960.0,CQ2753,FRURO,9971862.0,6.9
2026-09-30T11:58:53.217738+00:00,525106007,ANDHIKA AKYELA,-6.432558333333334,110.72579833333333,0.0,224.5,104,5,70.0,73440.0,YDLB4,MPN_ID,9402940.0,7.7
2026-09-30T11:58:53.218489+00:00,636018191,MSC PORTO III,45.57047333333333,13.6694,11.7,297.0,299,0,73.0,63648.0,A8IY9,SIKOP,9299020.0,8.2
2026-09-30T11:58:53.828828+00:00,368496570,Unknown,30.059019999999997,-93.36941166666666,0.1,62.6,91,5,,,Unknown,Unknown,,
2026-09-30T11:58:53.829823+00:00,211516370,HAFENMUSIK,53.22627,7.45172,0.0,111.8,511,13,,,DA7318,8,,
2026-09-30T11:58:54.091363+00:00,249600000,PAULINE,51.51875333333333,2.786398333333333,14.9,126.9,125,0,79.0,64188.0,9HA4307,BEZEE<>GBPFT,9324473.0,7.3
2026-09-30T11:58:54.202750+00:00,271046628,HACI ALI SARI,55.460074999999996,5.95691,9.5,207.7,209,0,70.0,62016.0,TCA5392,TRTGT,9226748.0,12.6
2026-09-30T11:58:54.412277+00:00,245897000,PLYCA,59.756585,23.032118333333337,15.7,140.4,140,0,71.0,54366.0,PBNN,DELBC,9345398.0,7.0
2026-09-30T11:58:54.592428+00:00,255806030,HELENA G,40.842925,14.266173333333334,0.0,334.0,358,5,70.0,45849.0,CQIP5,IT NAP,9358383.0,10.7
2026-09-30T11:58:54.686319+00:00,565402000,MATSON MAUI,33.69871333333334,-118.46933333333332,10.0,298.5,298,0,70.0,90201.0,9VBR6,USLGB,9340764.0,10.7
2026-09-30T11:58:54.716436+00:00,636021011,MSC RINI III,-34.47353333333333,151.11067,1.2,225.3,294,0,70.0,64260.0,5LBU8,AUSYD,9419644.0,7.9
2026-09-30T11:58:54.753008+00:00,477083800,MAERSK CHAMBAL,-22.889938333333337,-43.15698666666666,10.7,129.6,136,0,71.0,93972.0,VRJT5,COCTG>BRSSZ,9525376.0,11.6
2026-09-30T11:58:54.831779+00:00,477625700,JIUYANG FORTUNE,26.877543333333332,121.15559,14.1,207.9,208,0,70.0,55296.0,VRTN8,ITRAN,9088237.0,8.8
2026-09-30T11:58:54.898697+00:00,354540000,MSC SHANNON III,56.750350000000005,18.193816666666667,11.6,231.0,231,0,71.0,77356.0,HPRY,ANTWERP,8913423.0,10.4
2026-09-30T11:58:54.951464+00:00,636015094,TINA S,45.78355666666666,13.555896666666666,0.0,209.7,148,5,70.0,51840.0,A8YO6,IT>MNF,9498432.0,9.7
2026-09-30T11:58:54.952059+00:00,538010586,LIU JIANG KOU,45.659455,13.636788333333334,14.8,18.7,15,0,70.0,72595.0,V7A6257,SGSIN PEBGB,9991795.0,8.0
2026-09-30T11:58:55.065070+00:00,369357000,JANET MARIE,37.78774333333333,-122.55012,18.3,70.3,68,0,79.0,84609.0,WDK4357,USHON,9837107.0,10.8
2026-09-30T11:58:55.073727+00:00,563239300,ADMIRAL QUEEN,39.42861333333334,-27.450285,12.0,266.2,272,0,70.0,74745.0,9V9378,NEW ORLEANS,9970258.0,13.6
2026-09-30T11:58:55.133957+00:00,311000101,RCC ANTWERP,-29.755525,31.380623333333332,8.6,214.6,214,0,79.0,65280.0,C6AO2,ZA DUR,9441623.0,9.9
2026-09-30T11:58:55.570320+00:00,440414000,GLOVIS DESIRE,-32.880116666666666,151.75013333333334,0.0,44.5,124,5,70.0,74745.0,D7EO,AUNTL,9710608.0,7.7
2026-09-30T11:58:55.570484+00:00,636024708,BH PROGRESS,25.06224,122.19854166666667,12.2,310.3,313,0,70.0,74745.0,5LTX8,AU GLT,102579600.0,7.3
2026-09-30T11:58:56.141670+00:00,563230700,WAN HAI 376,-6.35568,110.68604333333333,13.4,69.2,72,0,71.0,72471.0,9V7867,IDSUB,9954503.0,9.3
2026-09-30T11:58:56.225602+00:00,440076920,TWIN STAR,37.44969833333334,126.59431500000001,0.0,268.8,79,0,,,101TWST,@@@@@@@@@@@@@@@@@C,,
2026-09-30T11:58:56.441601+00:00,316036478,YDT SOOKE,48.43976833333333,-123.44747666666667,0.0,0.0,114,15,,,8675309,Unknown,1073741823.0,
2026-09-30T11:58:56.564782+00:00,538010586,LIU JIANG KOU,45.659461666666665,13.63679,14.7,19.0,15,0,70.0,72595.0,V7A6257,SGSIN PEBGB,9991795.0,8.0
2026-09-30T11:58:56.700542+00:00,525901914,LESTARI YANINDO 57,-6.819464999999999,112.30576333333333,8.5,343.2,511,0,,,YDFV4,Unknown,1147312.0,
2026-09-30T11:58:56.939547+00:00,373938000,AG VALOR,-23.964423333333333,-46.30124333333333,0.0,41.6,322,5,70.0,43804.0,3FKD7,BR,9312327.0,5.5
2026-09-30T11:58:57.262425+00:00,247489200,SOUTH ENABLER,54.56481833333333,11.233155,17.8,113.7,113,0,70.0,54100.0,IBND,EEPLS,1022641.0,6.3
2026-09-30T11:58:57.262679+00:00,244050206,PRIVILEGE,51.81785,4.761733333333334,8.2,305.4,309,0,79.0,43776.0,PD6559,ROTTERDAM DINTELHAVE,,1.4
2026-09-30T11:58:57.386281+00:00,538012121,MAERSK NANSHA,26.803046666666667,121.76444166666667,11.1,30.2,30,0,79.0,63954.0,V7A3997,JPNGO05,9385996.0,9.8
2026-09-30T11:58:57.512845+00:00,352006814,Unknown,-32.90477166666667,151.77076,0.0,258.0,174,5,,,Unknown,Unknown,,
2026-09-30T11:58:57.576982+00:00,636093159,AS CLAUDIA,54.543843333333335,18.505166666666664,0.0,212.0,119,5,71.0,67932.0,D5MS9,PLGDY-DEHAM,9330549.0,11.3
2026-09-30T11:58:58.261725+00:00,219816000,NORD COPENHAGEN,53.27195166666667,4.605428333333333,11.5,22.1,27,0,70.0,51552.0,OUUY2,ANTWERP BELGIUM,9979486.0,10.0
2026-09-30T11:58:58.575667+00:00,525210038,Unknown,-1.2623683333333333,116.79722333333333,0.0,132.3,511,8,,,Unknown,Unknown,,
2026-09-30T11:58:58.576019+00:00,525901717,Unknown,-1.2177833333333332,116.65844833333334,0.0,0.0,511,0,,,Unknown,Unknown,,
2026-09-30T11:58:59.063048+00:00,701006740,GUILLERMO C,-32.63351,-60.72510666666667,0.0,138.7,511,0,,,LW3468,SANTA FE,,2.1
2026-09-30T11:58:59.283408+00:00,249830000,JAMAICA,31.803686666666668,34.593775,0.1,176.0,283,1,71.0,89856.0,9HA2029,EGDAM->ILASH,9403229.0,10.8
2026-09-30T11:58:59.480651+00:00,440002170,SEVEN STAR,37.47503833333334,126.60728166666667,0.1,357.9,511,0,,,101 S S,INCHEON,32750.0,3.4
2026-09-30T11:58:59.527150+00:00,256010000,NEPTUNE KALLOS,45.56686666666667,13.744383333333333,0.0,28.0,268,5,70.0,45696.0,9HA5657,SIKOP,9442122.0,8.8
2026-09-30T11:58:59.527380+00:00,352929000,OREGON HIGHWAY,51.27062,-4.2573083333333335,8.0,65.0,69,0,70.0,61132.0,3ENO7,GB BRS,9381665.0,8.7
2026-09-30T11:58:59.824065+00:00,538010364,XIN HAI,51.02851333333333,1.4471566666666669,9.3,224.6,224,0,70.0,73440.0,V7A5943,MARMAGAO,9500950.0,14.5
2026-09-30T11:58:59.824187+00:00,636015892,AFRICAN KALMIA,51.128281666666666,1.5913816666666667,10.0,234.9,231,0,79.0,45360.0,D5DI9,ES LPA,9666431.0,8.9
2026-09-30T11:58:59.824548+00:00,215654000,TONGALA,-37.86149833333333,144.91790666666665,6.0,326.0,328,0,79.0,65280.0,9HA2776,AUFRE,9605786.0,10.3
2026-09-30T11:59:00.379806+00:00,538013125,MANTA SERIFE BACI,55.687868333333334,15.926533333333333,11.9,75.6,76,0,70.0,51840.0,V7B3769,DK SKA,9638147.0,7.1
2026-09-30T11:59:00.668042+00:00,413311240,Unknown,22.477751666666666,113.87850666666667,0.0,243.0,206,5,,,Unknown,Unknown,,
2026-09-30T11:59:02.654730+00:00,366791000,GEORGE II,33.73873833333333,-118.212835,8.7,140.9,140,0,70.0,91400.0,WFLH,LONG BEACH,7729461.0,9.8
2026-09-30T11:59:03.344879+00:00,244830430,BIGLIFT BARENTSZ,54.788305,-1.1737816666666667,0.2,66.4,112,1,79.0,69753.0,PCPC,GB TEE,9710464.0,5.5
2026-09-30T11:59:03.759257+00:00,636025826,SEACON ATLANTA,54.532468333333334,18.55495833333333,0.0,360.0,265,5,70.0,51840.0,5LZI5,PL GDY,1094228.0,7.1
2026-09-30T11:59:03.759640+00:00,249874000,SOUTH,54.93711333333333,13.703255,9.6,73.3,76,0,71.0,42182.0,9HA6417,DKAAR,9491472.0,10.0
2026-09-30T11:59:03.872318+00:00,563245100,21 SUNNY,27.906243333333336,-82.43795666666666,0.0,173.5,334,5,70.0,51840.0,9VAB2,US TPA,9615107.0,11.3
2026-09-30T11:59:03.872430+00:00,249412000,SOMERSET,51.30871166666667,3.2303,0.0,354.0,333,5,70.0,45926.0,9HA4234,BEZEE,9188221.0,5.8
2026-09-30T11:59:03.873027+00:00,636092733,HARVESTER,-1.482175,-48.744616666666666,0.0,72.9,215,1,70.0,52128.0,D5LY2,BRMGU > BRVDC,9777711.0,6.9
2026-09-30T11:59:04.294186+00:00,636018143,AAL KOBE,26.155445,120.765565,13.4,228.2,225,0,79.0,51878.0,D5OJ7,BRVDC,9498444.0,8.0
2026-09-30T11:59:04.294688+00:00,244660053,A'NOUS,52.51531666666666,6.059701666666667,0.0,286.2,511,0,70.0,,PH2041,GENEMUIDEN,,2.9
2026-09-30T11:59:04.407546+00:00,563305900,JULES POINT,-6.148556666666667,111.40921666666667,9.9,91.3,92,0,70.0,51840.0,9V6630,ARSLO,9610690.0,6.6
2026-09-30T11:59:04.439795+00:00,229983000,CARDIFF,-33.339263333333335,151.77817666666667,2.3,239.8,291,0,70.0,86424.0,9HA5648,AU NTL,9966568.0,7.9
2026-09-30T11:59:04.697434+00:00,538010328,VENTURE,54.60198333333334,11.048308333333333,11.5,269.5,266,4,70.0,61132.0,V7A5898,CN XMG,9714721.0,13.3
2026-09-30T11:59:04.697808+00:00,538007258,ELBABE,59.70453333333333,23.76184,12.3,251.9,254,0,70.0,65280.0,V7CX7,RU ULU,9725471.0,6.8
2026-09-30T11:59:04.951677+00:00,219136000,VILNIA MAERSK,53.59676666666667,8.517116666666666,0.0,298.1,141,5,71.0,73440.0,OWXJ2,DEBRV > LTKLP,9778533.0,9.3
2026-09-30T11:59:05.237056+00:00,538008683,LOUISA BOLTEN,50.381256666666665,-0.25515333333333334,10.0,239.5,241,0,70.0,48115.0,V7A2655,FRURO,9406049.0,6.4
2026-09-30T11:59:05.394427+00:00,412326904,Unknown,-18.126603333333332,178.426985,0.0,301.0,301,0,,,Unknown,Unknown,,
2026-09-30T11:59:05.712693+00:00,352005481,NORSE OGIJIMA,51.431718333333336,3.579501666666667,6.4,251.5,255,0,70.0,54460.0,3E8737,BE ANR,1035973.0,6.7
2026-09-30T11:59:06.332226+00:00,211517420,KURT,54.17337333333333,12.108291666666666,0.0,322.6,511,15,,,DGOA2,@@@@@@@,,
2026-09-30T11:59:06.625327+00:00,563106200,ARAUCARIA,55.62343833333333,10.798540000000001,12.6,339.3,341,0,79.0,51840.0,9V6732,PL GDN,9882994.0,6.0
2026-09-30T11:59:06.625838+00:00,203999428,WIENTANK 2,48.219370000000005,16.415398333333332,0.0,339.3,511,0,,,OED3013,Unknown,,1.0
2026-09-30T11:59:06.625977+00:00,258192000,HOEGH SUNRISE,41.05545,2.1956083333333334,0.5,2.9,17,0,70.0,77520.0,LAUM8,PABLB>JPYOK,9971264.0,8.5
2026-09-30T11:59:06.627318+00:00,355851000,TORO,27.277766666666665,121.76858666666666,11.1,31.5,35,0,79.0,58368.0,HOMY,PEBGC-SG SIG,9241358.0,12.1
2026-09-30T11:59:06.951211+00:00,255738000,AUTO ADVANCE,51.30909166666667,3.2252533333333333,0.0,286.9,153,5,70.0,45427.0,CQKD,BEZEE,9881299.0,7.4
2026-09-30T11:59:06.951798+00:00,636092738,ANDALUCIA,4.698291666666666,7.155948333333333,0.0,250.3,154,5,70.0,51840.0,D5MH3,AOLAD,9667576.0,10.3
2026-09-30T11:59:06.952081+00:00,267010088,PV VAH,48.115199999999994,17.140015000000002,0.0,127.3,511,15,,,OMDU,Unknown,,
2026-09-30T11:59:07.205050+00:00,245419000,Unknown,51.76719833333333,4.178453333333334,0.0,0.0,511,0,,,Unknown,Unknown,,
2026-09-30T11:59:07.206091+00:00,636024691,STAR LUTAS,35.580171666666665,140.11193666666668,0.1,16.0,169,5,70.0,61132.0,5LTV7,JP CHB OFF,9712709.0,13.1
2026-09-30T11:59:07.490477+00:00,374155000,MEDI OITA,38.05441833333334,-28.939341666666667,9.2,84.9,82,0,70.0,74745.0,3FWG4,US MOB,9836713.0,7.2
2026-09-30T11:59:07.490783+00:00,431012744,BUZEN,35.48048166666667,139.838435,21.5,228.6,230,0,70.0,46396.0,JD4511,JP TYO V,9854595.0,6.7
2026-09-30T11:59:07.491035+00:00,352002433,ROYAL PEARL,27.680473333333335,-13.859986666666666,12.7,215.7,211,0,70.0,61132.0,3E4088,TR ISK,9941972.0,10.4
2026-09-30T11:59:07.491298+00:00,255806459,MSC ANUSHA III,-32.928779999999996,152.71461333333335,8.2,25.4,27,0,73.0,79641.0,CQEQ8,AUMEL,9323041.0,10.5
2026-09-30T11:59:07.491681+00:00,636023896,CYTA,-1.46935,-48.757645000000004,0.0,106.2,223,1,70.0,56217.0,5LPY6,BR VDC,1015313.0,6.5
2026-09-30T11:59:07.491772+00:00,636021250,MSC ANDRIANA III,40.72420833333333,28.73098,12.4,267.7,272,0,71.0,68544.0,5LDA2,TRTEK,9222120.0,9.3
2026-09-30T11:59:07.749057+00:00,311000085,AFRICAN KITE,50.25155333333333,-0.5645133333333334,12.8,74.9,74,0,70.0,65280.0,C6AM2,DE BRE,9650937.0,8.5
2026-09-30T11:59:07.749191+00:00,255804850,BG ORANGE,50.498646666666666,-0.471805,15.1,117.0,124,0,71.0,45696.0,CRYD,IEDUB,9964637.0,6.9
2026-09-30T11:59:07.749337+00:00,538012993,Unknown,25.50703,120.39632666666667,11.3,186.9,187,0,,,Unknown,Unknown,,
2026-09-30T11:59:07.749741+00:00,244660144,LUCCA,51.89869833333333,4.2892166666666665,5.2,110.4,106,0,79.0,,PH4812,HENDRIKIDOAMBACHT,,
2026-09-30T11:59:07.749961+00:00,247098900,GRANDE AMBURGO,27.96694,-13.734365,15.9,23.7,24,0,79.0,69849.0,IBMW,BRRIO,9246607.0,8.4
2026-09-30T11:59:07.977768+00:00,267010038,BD KRUPINA,47.97678166666667,17.394021666666667,5.7,311.9,511,15,,,OMRA,BRATISLAVA,,
2026-09-30T11:59:08.172906+00:00,352004990,THEODORE VENIAMIS,56.23524833333333,19.20358666666667,11.4,253.6,254,0,70.0,61132.0,3E7204,LVLPX,1036032.0,10.0
2026-09-30T11:59:08.359778+00:00,355702000,SOUTHERN STAR,-32.682719999999996,-60.708981666666666,0.0,209.9,344,1,70.0,61132.0,3ELZ4,AR SLO,9344071.0,6.5
2026-09-30T11:59:08.571526+00:00,248789000,HERMINE,53.665690000000005,-0.23146833333333333,0.0,207.7,144,5,70.0,70828.0,9HA4810,NLRTM,9831177.0,6.8
2026-09-30T11:59:08.572196+00:00,525012357,MV PRILLY,-10.101326666666667,123.49821333333333,8.5,329.4,511,5,79.0,,YBDL2,KUPANG,8816364.0,6.2
2026-09-30T11:59:10.152716+00:00,210748000,KATERINA,37.56257,-0.9674966666666667,0.0,157.4,258,5,70.0,74745.0,5BZM6,ESCAR,1050765.0,13.5
2026-09-30T11:59:10.153915+00:00,538009327,NORDIC QINNGUA,54.61750333333334,6.462713333333334,11.0,115.9,117,0,70.0,88760.0,V7A4601,CAMNI,9884978.0,8.5
2026-09-30T11:59:10.154680+00:00,259194000,HOEGH MOONLIGHT,35.46042333333333,139.68822833333334,0.0,22.9,239,5,70.0,77520.0,LAUL8,YOK DE,9971252.0,8.4
2026-09-30T11:59:10.282356+00:00,311000321,HELIOS RAY,54.05356333333334,7.480665,1.9,173.8,167,0,70.0,73440.0,C6BO7,DE BRV,9690547.0,9.0
2026-09-30T11:59:10.283400+00:00,368241480,Unknown,48.75612666666667,-122.50640166666668,0.0,210.7,511,15,,,Unknown,Unknown,,
2026-09-30T11:59:10.284193+00:00,228480800,DURANDE,51.38642,4.163895,12.6,218.5,220,0,71.0,44582.0,FNYS,FRLEH,1025540.0,10.0
2026-09-30T11:59:10.284491+00:00,229859000,LUCKY EFFIE,57.27003333333334,8.097453333333332,9.6,56.7,58,0,70.0,73440.0,9HA3669,IN PRT,9288461.0,13.6
2026-09-30T11:59:10.971012+00:00,441511000,GLOVIS SONIC,51.35990666666667,4.226746666666667,15.1,143.0,140,0,70.0,75072.0,D7QT,BEANR,9798387.0,9.1
2026-09-30T11:59:10.971836+00:00,255805777,MSC JENNY II,44.450588333333336,12.246271666666667,0.0,43.0,19,0,71.0,65280.0,CQDA,ITTRS,9000742.0,9.3
2026-09-30T11:59:11.985137+00:00,538012143,OCEAN NORTH,-29.73352,31.17885,0.0,185.9,129,1,70.0,61132.0,V7A4030,ZA DUR,1082017.0,10.1
2026-09-30T11:59:11.985579+00:00,244870311,YACHT EXPRESS,41.999805,10.391076666666667,10.2,309.3,309,0,70.0,68217.0,PCEX,IT GOA,9346029.0,6.4
2026-09-30T11:59:11.986084+00:00,368431790,OCEAN WARRIOR,33.73515833333333,-118.27107333333333,0.0,4.1,511,0,,,WDQ5120,Unknown,,
2026-09-30T11:59:12.731816+00:00,538006823,TS ECHO,-37.43645166666667,176.09849,0.0,284.6,232,1,70.0,52416.0,V7RS5,JP CHB OFF,9719367.0,8.2
2026-09-30T11:59:12.732551+00:00,636019032,MEDI EGEO,40.12794333333333,-74.822825,0.0,324.8,63,5,70.0,65280.0,D5SQ2,BRISTOL USA,9699177.0,11.7
2026-09-30T11:59:12.733361+00:00,538012459,DELINA,-33.26969666666667,115.61061833333333,0.4,348.3,247,0,70.0,51840.0,V7B2882,SG SIN,9866548.0,10.2
2026-09-30T11:59:13.356957+00:00,249200000,CMA CGM RED,51.72619666666667,-8.036375,6.2,69.0,67,0,79.0,53280.0,9HA6161,FRLEH > IEORK,9690107.0,9.8
2026-09-30T11:59:13.357446+00:00,311000400,UNITY FORCE,1.2688583333333334,103.89689666666666,0.0,125.8,195,1,70.0,65280.0,C6BY4,SGSIN,9726023.0,7.0
2026-09-30T11:59:13.357545+00:00,215869000,SEASTAR VALIANT,35.906531666666666,-5.6573616666666675,9.9,79.1,78,0,70.0,51840.0,9HA5342,CEUTA SPAIN,9462768.0,9.6
2026-09-30T11:59:13.357784+00:00,244850126,Unknown,51.48655,6.166051666666666,0.0,360.0,511,3,,,Unknown,Unknown,,
2026-09-30T11:59:13.792798+00:00,538005154,CAPETAN GIORGIS,46.142963333333334,-123.35068333333334,12.4,103.6,98,0,70.0,73440.0,V7BJ9,"LONGVIEW,USA",9288423.0,6.8
2026-09-30T11:59:14.325179+00:00,244620677,AMICE,51.857018333333336,5.841726666666667,4.5,130.9,511,0,79.0,40848.0,PE7162,DINTELHAVEEN,,2.0
2026-09-30T11:59:14.326043+00:00,538012071,ESTRELLA,-33.84532,18.205396666666665,0.9,77.1,86,0,70.0,61132.0,V7A3926,ZA CPT,9767766.0,6.6
2026-09-30T11:59:14.326198+00:00,211162610,PRINCESS,53.54073166666667,9.938731666666666,7.9,95.0,95,0,,,DF4518,@@@@@@@@@C?ZO>4_?;Q<,,
2026-09-30T11:59:14.327322+00:00,268261100,AT 27,36.39899333333334,-7.898116666666667,9.7,282.9,280,0,70.0,40800.0,T7DP7,LIMASSOL,9136539.0,10.1
2026-09-30T11:59:14.799001+00:00,311003100,M/V RCC EUROPE,38.79542166666667,-74.92632,9.2,258.6,255,0,70.0,65280.0,C6WY7,PACTB,9391593.0,8.3
2026-09-30T11:59:14.800383+00:00,525110670,PERMATA BORNEO 1,-2.03856,104.99117166666666,0.1,157.2,511,15,,,YDLU4,Unknown,,
2026-09-30T11:59:15.170011+00:00,563215700,OCEAN BLISS,35.606139999999996,140.09008333333335,0.0,3.6,140,5,70.0,55296.0,9V8923,JP CHB S,9977921.0,8.1
2026-09-30T11:59:15.170469+00:00,538007274,FEDERAL SAKURA,43.28960333333334,-79.84795000000001,0.0,193.3,277,1,70.0,43776.0,V7EO6,CAHAM,9288291.0,6.3
2026-09-30T11:59:15.171342+00:00,311001626,SAGA PIONEER,46.16112666666667,-123.07428666666667,13.2,119.7,113,0,70.0,57312.0,C6IB7,US LOG,9380764.0,6.6
2026-09-30T11:59:15.171632+00:00,219543000,LAURA MAERSK,57.71605,9.95275,10.9,59.2,64,0,71.0,52838.0,OZGV2,GOTHENBURG,9944546.0,7.5
2026-09-30T11:59:15.171884+00:00,414724000,SHI DAI 10,-2.0865416666666667,104.98237833333333,0.0,313.7,89,1,70.0,73440.0,BPJC,TANJUNG KAMPEH,9591715.0,7.4
2026-09-30T11:59:16.150286+00:00,431101148,FUOU MARU,33.66817833333333,136.29496666666668,17.6,56.4,57,0,70.0,44841.0,JD2268,>JP WAK,9367798.0,6.7
2026-09-30T11:59:16.150482+00:00,636019033,MEDI ATLANTICO,-23.93203833333333,-46.31355666666666,7.4,298.6,294,0,70.0,65280.0,D5SQ3,SANTOS,9774446.0,12.9
2026-09-30T11:59:16.151463+00:00,755991013,Unknown,-32.600139999999996,-60.75383,0.0,360.0,17,0,,,Unknown,Unknown,,
2026-09-30T11:59:16.644925+00:00,263231000,JOAO PINTO,36.780995,-8.36436,2.9,264.4,511,15,,,CURE5,Unknown,,
2026-09-30T11:59:16.645108+00:00,304819000,STARNES,57.71386666666667,10.589666666666666,0.0,117.4,252,5,70.0,52896.0,V2HF7,DKSKA,9858424.0,7.2
2026-09-30T11:59:16.645775+00:00,432712000,ZEUS LEADER,34.21837,-119.89903166666666,9.5,285.5,284,0,70.0,65280.0,7JEX,US BNC,9476733.0,8.4
2026-09-30T11:59:16.646841+00:00,271052243,MED MERSIN,36.79148333333333,34.639583333333334,0.0,312.0,3,5,71.0,60211.0,TCA8035,TRMER,9135638.0,11.9
2026-09-30T11:59:16.922374+00:00,368496130,Unknown,41.72486166666667,-71.28652000000001,0.0,360.0,511,5,,,Unknown,Unknown,,
2026-09-30T11:59:16.993083+00:00,563305700,JERVIS BAY,46.119479999999996,-122.98054,0.4,174.7,282,1,70.0,51840.0,9V2874,US LOG,9610688.0,7.2
2026-09-30T11:59:17.398032+00:00,235109009,EXTERMINATOR,51.50763,-0.07990499999999999,0.0,91.0,511,0,,,2IEE9,Unknown,,1.0
2026-09-30T11:59:17.398159+00:00,636021003,BULL,57.79280333333334,9.440535,10.6,236.2,234,0,70.0,74745.0,5LBT8,TR ISK,9582489.0,14.3
2026-09-30T11:59:17.676036+00:00,367677380,PACIFIC HARVESTER,48.75417166666667,-122.50589333333333,0.0,159.0,511,0,,,WDI2363,Unknown,1073741823.0,
2026-09-30T11:59:17.944325+00:00,215776000,EKATERINA,37.65291666666667,-28.44254,11.5,272.9,271,0,70.0,41731.0,9HAH8,RU KGD,9158458.0,6.4
2026-09-30T11:59:17.945137+00:00,316004950,SAGINAW,42.9676,-82.41155499999999,0.0,42.7,34,0,70.0,40761.0,VYA2010,SAGINAW,5173876.0,5.7
2026-09-30T11:59:17.945385+00:00,413235780,Unknown,26.72916,120.32298166666666,10.3,35.5,37,0,,,Unknown,Unknown,,
2026-09-30T11:59:17.945512+00:00,538006707,JAG ANJALI,46.03591166666667,-124.43026166666667,5.5,55.0,53,0,70.0,74745.0,V7QK4,USVAN,9723136.0,7.4
2026-09-30T11:59:18.300128+00:00,538011982,JAG AMOL,53.65383666666666,4.089411666666667,11.6,53.0,52,0,70.0,74419.0,V7A3764,COCIE,9676113.0,7.4
2026-09-30T11:59:18.554243+00:00,235053188,HURRICANE CLIPPER,51.50958,-0.11593333333333335,8.2,247.0,511,0,,,VSSF6,@@@@@@@@C4L&PIT20P@3,,7.0
2026-09-30T11:59:18.554819+00:00,368702000,WARSHIP,36.951926666666665,-76.33068333333334,0.0,360.0,511,0,,,NKSG,Unknown,,
2026-09-30T11:59:18.848611+00:00,636026186,ASTROS,35.51206833333333,-7.891133333333333,13.3,253.7,256,0,70.0,65280.0,A8NA6,TR ISK,9737060.0,13.2
2026-09-30T11:59:18.849884+00:00,249671000,VESPERTINE,53.53793833333334,-3.3430216666666666,16.8,284.1,282,0,79.0,48921.0,9HA4331,IEDUB,9376713.0,6.4
2026-09-30T11:59:18.850516+00:00,256239000,MIEDWIE,43.27611666666667,-79.85190833333333,0.0,107.4,107,5,70.0,43776.0,9HA5757,CA QUE,9393448.0,8.1
2026-09-30T11:59:18.850646+00:00,247294700,EUROCARGO MALTA,39.211151666666666,9.106351666666665,0.0,51.6,148,0,71.0,53040.0,IBKU,ITCAG>ESSAG,9465514.0,6.8
2026-09-30T11:59:19.328684+00:00,563269400,EVER WAFT,35.61181333333333,139.77822666666668,0.0,13.1,326,5,74.0,52838.0,9V7809,CNSHK>>JPTYO,9950868.0,9.4
2026-09-30T11:59:19.329659+00:00,258014000,STAR LINDESNES,62.153645,17.989896666666667,11.6,160.1,160,0,70.0,66585.0,LAQJ7,SESDL,9593878.0,7.7
2026-09-30T11:59:19.808468+00:00,257073000,LIVITA,-29.881326666666666,31.045091666666668,0.8,248.6,358,0,70.0,65280.0,LACG8,ZA DUR,9801299.0,12.6
2026-09-30T11:59:19.808985+00:00,353081000,ELEGANT SW,-37.646265,176.18229833333334,0.0,353.7,350,0,70.0,47846.0,3EZS,NZ TAURANGA,9450167.0,9.4
2026-09-30T11:59:20.177529+00:00,316029000,CSL NIAGARA,43.18584,-79.198255,2.1,336.2,333,0,70.0,55080.0,VCGJ,HAMILTON,7128423.0,7.5
2026-09-30T11:59:20.177779+00:00,255806257,MSC VALA II,59.69685166666667,19.948413333333335,10.9,311.3,312,0,74.0,48115.0,CQAR7,FIRAU,9344722.0,9.8
2026-09-30T11:59:20.178483+00:00,636019033,MEDI ATLANTICO,-23.93199333333333,-46.313658333333336,7.4,297.2,294,0,70.0,65280.0,D5SQ3,SANTOS,9774446.0,12.9
2026-09-30T11:59:20.178668+00:00,630001279,HUA DONG 811,25.469949999999997,120.26379833333334,11.8,34.2,35,0,72.0,40185.0,J5BF4,MY PKG,8530350.0,9.0
2026-09-30T11:59:20.179099+00:00,244660723,ARDITO,51.41661833333333,6.738405,7.2,329.1,322,0,79.0,41289.0,PC5459,HAFEN KARLSRUHE,,3.6
2026-09-30T11:59:20.693138+00:00,229955000,CMA CGM SEATTLE,37.759879999999995,-122.69742,8.8,241.5,240,0,71.0,89856.0,9HA5642,USOAK,9290098.0,11.1
2026-09-30T11:59:21.079372+00:00,538071695,UGLY BETTY,37.864488333333334,-122.49177666666667,0.0,222.4,511,0,,,V7A5225,"SAUSALITO, CA",,1.5
2026-09-30T11:59:21.346422+00:00,316045066,MV ONGIARA,43.62803666666667,-79.38889833333333,0.0,241.2,511,15,,,VC 4161,Unknown,6410374.0,
2026-09-30T11:59:21.653231+00:00,266283000,OBERON,38.640813333333334,-74.55327833333334,1.4,354.4,10,0,70.0,77356.0,SKJF,US BAL,9377509.0,9.2
2026-09-30T11:59:21.654068+00:00,636022466,VANTAGE GEILO,50.44477,-0.3878066666666667,7.6,253.2,251,0,70.0,49276.0,5LIX9,SE GOT,9726853.0,9.1
2026-09-30T11:59:21.654985+00:00,244660144,LUCCA,51.898615,4.289595,5.3,109.5,106,0,79.0,,PH4812,HENDRIKIDOAMBACHT,,
2026-09-30T11:59:21.655289+00:00,538011305,AZUL,51.346340000000005,4.285761666666667,0.0,285.7,275,5,70.0,61132.0,V7A6933,DK SKA,9726504.0,7.2
2026-09-30T11:59:22.041209+00:00,244314912,SOCANDES,51.88990833333333,5.5078016666666665,8.2,259.6,511,0,79.0,42163.0,P19574,HAFEN SCHWELGERN,,1.8
2026-09-30T11:59:22.042617+00:00,636026321,SUB ROSA,48.40578666666667,-123.23008,6.8,236.5,240,0,70.0,74745.0,A8RG9,CAVAN,1094709.0,7.6
2026-09-30T11:59:22.042723+00:00,255806513,MSC CALISTA II,53.44250666666667,4.719309999999999,12.2,21.5,22,0,70.0,40320.0,CQEX6,NOMSS,9306067.0,8.6
2026-09-30T11:59:22.042888+00:00,352003805,SW SOUTH WIND I,27.817183333333332,-16.3302,7.5,0.0,8,0,70.0,58368.0,3E5896,GN CKY,9478626.0,9.9
2026-09-30T11:59:22.043354+00:00,538006335,MYRA,51.951119999999996,4.127138333333333,0.0,299.0,189,5,70.0,74745.0,V7LY5,NL RTM,9418456.0,12.7
2026-09-30T11:59:22.288597+00:00,352004895,KEN CITRUS,49.191315,-123.89990333333334,0.0,300.1,348,1,70.0,54460.0,3E7122,CA VAN,1024534.0,6.7
2026-09-30T11:59:22.288698+00:00,477940700,GW DELTA,46.186038333333336,-124.62415333333334,0.9,87.5,68,0,70.0,74745.0,VRVY6,AU HPT,9442483.0,7.2
2026-09-30T11:59:22.289719+00:00,636023197,BOYM,51.2392,1.7873083333333333,10.5,223.8,224,0,70.0,67320.0,5LMN3,NL VLI,9990179.0,10.3
2026-09-30T11:59:22.561474+00:00,248056000,RILA,-33.03861833333333,-60.57884166666667,0.0,7.7,332,5,70.0,55056.0,9HA4496,AR ROS,9754915.0,7.2
2026-09-30T11:59:22.561777+00:00,352004869,ROYAL GALAXY,-32.77135833333333,-60.719273333333334,1.1,41.7,2,0,70.0,44064.0,3E7098,AR SLO,9589229.0,6.3
2026-09-30T11:59:22.563336+00:00,414662000,Unknown,26.850355,121.17023999999999,8.5,209.2,209,0,,,Unknown,Unknown,,
2026-09-30T11:59:22.849144+00:00,247098900,GRANDE AMBURGO,27.967683333333333,-13.734001666666668,15.9,23.4,25,0,79.0,69849.0,IBMW,BRRIO,9246607.0,8.4
2026-09-30T11:59:22.849593+00:00,525501749,Unknown,-5.672893333333334,111.73678666666666,3.7,139.4,511,0,,,Unknown,Unknown,,
2026-09-30T11:59:22.850618+00:00,338334382,Unknown,48.993143333333336,-122.75712166666668,0.3,360.0,511,15,,,Unknown,Unknown,,
2026-09-30T11:59:23.118800+00:00,352001920,SILVER SKY,34.440216666666664,-7.329366666666667,15.3,33.0,32,0,70.0,56217.0,3E3734,SG SIN >> MA CAS,9448140.0,9.0
2026-09-30T11:59:23.568789+00:00,247296500,EUROCARGO ALEXANDRIA,39.40017,14.863869999999999,19.1,150.1,149,0,71.0,55080.0,IBLW,ITCTA,9465540.0,7.2
2026-09-30T11:59:23.920502+00:00,477091300,GREAT MIND,-33.11819833333333,152.32805000000002,4.6,192.2,105,0,70.0,75735.0,VRIU3,AU GLT>MY PKG,9629627.0,13.3
2026-09-30T11:59:23.922446+00:00,636016432,MSC ARUSHI R.,35.95633833333333,-5.693866666666667,17.1,267.0,268,0,70.0,96768.0,A8RL3,ESVLC,9244881.0,10.7
2026-09-30T11:59:24.129045+00:00,477769400,YUSHEN,25.051946666666666,120.95192999999999,11.0,215.1,214,0,70.0,44582.0,VROS5,TW_TPE,9140530.0,9.7
2026-09-30T11:59:24.129543+00:00,311000800,AKUNA,-19.122811666666667,147.03271666666666,10.4,162.7,157,0,79.0,44064.0,C6DW3,AU TSV,9470806.0,9.9
2026-09-30T11:59:24.129650+00:00,311001345,FELIXSTOWE,-26.913793333333334,-48.51988666666667,0.1,260.6,62,1,73.0,89856.0,C6GT4,BRNVT,9227039.0,10.9
2026-09-30T11:59:24.129836+00:00,355398000,SINLAU BULKER,46.15923166666666,-124.84824333333333,0.7,145.0,70,0,70.0,51840.0,H3GM,CAVAN,9749960.0,6.4
2026-09-30T11:59:24.130543+00:00,538009008,GOLDEN DAY,36.116095,-4.55627,9.3,273.6,266,0,70.0,73440.0,V7A4193,TR EMBA,9209128.0,14.0
2026-09-30T11:59:24.320680+00:00,636025269,RIYADH MUKAAB,55.252116666666666,14.331851666666667,16.6,218.3,217,0,70.0,70828.0,5LWP8,CNTAO,9399806.0,10.9
2026-09-30T11:59:24.321705+00:00,357507000,TEXAS HARMONY,35.453285,139.7712983333333,0.1,273.2,38,1,70.0,54460.0,3EHX6,US LOG,9846160.0,6.4
2026-09-30T11:59:24.473871+00:00,370020000,BELLE STELLA,-37.65470833333333,176.18184666666667,0.0,92.1,188,5,70.0,55296.0,3FFE4,NZ TRG,9897949.0,6.4
2026-09-30T11:59:24.475129+00:00,538006713,RICSEA,-33.59902666666667,151.6803733333333,1.9,234.1,279,0,79.0,88760.0,V7QL4,AU NTL,9574432.0,8.0
2026-09-30T11:59:24.475377+00:00,636093173,TIMORSUN,51.97250333333333,3.9891916666666662,0.1,356.2,79,5,70.0,74419.0,5LLE9,NL_RTM,9728174.0,12.5
2026-09-30T11:59:24.655923+00:00,538012636,GRAND PHOENIX,51.30378833333334,3.2295833333333333,0.0,38.7,153,5,70.0,61132.0,V7B3138,BE ZEE,9284764.0,8.8
2026-09-30T11:59:24.656165+00:00,352003158,YAMATAI,51.46150166666666,3.6884583333333336,0.0,246.7,58,5,70.0,59097.0,3E6034,NL VLI,9567714.0,4.6
2026-09-30T11:59:24.656723+00:00,230618000,FINNSEA,56.30928333333333,18.317436666666666,18.8,64.2,63,0,71.0,60037.0,OJOQ,HANKO,9468891.0,6.0
2026-09-30T11:59:24.656872+00:00,311000416,DOLE CARIBBEAN,32.658636666666666,-117.22707333333332,11.3,172.8,172,0,70.0,54720.0,C6CA4,US SAN DIEGO,9703071.0,9.4
2026-09-30T11:59:25.073924+00:00,477699700,DARYA CHAND,28.48741,-16.202704999999998,0.1,32.0,122,1,70.0,65280.0,VRNY9,ES SCT,9720328.0,13.0
2026-09-30T11:59:25.533956+00:00,538011775,SHANDONG XIN SHENG,46.220815,-123.96465833333333,13.2,135.1,135,0,70.0,74745.0,V7A3444,PEBGC,1026594.0,14.3
2026-09-30T11:59:25.534078+00:00,267130705,BD JESETER,47.998435,17.301573333333334,0.0,273.5,511,15,,,OMGE,BRATISLAVA,,
2026-09-30T11:59:25.535191+00:00,477019800,GREAT FLOURISH,46.1735,-124.29625666666668,1.9,90.0,76,0,70.0,74745.0,VRWH7,PARANAGUA/BRAZIL,9988346.0,9.4
2026-09-30T11:59:25.536009+00:00,538007994,SPRING SNOW,36.87991,-76.33111333333333,0.0,295.3,96,5,70.0,75735.0,V7AZ8,USORF,9473274.0,7.3
2026-09-30T11:59:25.579963+00:00,412760570,Unknown,26.868623333333336,120.76152666666667,9.1,217.4,214,0,,,Unknown,Unknown,,
2026-09-30T11:59:25.580073+00:00,310823000,LIVERPOOL EXPRESS,53.55404333333333,9.80849,10.3,286.9,287,0,71.0,97113.0,ZCHC6,DEHAM,9232565.0,10.6
2026-09-30T11:59:25.935917+00:00,630001194,PHOTON,56.42608166666666,18.95036,12.1,29.0,28,0,70.0,53222.0,J5AW3,RU LED,9230220.0,10.4
2026-09-30T11:59:25.936059+00:00,368054360,Unknown,48.758358333333334,-122.50553833333333,0.0,360.0,511,15,,,Unknown,Unknown,,
2026-09-30T11:59:25.937190+00:00,636025737,VENUS STAR,38.20298666666667,-9.706876666666666,10.2,343.0,341,0,70.0,74745.0,5LYX5,KOLABAY,9609134.0,7.0
2026-09-30T11:59:25.937558+00:00,352002534,XIN HE LU 2,55.641754999999996,15.720621666666666,12.4,76.1,75,0,71.0,87782.0,3E3891,EETLL,9139921.0,10.6
2026-09-30T11:59:26.474810+00:00,308271000,BONTRUP AMSTERDAM,52.82208666666667,3.9211549999999997,10.9,327.3,332,0,70.0,73440.0,C6JT8,NLAMS,8110681.0,12.7
2026-09-30T11:59:26.474980+00:00,255916596,LODUR,37.95758333333333,23.579366666666665,0.0,90.1,347,5,79.0,71808.0,CQ2845,GRPIR,9219381.0,11.0
2026-09-30T11:59:26.475219+00:00,413701040,JIN FU YUAN,27.16539,121.01449333333333,10.7,207.2,205,0,70.0,56832.0,BPFC8,FU ZHOU,9131204.0,12.2
2026-09-30T11:59:26.476122+00:00,636026358,Unknown,1.2216233333333333,103.894325,2.7,100.1,126,0,,,Unknown,Unknown,,
2026-09-30T11:59:27.101837+00:00,248164000,TRUSTEE,52.382736666666666,4.301031666666666,13.3,187.8,511,0,79.0,99603.0,9HA6538,NLSCE,8902955.0,8.5
2026-09-30T11:59:27.102203+00:00,577731000,MAC HOPE,25.311723333333337,120.83829833333333,11.1,30.5,31,0,70.0,58060.0,YJRX6,CHINA,9316191.0,11.6
2026-09-30T11:59:27.592946+00:00,244690934,HECTOR,51.92095,4.497978333333333,0.0,236.2,511,5,,,PE7434,Unknown,,
2026-09-30T11:59:27.593053+00:00,316001637,CSL LAURENTIEN,43.21657166666667,-79.21312166666667,0.1,357.3,344,0,70.0,55080.0,VCJW,QUEBEC CITY SEC106,7423108.0,8.1
2026-09-30T11:59:27.593570+00:00,538012121,MAERSK NANSHA,26.80439,121.76530666666666,11.1,30.4,30,0,79.0,63954.0,V7A3997,JPNGO05,9385996.0,9.8
2026-09-30T11:59:27.593816+00:00,636017944,QUEENSLAND,37.56422,-0.9760416666666667,0.0,126.7,323,5,,,D5NL8,ESCAR,9186390.0,7.7
2026-09-30T11:59:27.594383+00:00,538006470,FEDERAL CLYDE,42.458668333333335,-82.76055333333333,11.2,47.9,47,0,70.0,44880.0,V7NK4,NLVEL,9671072.0,6.6
2026-09-30T11:59:27.594524+00:00,215776000,EKATERINA,37.652945,-28.443215000000002,11.5,272.5,271,0,70.0,41731.0,9HAH8,MXVER,9158458.0,9.6
2026-09-30T11:59:27.957567+00:00,542808110,Unknown,26.41599,120.99674666666667,13.2,28.7,29,0,,,Unknown,Unknown,,
2026-09-30T11:59:27.957935+00:00,352006982,MOSHILL,34.15098166666667,133.02358333333333,0.0,160.1,185,5,70.0,54460.0,3E9688,Unknown,1127312.0,
2026-09-30T11:59:27.959427+00:00,563193600,CNC PANTHER,-6.105865,106.89097833333334,0.0,239.4,2,5,70.0,63244.0,9V7923,IDSRG,9945344.0,7.5
2026-09-30T11:59:28.680536+00:00,247319800,EUROCARGO LIVORNO,40.671283333333335,14.739713333333333,0.0,243.5,120,5,70.0,53040.0,ICMS,ITSAL>ITCTA,9471070.0,7.0
2026-09-30T11:59:29.013313+00:00,636021356,MSC GRETA III,38.459221666666664,15.90727,0.0,171.6,198,5,71.0,68870.0,D5PT8,ITGIT,9415296.0,8.3
2026-09-30T11:59:29.014647+00:00,244750257,RAPIDE STONE 1,51.24715166666667,4.332546666666667,7.6,130.0,511,0,79.0,,PE2166,Unknown,,
2026-09-30T11:59:29.294293+00:00,413146000,XIN CHANG SHA,49.070640000000004,-4.9006,11.0,57.7,60,0,71.0,90892.0,BPBS,ESALG,9312559.0,12.2
2026-09-30T11:59:29.294441+00:00,636019305,TAHO AMERICA,-23.89985666666667,151.6067,0.8,32.5,75,1,70.0,74745.0,D5TW9,AU GLT,9846055.0,7.3
2026-09-30T11:59:29.294747+00:00,247294700,EUROCARGO MALTA,39.211151666666666,9.106338333333333,0.0,51.6,148,0,71.0,53040.0,IBKU,ITCAG>ESSAG,9465514.0,6.8
2026-09-30T11:59:29.295277+00:00,538008317,JABAL ALMISHT,49.28917833333333,-123.06791666666666,0.1,357.8,182,5,70.0,61132.0,V7A2231,CA VAN,9850769.0,12.0
2026-09-30T11:59:29.553054+00:00,538012763,Unknown,48.481700000000004,-125.84439,13.8,91.2,93,0,,,Unknown,Unknown,,
2026-09-30T11:59:29.553165+00:00,538004895,STARSHIP PEGASUS,27.49413,122.35835166666668,14.7,218.4,218,0,71.0,46233.0,V7ZR3,KR PUS,9656759.0,7.7
2026-09-30T11:59:29.553335+00:00,525121072,ALPHA SAMUDRA 1,-2.1171349999999998,104.96678333333332,0.2,287.1,81,1,70.0,60192.0,YDIW3,T. KAMPEH,9504293.0,6.8
2026-09-30T11:59:29.864636+00:00,241048000,AGONISTIS,-29.640005,31.21742833333333,0.3,37.3,119,1,79.0,60211.0,SVBC3,IN NAV>>ZA DUR,9495715.0,7.1
2026-09-30T11:59:29.865261+00:00,417222410,CEYLON PRINCESS,-1.9863833333333334,105.01193333333335,10.0,353.8,356,0,70.0,61132.0,4REB,TANJUNG KAMPEH,9734575.0,6.9
2026-09-30T11:59:29.865551+00:00,366102000,LIBERTY PROMISE,39.26179833333333,-76.59221166666666,0.0,13.3,295,5,70.0,65280.0,WWMZ,USBAL,9448425.0,8.7
2026-09-30T11:59:30.188590+00:00,538011293,DORA,37.812916666666666,24.368778333333335,11.9,235.4,233,0,79.0,58368.0,V7A6917,ROAGI,9387360.0,6.3
2026-09-30T11:59:30.188846+00:00,477826400,FAR EASTERN JUPITER,57.68944833333333,9.34012,12.3,57.9,60,0,70.0,74745.0,VRGZ6,HAMBURG,9442768.0,10.3
2026-09-30T11:59:30.189433+00:00,248912000,TOSCANA,50.88485,-1.3968833333333335,0.0,252.0,337,5,70.0,67320.0,9HA4858,GBSOU,9398333.0,9.5
2026-09-30T11:59:30.189694+00:00,311001645,UNITY TRITON,35.78940166666666,-7.270241666666666,1.4,147.3,188,0,70.0,65280.0,C6IE2,US PME,9764104.0,11.6
2026-09-30T11:59:30.190147+00:00,538012914,Unknown,1.260555,103.87970333333332,0.2,230.6,153,0,,,Unknown,Unknown,,
2026-09-30T11:59:30.595654+00:00,255806191,HEINRICH EHLER,49.476,0.16766666666666669,0.0,261.0,265,5,79.0,43027.0,CQAJ5,FRMTX,9372200.0,7.7
2026-09-30T11:59:30.596217+00:00,525901418,Unknown,-1.3111566666666665,116.92314666666667,0.1,360.0,511,8,,,Unknown,Unknown,,
2026-09-30T11:59:30.597240+00:00,413228580,Unknown,26.506048333333336,120.48425999999999,10.8,33.8,34,0,,,Unknown,Unknown,,
2026-09-30T11:59:30.921775+00:00,205717000,LA TONDA,-34.437104999999995,-58.41899,10.5,149.9,150,0,70.0,61132.0,ONIY,ARSLO,9748485.0,6.6
2026-09-30T11:59:30.922116+00:00,305425000,BULKNES,55.025333333333336,9.4395,0.0,264.0,256,0,70.0,43929.0,V2EG6,DKAAB,9384370.0,10.9
2026-09-30T11:59:30.922420+00:00,369950000,US GOV VESSEL,32.68091666666667,-117.13069,0.0,360.0,511,0,,,Unknown,Unknown,,
2026-09-30T11:59:31.962650+00:00,211833390,NILS HOLGERSSON,54.353215,12.093166666666667,16.1,203.0,199,0,70.0,72409.0,DKLZ2,DE RSK,9865685.0,6.6
2026-09-30T11:59:31.963263+00:00,368926628,HOLLAND,31.98850333333333,-80.77110666666667,22.4,121.1,511,0,,,AEUD,;,,
2026-09-30T11:59:32.415902+00:00,352004564,PONTUS HIGHWAY,39.25055,-76.58063333333332,0.0,258.0,32,5,70.0,72595.0,3E6848,USBAL,9974113.0,10.0
2026-09-30T11:59:32.417188+00:00,563108700,IMOGEN,49.29402833333334,-123.22149833333333,0.0,343.8,104,1,70.0,51840.0,9V6601,CA VAC,9884370.0,6.5
2026-09-30T11:59:32.736895+00:00,636020244,VITA FUTURE,36.175486666666664,-5.051125,6.5,238.2,250,0,70.0,74745.0,D5YH8,SGSIN,9697870.0,14.5
2026-09-30T11:59:32.737030+00:00,356680000,ZHENG RUN,57.51750166666667,11.355146666666666,11.6,152.7,153,0,70.0,74745.0,3FFV2,UST LUGA RU,9593816.0,7.2
2026-09-30T11:59:32.737560+00:00,636020750,PACIFIC PIONEER,47.26729,-122.37004499999999,0.0,121.0,313,5,70.0,51840.0,5LAN5,US TIW,9902392.0,6.8
2026-09-30T11:59:32.738362+00:00,636017989,STAR SUZANNA,49.305674999999994,-123.19834166666666,0.3,225.6,221,1,70.0,74745.0,D5NR6,CAVAN,9650872.0,8.2
2026-09-30T11:59:33.004301+00:00,636022855,MINORCA,54.719971666666666,-1.0254916666666667,5.4,259.9,250,0,70.0,74745.0,5LKT2,GBPTL-GBTEE,9956214.0,10.0
2026-09-30T11:59:33.004476+00:00,636026423,TAI SUMMIT,39.79826666666667,-75.42427500000001,10.2,258.3,263,0,70.0,65280.0,A8VH5,PAULSBORO,9727144.0,11.9
2026-09-30T11:59:33.006015+00:00,525012357,MV PRILLY,-10.100644999999998,123.49780000000001,8.5,328.8,511,5,79.0,,YBDL2,KUPANG,8816364.0,6.2
2026-09-30T11:59:33.436758+00:00,525018380,PUSRI INDONESIA 1,-5.604915,109.01793833333333,6.5,310.2,311,8,70.0,,JZXM,PALEMBANG,9711640.0,4.6
2026-09-30T11:59:33.593370+00:00,538011303,MARINER K,-23.74775,151.50548333333333,0.0,209.0,111,1,70.0,74745.0,V7A6930,AU GLT,9464780.0,6.6
2026-09-30T11:59:33.594186+00:00,636025120,HONEY BADGER,2.3193783333333333,101.816705,9.9,307.4,308,0,70.0,65280.0,5LVX2,INVTZ>SGSIN(PEBGB),9711315.0,6.4
2026-09-30T11:59:33.595094+00:00,357381000,HWA LAND,56.32111333333333,17.36786,11.9,53.3,55,0,70.0,73440.0,3FHP9,ST PETERSBURG,9187722.0,7.0
2026-09-30T11:59:33.595232+00:00,572960220,TAICHUNG,26.633699999999997,122.77276666666667,15.4,55.0,58,0,74.0,49190.0,T2LJ6,HKHKG,9194505.0,9.0
2026-09-30T11:59:34.148347+00:00,657126300,Unknown,4.695058333333334,7.167353333333334,0.0,69.2,511,0,,,Unknown,Unknown,,
2026-09-30T11:59:34.148956+00:00,538006959,ERSOZ EAST,59.84762,24.99248,10.8,259.1,259,0,70.0,63043.0,V7TF9,RULED,9710531.0,7.0
2026-09-30T11:59:34.149151+00:00,236755000,DARYA SINDHU,-33.28548666666667,115.55043833333335,0.5,352.6,241,1,70.0,51840.0,ZDSU5,BD CGP,9844992.0,9.7
2026-09-30T11:59:34.149647+00:00,316023339,THUNDER BAY,42.29432,-83.08911833333333,0.1,124.5,42,0,70.0,54590.0,CFN6288,WINDSOR,9601039.0,7.1
2026-09-30T11:59:34.180376+00:00,636021440,SEABOARD PRIDE,29.74771666666667,-95.11104999999999,0.0,34.0,239,5,71.0,64260.0,5LDY2,PAMIT,9294513.0,9.2
2026-09-30T11:59:34.180708+00:00,677014400,ROYA,37.57015166666667,-0.9586716666666667,0.0,315.0,63,5,,,5IM244,ESKAR,9212773.0,8.1
2026-09-30T11:59:34.443033+00:00,563231600,SINAR SULAWESI,-6.668908333333333,112.61446166666666,14.1,317.4,319,0,70.0,46233.0,9V9173,SIN PEBGA,1015363.0,10.9
2026-09-30T11:59:34.443633+00:00,636021814,WAN HAI 178,22.313388333333332,114.07999833333334,0.0,322.7,114,1,72.0,46233.0,5LFU8,CN_SKU,9555175.0,8.3
2026-09-30T11:59:34.758159+00:00,352006552,SPRING ODYSSEY,54.53237166666667,18.55125,0.1,39.9,265,5,70.0,65280.0,3E7919,PL GDY,1060655.0,6.7
2026-09-30T11:59:34.994726+00:00,255804860,BG RED,54.35816666666666,9.782173333333333,6.3,53.1,57,0,70.0,44064.0,CQSK,DEBRV,9976965.0,7.4
2026-09-30T11:59:35.514972+00:00,563122300,X-PRESS SAGARMALA,36.22246666666667,-4.602523333333334,0.8,52.4,101,0,71.0,46233.0,9V2572,ITNAP,9862736.0,9.0
2026-09-30T11:59:35.682195+00:00,636025605,ANNA-BARBARA,-2.1272433333333334,104.96777999999999,0.1,196.6,92,1,70.0,58368.0,D5AD4,TANJUNG KEMPEH/ID,9407500.0,6.0
2026-09-30T11:59:35.682491+00:00,414289000,BEI LUN HAI SHI,26.217154999999998,121.00420000000001,13.2,35.5,40,0,70.0,73440.0,BPDY6,SHAN WEI,9207766.0,14.0
2026-09-30T11:59:35.682760+00:00,249605000,CSL THAMES,53.564411666666665,8.542745,8.3,150.5,147,0,70.0,43680.0,9HVS9,"JELSA,NORWAY",9440447.0,6.3
2026-09-30T11:59:35.683104+00:00,212954000,MIRELA,29.71824666666667,-95.24385666666667,0.1,104.4,300,5,70.0,58368.0,5BHT4,GTPRQ,9730218.0,11.0
2026-09-30T11:59:35.901494+00:00,538006052,PANAFRICAN,51.91139166666667,2.80702,11.1,43.0,41,0,70.0,74745.0,V7JH6,UST LUGA,9350343.0,7.1
2026-09-30T11:59:35.901668+00:00,367347670,SEASTREAK HIGHLANDS,40.64028166666667,-74.05485,31.5,350.0,355,15,,,WDE4031,Unknown,9270270.0,
2026-09-30T11:59:35.902232+00:00,210332000,DP WORLD LIMASSOL,53.5685,9.675833333333333,12.1,280.0,280,0,73.0,43545.0,5BWX5,LVRIX,9432232.0,7.3
2026-09-30T11:59:35.902951+00:00,368430320,Unknown,48.75666666666667,-122.505175,0.0,113.4,511,15,,,Unknown,Unknown,,
2026-09-30T11:59:36.311817+00:00,244002225,MARLIJN,52.10561499999999,5.069895,0.0,21.4,511,15,,,PG3915,@@@@@@>NLRTM BRITHVN,,
2026-09-30T11:59:36.313138+00:00,256132000,MGD JOY,51.888648333333336,4.276451666666667,0.0,3.8,342,5,79.0,40694.0,9HA3830,NLRTM,9427586.0,5.7
2026-09-30T11:59:36.617210+00:00,538006707,JAG ANJALI,46.03620166666666,-124.42969,5.5,55.0,54,0,70.0,74745.0,V7QK4,USVAN,9723136.0,7.4
2026-09-30T11:59:36.617404+00:00,354804000,BUNUN FORTUNE,51.915665,4.239346666666667,6.9,132.1,130,0,70.0,51840.0,3EIC3,NL RTM,9707833.0,10.1
2026-09-30T11:59:36.617914+00:00,352004846,STR VIGOR,35.67029166666667,139.97963166666665,0.0,37.0,351,5,70.0,44064.0,3E7079,JP FNB FS,9615145.0,5.3
2026-09-30T11:59:36.618742+00:00,316004950,SAGINAW,42.96760166666666,-82.41155499999999,0.0,42.7,34,0,70.0,40761.0,VYA2010,SAGINAW,5173876.0,5.7
2026-09-30T11:59:36.618847+00:00,247383700,ECO CATANIA,38.22159666666666,21.622284999999998,13.4,94.1,91,0,74.0,82538.0,IBZR,GRGPA>ITBRI,9859571.0,6.9
2026-09-30T11:59:37.041824+00:00,525016462,KT.BIMA 306,-6.953628333333333,110.42028499999999,0.1,210.6,511,0,,,YDA4500,Unknown,9559913.0,
2026-09-30T11:59:37.216029+00:00,636025286,LITTLE SYMPHONY,10.404779999999999,-75.53299,0.0,49.0,211,5,71.0,47884.0,5LWR6,COBAQ,9944730.0,7.8
2026-09-30T11:59:37.579608+00:00,271042433,MUSTAFA DAYI,36.70393,34.721525,0.0,179.0,179,1,71.0,49190.0,TCZF2,TRMER,9365855.0,10.7
2026-09-30T11:59:37.579770+00:00,244378328,Unknown,53.28359666666667,47.10601833333333,58.5,195.5,207,0,,,Unknown,Unknown,,
2026-09-30T11:59:37.579983+00:00,255804790,Unknown,-22.892013333333335,-43.19137,0.0,89.2,91,0,,,Unknown,Unknown,,
2026-09-30T11:59:37.874050+00:00,341698001,AL ZAHRAA,54.431655,11.991468333333334,10.9,273.0,274,0,70.0,44582.0,V4CC6,LVRIX,9255062.0,6.2
2026-09-30T11:59:37.875121+00:00,477223800,V OCEAN 802,59.88248333333333,26.116733333333332,0.0,60.0,29,1,70.0,73440.0,VRXN8,RU ULU,9256884.0,6.6
2026-09-30T11:59:38.179324+00:00,636024051,CARLA C,55.17977166666667,13.971865000000001,10.8,94.3,96,0,70.0,52128.0,5LQS9,FI INK,9718442.0,6.9
2026-09-30T11:59:38.490420+00:00,316026695,CSL WELLAND,45.05222333333334,-74.55426666666668,8.2,239.1,239,0,70.0,55324.0,CFK5151,THUNDER BAY,9665279.0,7.0
2026-09-30T11:59:38.839301+00:00,525901113,WIJAYA TRANS 36,-2.1838233333333337,104.99890833333333,4.6,277.2,511,8,,,SSD,Unknown,1107283.0,
2026-09-30T11:59:39.119643+00:00,247241800,EUROCARGO PALERMO,37.49904166666667,15.091203333333334,0.0,324.2,151,5,74.0,53040.0,IBAU,MTMLA>ITCTA,9465538.0,6.5
2026-09-30T11:59:39.121130+00:00,565380000,MAX SCHULTE,26.088966666666668,-80.04646333333334,10.2,282.9,283,0,70.0,54432.0,9V3052,USPHL,9676711.0,7.8
2026-09-30T11:59:39.121362+00:00,352143000,AGRI OCEAN,38.91491333333333,-76.4173,0.0,34.6,198,1,70.0,74745.0,3EKS3,US BAL,9770684.0,7.0
2026-09-30T11:59:39.512830+00:00,538004890,VIGOROUS,-23.96848,-46.29479166666667,9.1,311.5,310,0,70.0,51840.0,V7ZQ2,BRSSZ,9546239.0,10.6
2026-09-30T11:59:39.513263+00:00,314540000,PRINCESS FAYZAH,37.081535,-9.380664999999999,10.6,349.2,349,0,70.0,43804.0,8PAZ5,EG ALY,9260859.0,9.6
2026-09-30T11:59:39.513707+00:00,538004093,PELLA,48.47796166666667,-125.634435,9.3,96.1,96,0,70.0,74745.0,V7VD4,USKAM,9510321.0,6.7
2026-09-30T11:59:40.020791+00:00,219170000,VAGA MAERSK,52.759350000000005,4.124366666666666,8.9,36.2,37,0,71.0,73440.0,OWAO2,GBTIL->NLROT1,9778545.0,10.4
2026-09-30T11:59:40.670456+00:00,226018490,Unknown,51.843035,5.8136383333333335,6.5,25.6,511,0,,,Unknown,Unknown,,
2026-09-30T11:59:40.670707+00:00,477131800,OCEAN ADORE,49.30831833333333,-123.10849499999999,0.0,7.8,256,5,70.0,61132.0,VRRE5,VANCOUVER,9740122.0,7.3
2026-09-30T11:59:40.671256+00:00,538008283,THALIS,38.60264166666666,-9.627823333333334,12.3,276.6,275,0,70.0,49996.0,V7A2187,ROUEN,9616747.0,6.1
2026-09-30T11:59:41.021898+00:00,244650849,CAMARO II,51.95904666666667,4.0133,0.0,360.0,511,5,79.0,40128.0,PF2429,PRINSES MARGRIETHAVE,,3.0
2026-09-30T11:59:41.022444+00:00,314151000,Unknown,-4.5806216666666675,110.39803,8.7,125.2,127,0,,,Unknown,Unknown,,
2026-09-30T11:59:41.023191+00:00,657193200,Unknown,4.695588333333333,7.157578333333333,0.0,37.8,62,1,,,Unknown,Unknown,,
2026-09-30T11:59:41.552808+00:00,212205000,UBC SALERNO,51.893208333333334,4.305205,4.2,305.2,312,0,70.0,48652.0,5BPN6,NLRTM>FRURO,9652519.0,6.9
2026-09-30T11:59:42.533215+00:00,311002227,SHUN FU WANG,50.761055000000006,0.9647916666666667,9.4,235.2,236,0,70.0,73440.0,C6LB8,SUEZ,9244788.0,14.1
2026-09-30T11:59:43.510747+00:00,636093203,LAGO DI LEDRO,56.788176666666665,19.170225000000002,11.9,208.5,208,0,70.0,52896.0,5LMF4,EETLL,9471654.0,6.7
2026-09-30T11:59:43.511993+00:00,215869000,SEASTAR VALIANT,35.906778333333335,-5.655708333333333,9.8,79.4,79,0,70.0,51840.0,9HA5342,CEUTA SPAIN,9462768.0,9.6
2026-09-30T11:59:43.512583+00:00,441511000,GLOVIS SONIC,51.35842,4.229146666666667,14.3,133.0,129,0,70.0,75072.0,D7QT,BEANR,9798387.0,9.1
2026-09-30T11:59:44.334730+00:00,636021249,MSC JENNIFER II,51.345373333333335,3.18331,0.0,193.4,50,5,71.0,48384.0,A8PT7,IEORK,9433157.0,8.3
2026-09-30T11:59:44.334911+00:00,440001550,HAN CHANG 1,37.451143333333334,126.59431500000001,0.0,339.9,322,0,,,101H C1,@@@@@@@@@@@@@@@@@@,171829.0,
2026-09-30T11:59:44.335888+00:00,431542000,DRIVE GREEN HIGHWAY,53.57548666666666,8.55259,0.0,289.6,241,5,70.0,77520.0,7KUP,DE BRV,9728069.0,8.7
2026-09-30T11:59:44.336247+00:00,710004636,LOGIN ENDURANCE,-3.16088,-59.991125000000004,0.1,52.8,324,0,71.0,69523.0,PU6073,BR - MANAUS,9571296.0,11.0
2026-09-30T11:59:45.200673+00:00,209184000,IMAVERE,59.454548333333335,24.667276666666666,0.0,295.3,321,5,70.0,48211.0,5BWV4,EEBEK,9612325.0,6.1
2026-09-30T11:59:45.201027+00:00,538011382,NORD UTOPIA,-23.848996666666668,151.45696666666666,0.4,5.3,84,1,70.0,61132.0,V7A7045,USGHR>>>KRYOS,9767584.0,11.6
2026-09-30T11:59:45.201323+00:00,538005698,URSA MINOR,45.65994166666667,13.762201666666666,0.0,353.0,339,0,70.0,55296.0,V7GD9,ITTRS,9711767.0,7.3
2026-09-30T11:59:45.201845+00:00,477254600,JW MIA,32.52291666666667,29.064383333333335,1.0,174.0,174,15,70.0,55948.0,VRYB9,LIMASSOL CYPRUS,9343534.0,12.2
2026-09-30T11:59:45.939687+00:00,268261100,AT 27,36.39928999999999,-7.899705,9.7,283.9,281,0,70.0,40800.0,T7DP7,LIMASSOL,9136539.0,10.1
2026-09-30T11:59:45.940937+00:00,538011186,BAM PROTEUS,54.61633333333334,-5.911731666666666,0.0,125.7,39,5,70.0,47577.0,V7A6741,GBBEL,9343625.0,10.8
2026-09-30T11:59:46.212095+00:00,368040980,Unknown,48.758853333333334,-122.50126833333334,0.0,282.2,511,15,,,Unknown,Unknown,,
2026-09-30T11:59:46.212325+00:00,636022118,ULSAN,-34.443650000000005,151.4385,10.2,351.0,354,0,71.0,88819.0,5LHG7,AUBTB,9243306.0,11.0
2026-09-30T11:59:46.213085+00:00,563302200,IONA ISLAND,-32.637750000000004,-60.74851666666667,0.0,3.2,346,5,70.0,51840.0,9VHR7,SAN LORENZO,9641780.0,10.2
2026-09-30T11:59:46.448826+00:00,255806048,NORDORINOCO,57.57098166666666,11.585403333333334,0.1,75.2,184,1,70.0,51072.0,CQIR7,NGLAG,9741712.0,10.8
2026-09-30T11:59:46.449454+00:00,636093310,ROSTRUM SINGAPORE,57.738434999999996,9.343175,12.1,235.9,234,0,70.0,54988.0,5LNS7,RULED,9983217.0,7.0
2026-09-30T11:59:46.450078+00:00,657132800,Unknown,4.695111666666667,7.162621666666666,0.3,305.1,86,8,,,Unknown,Unknown,,
2026-09-30T11:59:46.450313+00:00,413494710,TIAN YOU,59.43517333333333,21.495985,12.6,289.9,288,0,70.0,51072.0,BOKI,HAMINA,9823625.0,7.9
2026-09-30T11:59:46.450688+00:00,249605000,CSL THAMES,53.56411166666667,8.543045000000001,8.3,150.6,147,0,70.0,43680.0,9HVS9,"JELSA,NORWAY",9440447.0,6.3
2026-09-30T11:59:46.730938+00:00,308271000,BONTRUP AMSTERDAM,52.82294,3.920266666666667,10.9,327.7,332,0,70.0,73440.0,C6JT8,NLAMS,8110681.0,12.7
2026-09-30T11:59:46.731487+00:00,368897000,WARSHIP 73,21.352425,-157.94715499999998,0.0,360.0,511,0,,,NDEC,IB JBPHH,,12.0
2026-09-30T11:59:46.731602+00:00,636024258,WANTAI,-6.0622316666666665,110.10989666666666,15.0,102.2,102,0,70.0,68544.0,5LRT2,CNYTN,9168207.0,9.9
2026-09-30T11:59:46.731710+00:00,255916486,ELBSPRING,53.89442666666666,9.1468,0.0,209.1,227,0,73.0,43804.0,CQ2755,DEBRV VIA NOK,9462794.0,9.3
2026-09-30T11:59:46.733258+00:00,366479000,ENDURANCE,53.313341666666666,4.50681,11.8,200.2,197,0,79.0,91584.0,WDE9586,DEBRV,9121273.0,8.6
2026-09-30T11:59:47.127029+00:00,636020651,KEY KNIGHT,39.22286166666667,-76.57734,0.0,294.1,271,5,70.0,74745.0,5LAA8,US BAL,9512317.0,7.0
2026-09-30T11:59:47.127962+00:00,577731000,MAC HOPE,25.312583333333336,120.83887333333334,11.0,30.6,31,0,70.0,58060.0,YJRX6,CHINA,9316191.0,11.6
2026-09-30T11:59:47.261640+00:00,636091487,PONTRESINA,33.762191666666666,-118.276195,0.0,302.9,335,0,70.0,69523.0,A8OK4,CNZOS,9334521.0,8.7
2026-09-30T11:59:47.262527+00:00,631010144,Unknown,35.57626666666667,-7.159366666666667,0.1,96.0,33,0,,,Unknown,Unknown,,
2026-09-30T11:59:47.262639+00:00,356242000,MEDI CHIBA,-33.754351666666665,151.57553833333336,2.1,215.3,282,0,70.0,74745.0,3FUD5,TW TXG > AU NTL,9781970.0,7.2
2026-09-30T11:59:47.533060+00:00,249152000,MURGASH,34.61329833333333,33.306194999999995,10.7,237.1,238,0,70.0,41731.0,9HA6131,GARGOUB,9996965.0,6.8
2026-09-30T11:59:47.533320+00:00,538009101,FUAT BEY,-33.871305,18.304118333333335,1.0,153.7,182,0,70.0,51552.0,V7A4315,ES LPA,9663817.0,10.1
2026-09-30T11:59:47.868068+00:00,247416300,GRANDE SVEZIA,49.47391833333334,0.18434999999999999,0.0,212.0,338,0,70.0,85272.0,IBJR,FRLEH,9992622.0,9.3
2026-09-30T11:59:47.868400+00:00,341100002,MJ SOFIA,36.47514666666667,27.895693333333334,11.2,273.5,511,0,70.0,,V4RN6,TARTUS,9113381.0,9.8
2026-09-30T11:59:47.869836+00:00,636020454,MSC ERMINIA III,39.43508,-0.329805,0.0,186.6,112,0,70.0,62413.0,A8DM9,MACAS=>ESVLC,9246346.0,8.8
2026-09-30T11:59:47.869946+00:00,367677380,PACIFIC HARVESTER,48.754173333333334,-122.50590166666666,0.0,159.7,511,15,,,WDI2363,Unknown,1073741823.0,
2026-09-30T11:59:47.870286+00:00,244740685,MARPIE,51.80417,4.634691666666667,0.0,195.7,511,0,79.0,,PF7380,@@H,,
2026-09-30T11:59:48.454265+00:00,477015800,EB GRAND,50.34214333333333,0.14522333333333334,13.4,74.9,76,0,70.0,51552.0,VRWF6,BEANR,9989340.0,8.3
2026-09-30T11:59:48.454627+00:00,319093100,AKRA,37.43597333333333,24.939346666666665,0.0,70.2,142,5,70.0,65280.0,ZGFG4,SYROS,9757929.0,4.5
2026-09-30T11:59:48.689766+00:00,229699000,CMA CGM SYDNEY,39.43134666666666,-0.314335,0.0,56.2,25,0,79.0,91238.0,9HA5567,MTMLA>ESVLC,9315953.0,10.1
2026-09-30T11:59:48.690024+00:00,232051710,OCEAN BAY,54.91255833333333,5.650446666666666,9.5,208.0,206,0,70.0,58368.0,MOMV2,SE GOT,9460863.0,12.0
2026-09-30T11:59:48.882815+00:00,563142900,SEA PRAJNA,-28.858183333333333,15.606166666666667,10.4,163.0,165,0,70.0,56217.0,9V7428,CI ABJ,9401958.0,11.7
2026-09-30T11:59:49.243671+00:00,413297610,YIN HUA 1,-2.1430133333333337,104.96430666666667,0.2,0.0,127,1,70.0,58368.0,BPOD,SINGAPORE,9673501.0,10.9
2026-09-30T11:59:49.373884+00:00,538005278,NUNAVIK,54.96832166666666,10.955341666666667,11.2,235.3,235,0,70.0,48729.0,V7CK9,FIPOR,9673850.0,11.0
2026-09-30T11:59:49.374683+00:00,368926266,US GOV VESSEL,32.710278333333335,-117.55774666666666,5.0,85.0,511,0,,,Unknown,Unknown,,
2026-09-30T11:59:49.441263+00:00,311000259,AFRICAN HARRIER,1.26972,103.88623666666668,0.1,272.1,195,1,70.0,51840.0,C6BG8,SG SIN,9700794.0,6.5
2026-09-30T11:59:49.632221+00:00,538010741,TS MELBOURNE,-35.243851666666664,151.10615,11.1,197.5,201,0,71.0,62496.0,V7A7350,AUSYD,9960784.0,10.9
2026-09-30T11:59:49.826224+00:00,538011295,MANTA URAZ,51.12657333333333,1.6916900000000001,12.5,37.1,37,0,70.0,51840.0,V7A6922,NLRTM,9749996.0,6.3
2026-09-30T11:59:49.827206+00:00,440010300,ONGJINGALMAEGI,37.45003,126.59497166666667,0.0,91.4,511,15,,,Unknown,@@@@@@@@@@@@@@@@@BAF,1073741823.0,
2026-09-30T11:59:50.041330+00:00,636023927,BLUE ASPIRE,36.34715666666667,-7.644023333333333,16.4,291.3,291,0,70.0,77520.0,5LQC5,BEZEE,9968607.0,8.3
2026-09-30T11:59:50.207941+00:00,338145000,ARC DEFENDER,53.56704666666667,8.562331666666667,0.0,6.1,15,0,70.0,65280.0,WDM6793,USBAL>DEBRV,9375264.0,9.5
2026-09-30T11:59:50.391847+00:00,316014060,ALGOMA STRONGFIELD,43.065005,-82.415735,10.6,184.4,184,0,70.0,54590.0,CFJ8305,BAIE COMEAU,9613953.0,7.1
2026-09-30T11:59:50.393013+00:00,338405411,Unknown,48.756415,-122.50732666666666,0.0,337.6,511,15,,,Unknown,Unknown,,
2026-09-30T11:59:50.393093+00:00,338446072,Unknown,48.75676333333333,-122.49729,0.0,48.5,196,15,,,Unknown,Unknown,,
2026-09-30T11:59:50.393542+00:00,538005698,URSA MINOR,45.65994166666667,13.762196666666666,0.0,352.8,339,0,70.0,55296.0,V7GD9,ITTRS,9711767.0,7.3
2026-09-30T11:59:50.642013+00:00,565110000,KOTA SALAM,22.266501666666667,114.10225666666666,0.8,333.4,233,0,70.0,86047.0,9V2123,SGSIN,9645475.0,7.3
2026-09-30T11:59:50.642152+00:00,525199988,STS.TG BUYUT,-2.3208333333333333,104.91466333333332,0.0,297.8,511,15,,,Unknown,Unknown,,
2026-09-30T11:59:50.643304+00:00,261187390,Unknown,53.19495333333334,17.965356666666665,0.0,199.5,268,5,,,Unknown,Unknown,,
2026-09-30T11:59:50.643417+00:00,982000000,INTERMARINE 1,-6.94695,110.42369333333333,0.0,124.6,511,15,70.0,,4DES-2,CARRASCAL SURIGAO,,3.5
2026-09-30T11:59:50.799067+00:00,413530180,Unknown,26.681706666666667,120.65302666666666,12.1,36.5,38,0,,,Unknown,Unknown,,
2026-09-30T11:59:50.799646+00:00,247039400,GRAND BENELUX,51.34879333333333,4.259881666666667,11.8,308.7,310,0,70.0,52675.0,IBTB,BEANR-GBBRS,9227900.0,8.3
2026-09-30T11:59:50.800328+00:00,352005225,VIET THUAN 56-06,-2.138116666666667,104.97571666666666,0.1,49.0,116,0,70.0,58368.0,3E8373,TANJUNG_KAMPEH_INDO,9278820.0,6.5
2026-09-30T11:59:50.800828+00:00,210719000,PATRIS,34.654815,33.01727833333334,0.0,4.4,78,5,70.0,48172.0,5BYW6,GRLAV,9242388.0,6.0
2026-09-30T11:59:51.001732+00:00,316004370,G3 MARQUIS,43.77425166666667,-76.99907666666667,13.3,68.4,68,0,70.0,55324.0,XJBO,QUEBEC,9613941.0,8.1
2026-09-30T11:59:51.002417+00:00,636015891,AFRICAN HHB,57.04577,11.731615,10.2,346.3,345,0,70.0,45360.0,D5DI8,ES LPA,9666429.0,8.8
2026-09-30T11:59:51.002758+00:00,256334000,APAGEON,49.465423333333334,0.242985,0.0,106.8,55,5,70.0,58368.0,9HRM8,FR LEH,9278870.0,9.9
2026-09-30T11:59:51.231717+00:00,316014340,FERBEC,46.04902833333333,-73.13514833333333,0.0,55.6,244,5,70.0,55948.0,CFEU,CASOR,9259848.0,10.6
2026-09-30T11:59:51.401156+00:00,369207000,DANIEL K. INOUYE,33.72419,-118.18471833333334,7.9,161.4,178,0,70.0,98280.0,WDJ3192,US LGB C60,9719056.0,10.5
2026-09-30T11:59:51.402003+00:00,227102030,AIS<A>PLOUZ,48.35924833333333,-4.567201666666667,0.0,360.0,511,6,,,AAAAAAA,Unknown,,
2026-09-30T11:59:51.402176+00:00,636093090,DIANE OLDENDORFF,-2.031331666666667,105.01181,8.8,6.3,5,0,70.0,91086.0,5LFA3,SG SIN PEBGC,9860362.0,15.0
2026-09-30T11:59:51.603037+00:00,538011706,NEGMAR YAKO I,40.683748333333334,-74.07333,0.0,300.2,133,5,70.0,51840.0,V7A3332,US NYC,9625463.0,6.1
2026-09-30T11:59:51.603402+00:00,211162610,PRINCESS,53.54066666666667,9.94125,8.1,92.0,511,0,,,DF4518,@@@@@@@@@C?ZO>4_?;Q<,,
2026-09-30T11:59:51.855955+00:00,235053512,GOLDEN STAR,51.49886166666667,-0.031033333333333336,1.7,136.4,511,0,,,MBVZ5,Unknown,,
2026-09-30T11:59:51.856346+00:00,314303000,NJ SIRIUS,49.298588333333335,-4.532101666666667,10.4,238.7,236,0,70.0,58368.0,8PWE,LIEPAJA,9237113.0,6.4
2026-09-30T11:59:52.143299+00:00,352006013,NORSE MOMENTUM,-23.616503333333334,-70.40331666666665,0.0,115.4,248,1,70.0,65280.0,3E8498,CLCOL,1030923.0,9.2
2026-09-30T11:59:52.143963+00:00,563141600,X-PRESS KAVERI,38.6987,-9.170016666666667,0.0,191.0,257,5,70.0,46233.0,9V7544,PTLIS,9470765.0,8.8
2026-09-30T11:59:52.382774+00:00,354711000,MSC MARIA PIA,51.28436666666666,4.250171666666667,0.0,308.9,32,5,70.0,62092.0,H3RJ,BEANR,9155107.0,11.7
2026-09-30T11:59:52.623486+00:00,245897000,PLYCA,59.75320333333333,23.037648333333333,15.8,140.3,140,0,71.0,54366.0,PBNN,DELBC,9345398.0,7.0
2026-09-30T11:59:52.623590+00:00,538009398,IPPOKRATIS,31.82084166666667,34.64256833333333,0.1,238.1,316,5,70.0,47174.0,V7A4684,ILASH,9585663.0,8.3
2026-09-30T11:59:52.624349+00:00,271046628,HACI ALI SARI,55.457750000000004,5.954528333333333,9.5,210.3,210,0,70.0,62016.0,TCA5392,TRTGT,9226748.0,12.6
2026-09-30T11:59:52.829310+00:00,565402000,MATSON MAUI,33.70001666666666,-118.47225833333333,10.0,298.3,298,0,70.0,90201.0,9VBR6,USLGB,9340764.0,10.7
2026-09-30T11:59:52.829998+00:00,368334840,Unknown,48.99384833333333,-122.75837499999999,0.0,360.0,151,15,,,Unknown,Unknown,,
2026-09-30T11:59:52.830352+00:00,354540000,MSC SHANNON III,56.74838333333333,18.189266666666665,11.6,231.0,231,0,71.0,77356.0,HPRY,ANTWERP,8913423.0,10.4
2026-09-30T11:59:52.830848+00:00,229452000,MERKUR FJORD,-29.873483333333336,31.04096,0.0,40.9,135,5,71.0,86047.0,9HA3340,SNDKR,9620607.0,11.2
2026-09-30T11:59:52.831103+00:00,255916590,ESSENCE,51.46109333333333,3.695558333333333,0.0,236.3,59,5,70.0,41932.0,CQ2839,NLVLI,9491496.0,7.3
2026-09-30T11:59:52.831258+00:00,538010586,LIU JIANG KOU,45.66337,13.637943333333334,14.6,8.4,5,0,70.0,72595.0,V7A6257,SGSIN PEBGB,9991795.0,8.0
2026-09-30T11:59:53.049009+00:00,636021227,CENTURY XIAMEN,-32.902074999999996,151.77061333333333,0.0,352.0,175,5,70.0,73440.0,5LCX3,AU NTL,9684134.0,7.2
2026-09-30T11:59:53.049352+00:00,209761000,ONE OCEAN,26.568949999999997,121.49645000000001,11.4,226.0,224,0,79.0,74745.0,5BJW5,PORTLAND,9460904.0,6.9
2026-09-30T11:59:53.049757+00:00,311000101,RCC ANTWERP,-29.757488333333335,31.37905,8.5,215.0,214,0,79.0,65280.0,C6AO2,ZA DUR,9441623.0,9.9
2026-09-30T11:59:53.050261+00:00,210615000,GALLIA GRAECA II,49.29813166666667,-123.20740833333333,0.0,284.8,170,1,70.0,74745.0,5BWM6,CA VAN,1060136.0,9.3
2026-09-30T11:59:53.050712+00:00,538012392,GLBS THALIA,34.108645,132.97017166666666,0.0,346.6,183,5,70.0,61132.0,V7B2790,NEW SHIP/IMABARI3012,1103287.0,6.0
2026-09-30T11:59:53.051121+00:00,563230700,WAN HAI 376,-6.35435,110.68958833333333,13.4,69.1,71,0,71.0,72471.0,9V7867,IDSUB,9954503.0,9.3
2026-09-30T11:59:53.226148+00:00,316036478,YDT SOOKE,48.43977666666667,-123.44747333333333,0.0,0.0,114,15,,,8675309,Unknown,1073741823.0,
2026-09-30T11:59:53.227349+00:00,247489200,SOUTH ENABLER,54.56283,11.240993333333334,17.8,113.5,113,0,70.0,54100.0,IBND,EEPLS,1022641.0,6.3
2026-09-30T11:59:53.227545+00:00,229012000,VESLETS,29.834585,-93.96513666666667,0.0,133.9,301,5,70.0,52896.0,9HA2988,US POA,9621883.0,8.7
2026-09-30T11:59:53.227681+00:00,244050206,PRIVILEGE,51.81921333333333,4.758771666666666,8.3,307.2,305,0,79.0,43776.0,PD6559,ROTTERDAM DINTELHAVE,,1.4
2026-09-30T11:59:53.227820+00:00,636023408,MERIDIAN,54.46391666666667,18.818121666666666,0.0,360.0,122,1,70.0,73440.0,5LNO7,GDANSK,9317456.0,14.2
2026-09-30T11:59:53.405076+00:00,636015791,MARIA S,26.629858333333335,121.48844333333334,10.9,40.6,42,0,70.0,73440.0,D5CW2,SG SIN PEBGC,9642368.0,14.0
2026-09-30T11:59:53.671464+00:00,440002170,SEVEN STAR,37.47505,126.60726666666666,0.1,357.9,511,0,,,101 S S,INCHEON,32750.0,3.4
2026-09-30T11:59:53.672267+00:00,215654000,TONGALA,-37.860185,144.91674999999998,5.6,325.6,327,0,79.0,65280.0,9HA2776,AUFRE,9605786.0,10.3
2026-09-30T11:59:53.729263+00:00,311001060,LADY DIMINE,35.90107166666667,-5.79207,7.7,78.0,83,0,70.0,43804.0,C6FB4,GIGIB,9573957.0,8.1
2026-09-30T11:59:53.730342+00:00,354804000,BUNUN FORTUNE,51.915216666666666,4.240155,6.9,132.5,129,0,70.0,51840.0,3EIC3,NL RTM,9707833.0,10.1
2026-09-30T11:59:53.730995+00:00,316059017,ONTARIO VENTURE,47.99585666666667,-87.89845333333332,11.7,305.2,304,0,70.0,50673.0,VEOV,USDET,9305178.0,7.0
2026-09-30T11:59:54.042391+00:00,636016791,AQUAPROSPER,49.33174666666666,-123.23710666666666,0.0,12.0,89,1,70.0,63043.0,D5HU9,CA VAN/WM,9713416.0,8.2
2026-09-30T11:59:54.042665+00:00,538010871,PERA,55.741675,10.797266666666667,9.9,200.0,204,0,70.0,51840.0,V7A7540,DK SKA,9633202.0,10.7
2026-09-30T11:59:54.043603+00:00,538012872,NORD BERGEN,-36.823525000000004,174.72277166666666,0.0,81.5,62,5,70.0,54460.0,V7B3431,NZ AKL,1103237.0,8.6
2026-09-30T11:59:54.043711+00:00,311002266,A FLENSBURG,35.58851166666667,139.799385,0.0,70.5,305,5,70.0,47308.0,C6LI3,JP TYO  CW,9155365.0,10.4
2026-09-30T11:59:54.268647+00:00,353780000,ALEXANDRIA BRIDGE,-29.867335,31.21057,0.8,335.5,224,0,74.0,90547.0,3FNW4,ZADUR,9409039.0,12.1
2026-09-30T11:59:54.799423+00:00,477949600,BAO SUCCESS,36.07683333333333,-5.1786,5.8,62.0,65,0,70.0,58368.0,VRWB6,GIBRALTAR,9482029.0,11.4
2026-09-30T11:59:54.799786+00:00,374270000,CRIMSON TURACO,51.49247833333333,-2.720581666666667,0.0,181.2,336,5,70.0,61132.0,3FJS8,GB BRS,9701700.0,8.9
2026-09-30T11:59:54.800403+00:00,477244100,XIN HAI TONG 22,50.308128333333336,-0.10379000000000001,13.9,74.9,77,0,70.0,58368.0,VRSI9,SKAGEN,9453250.0,6.4
2026-09-30T11:59:55.118513+00:00,525012349,MV ARIMBI BARUNA,-2.1218500000000002,105.00208333333333,0.0,299.0,511,1,70.0,70828.0,PLMJ,TG.KAMPEH PALEMBANG,9362243.0,7.8
2026-09-30T11:59:55.118759+00:00,370135000,PVT DIAMOND,-2.0822316666666665,104.95491,0.1,343.0,97,1,70.0,58368.0,3FKP3,IDPLM,9438640.0,6.1
2026-09-30T11:59:55.208794+00:00,211833390,NILS HOLGERSSON,54.35106,12.091606666666667,16.4,203.1,200,0,70.0,72409.0,DKLZ2,DE RSK,9865685.0,6.6
2026-09-30T11:59:55.356258+00:00,265697950,PIRAYA 12,56.15768833333333,15.57218,0.0,360.0,511,15,,,Unknown,Unknown,,
2026-09-30T11:59:55.468974+00:00,563246800,EVER VERT,26.940146666666667,122.27835166666667,19.8,36.6,38,0,74.0,74970.0,9V7818,TWKHH>PHMNN,9950985.0,11.5
2026-09-30T11:59:55.663510+00:00,368038210,Unknown,48.754565,-122.50693833333334,0.0,360.0,511,15,,,Unknown,Unknown,,
2026-09-30T11:59:55.663736+00:00,212578000,POWER GLOBE,46.21365,-123.78547666666667,0.0,155.9,278,1,70.0,73440.0,5BPJ6,USA KAM,9479319.0,6.8
2026-09-30T11:59:55.833689+00:00,367397090,LITTLE LADY II,40.709743333333336,-74.03992333333333,0.0,360.0,511,0,,,WDE7746,WFC/LLM,,
2026-09-30T11:59:55.834189+00:00,256214000,CMA CGM CONSTANZA,47.28681666666667,-3.9094083333333334,15.8,108.4,112,0,71.0,93376.0,9HA5745,FRLEH,9471202.0,10.0
2026-09-30T11:59:55.967309+00:00,367003380,JEAN ANNE,32.648345,-117.11567666666666,0.0,21.1,251,5,70.0,52377.0,WDC3786,SAN DIEGO,9233167.0,7.3
2026-09-30T11:59:55.967600+00:00,225996440,Unknown,42.25409333333334,-8.728191666666667,4.3,260.1,73,0,,,Unknown,Unknown,,
2026-09-30T11:59:56.172906+00:00,431010248,HIMAWARI 9,35.60416,139.79619666666667,0.0,37.3,211,5,79.0,44889.0,JD4230,>JP TMK E,9806184.0,6.8
2026-09-30T11:59:56.240406+00:00,525011051,TB. PATRA TUNDA 3001,-1.3527283333333335,116.98623666666667,0.1,156.0,511,0,,,YHBN,Unknown,8892356.0,3.6
2026-09-30T11:59:56.240614+00:00,525901717,Unknown,-1.217785,116.65845666666668,0.0,0.0,511,0,,,Unknown,Unknown,,
2026-09-30T11:59:56.611122+00:00,211584590,SB CALBE,51.902103333333336,11.788786666666665,0.0,0.0,511,15,,,DA4806,BERNBURG,,
2026-09-30T11:59:56.880304+00:00,271043165,ULUSOY-15,45.63573333333333,13.751978333333334,0.0,262.0,262,5,70.0,55161.0,TCUP4,TRCES-ITTRS,9506265.0,6.5
2026-09-30T11:59:56.881007+00:00,636025629,HG AUCKLAND,45.631791666666665,-122.69763666666667,0.0,344.8,307,5,70.0,51552.0,5LYJ7,USVAN,1108720.0,6.5
2026-09-30T11:59:56.949064+00:00,538008524,MONDIAL SUN,49.29186666666667,-123.03234166666667,0.1,126.7,253,5,70.0,74745.0,V7A2467,CAVAN,9859296.0,7.5
2026-09-30T11:59:57.453345+00:00,373283000,C.S.PRINCESS,48.47248666666667,-126.015005,4.8,90.1,85,0,70.0,56217.0,3EYW3,KR TJI,9515199.0,8.0
2026-09-30T11:59:57.455183+00:00,367717120,MASTER DAULTON,27.928991666666665,-82.427315,0.0,38.8,511,15,,,WDI6286,Unknown,,
2026-09-30T11:59:57.615231+00:00,205539990,VERA PAX,51.815349999999995,5.149096666666667,8.9,255.9,254,0,79.0,41952.0,OT5399,SCHWELGERN,,3.6
2026-09-30T11:59:57.874590+00:00,636090971,MONTPELLIER,37.87101166666666,23.577941666666668,0.8,225.4,313,0,70.0,67932.0,A8IG2,ESBCN,9314973.0,9.0
2026-09-30T11:59:58.158047+00:00,354408000,NORD DUBAI,53.40519833333334,14.607135,2.2,6.9,196,0,70.0,49833.0,3FTP2,PL SZZ,9894612.0,8.5
2026-09-30T11:59:58.867655+00:00,229983000,CARDIFF,-33.33956,151.77751333333333,2.1,245.9,291,0,70.0,86424.0,9HA5648,AU NTL,9966568.0,7.9
2026-09-30T11:59:59.128512+00:00,352986134,TAC SUZUKA,49.30447,-123.21150666666668,0.1,354.8,223,1,70.0,51552.0,3E3903,CA VAN,9880128.0,6.3
2026-09-30T11:59:59.129372+00:00,255806270,JOLLY EXPRESS,38.47063833333333,15.916368333333333,0.0,190.4,214,5,70.0,44400.0,CQAT4,ITGIT,9180190.0,5.6
2026-09-30T11:59:59.250461+00:00,265022000,BOTNIA ENABLER,51.353851666666664,3.1776516666666668,0.4,225.4,47,0,71.0,88862.0,SBTK,BEZEE,9884679.0,8.0
2026-09-30T11:59:59.568498+00:00,636018365,NESTOR I,54.786025,-5.564666666666667,2.9,223.6,223,0,79.0,48384.0,D5PJ6,CO CTG,9599016.0,10.2
2026-09-30T12:00:00.058561+00:00,12388,ORWELLNAVGTNSERVICE,52.046458333333334,1.1625183333333333,0.1,198.6,511,15,,,Unknown,Unknown,,25.5
2026-09-30T12:00:00.457975+00:00,563314500,GENERAL GUISAN,57.878755,18.189675,12.3,29.5,29,0,70.0,60518.0,9V3077,FIUKI,9888027.0,7.0
2026-09-30T12:00:00.458107+00:00,538007353,FEDERAL KATSURA,55.902366666666666,17.18825,12.5,256.0,254,0,70.0,43776.0,V7JT5,GDANSK POLAND,9293923.0,7.3
2026-09-30T12:00:00.584233+00:00,636092734,GOLDEN GRAINS,53.488899999999994,6.822373333333333,10.6,133.8,135,0,70.0,52128.0,D5LY3,NLDZL,9777723.0,6.5
2026-09-30T12:00:01.311178+00:00,215143000,KEREM,-32.664885,-60.72157,0.0,153.1,338,1,70.0,44323.0,9HA2651,RECALADA,9126429.0,5.7
2026-09-30T12:00:01.311750+00:00,367771760,Unknown,48.756883333333334,-122.49762166666666,0.0,47.2,511,15,,,Unknown,Unknown,,
2026-09-30T12:00:01.369928+00:00,477940100,NORTHERN VENTURE,36.80211,34.650305,0.0,358.5,0,5,70.0,65280.0,VRVY2,TR MER,9978779.0,7.1
2026-09-30T12:00:01.496705+00:00,636018656,FENG MAY,-33.391405,151.98558833333334,2.6,187.3,122,0,70.0,83721.0,D5QT3,AU NTL,9838553.0,7.3
2026-09-30T12:00:01.497259+00:00,563385000,CAMELLIA BLISS,47.27319333333333,-122.440655,0.0,182.1,301,1,70.0,74745.0,9V2953,USTIW,9544085.0,7.2
2026-09-30T12:00:01.517828+00:00,215148000,CMA CGM AMBER,35.90416166666667,-5.49118,7.3,187.7,196,0,71.0,97113.0,9HA4980,SGSIN>CNNSA,9350381.0,13.2
2026-09-30T12:00:01.662895+00:00,304798000,LAKE ST. CLAIR,-22.891920000000002,-43.19421,0.0,64.3,273,5,70.0,42624.0,V2BN9,BRRIO,9315549.0,10.0
2026-09-30T12:00:01.775771+00:00,477083800,MAERSK CHAMBAL,-22.892585,-43.15440666666667,11.2,146.1,148,0,71.0,93972.0,VRJT5,COCTG>BRSSZ,9525376.0,11.6
2026-09-30T12:00:02.072829+00:00,636022222,BULK SACHUEST,10.378938333333334,-61.532715,6.7,253.3,255,0,70.0,57753.0,A8VD4,TT PTS,9483231.0,6.6
2026-09-30T12:00:02.185116+00:00,246091000,LONGSTONE,51.4824,1.2635166666666668,17.8,92.1,94,0,71.0,55426.0,PDRG,BEZEE <-> GBTIL,9848479.0,6.9
2026-09-30T12:00:02.219381+00:00,503345600,SCARBOROUGH,-33.86069333333333,151.21186666666665,0.0,360.0,178,0,,,16814,Unknown,,
2026-09-30T12:00:02.481375+00:00,229982000,BRIGHTON,59.12213,9.615293333333334,0.0,18.3,29,5,70.0,61132.0,9HA5647,NO_HRY,9966817.0,6.2
2026-09-30T12:00:02.583771+00:00,352004253,BLOOM HALO,45.98395666666667,-122.83537666666666,0.0,231.4,153,5,70.0,68774.0,3E7737,KALAMA,9979345.0,7.0
2026-09-30T12:00:02.584191+00:00,538006054,PANAMANIAN,37.196803333333335,-76.08613333333332,0.0,202.5,358,1,70.0,74419.0,V7JI4,USNNS,9442378.0,5.9
2026-09-30T12:00:02.608311+00:00,565402000,MATSON MAUI,33.70025833333333,-118.47279499999999,10.0,298.3,298,0,70.0,90201.0,9VBR6,USLGB,9340764.0,10.7
2026-09-30T12:00:02.608674+00:00,563304700,SIEM CICERO,39.24138333333334,-76.56580000000001,0.0,142.9,143,5,79.0,65280.0,9V8512,US BAL,9762534.0,7.3
2026-09-30T12:00:02.660675+00:00,368391510,FULLA,29.821585000000002,-93.33975666666667,0.1,237.9,511,15,,,WDP8553,Unknown,,3.0
2026-09-30T12:00:02.660899+00:00,248742000,SIXTINE,50.195391666666666,-2.6764133333333335,17.4,85.5,88,0,70.0,70828.0,9HA4790,NLRTM,9831165.0,7.0
2026-09-30T12:00:02.661151+00:00,257527000,SAGA IKEBANA,55.099349999999994,14.111573333333332,11.9,217.0,211,0,70.0,59222.0,LAJK8,KARLSHAMN,9186209.0,9.0
2026-09-30T12:00:02.702830+00:00,657177000,GUARDIAN 8,4.695405,7.1575066666666665,0.0,163.5,511,0,,,5NKL8,Unknown,9870173.0,
2026-09-30T12:00:02.790058+00:00,636014915,TSC GENESIS,22.283849999999997,114.08835,0.1,358.0,234,1,70.0,56544.0,A8XK3,HONG KONG,9490789.0,6.5
2026-09-30T12:00:02.994731+00:00,244050206,PRIVILEGE,51.81946833333333,4.758231666666666,8.3,307.0,304,0,79.0,43776.0,PD6559,ROTTERDAM DINTELHAVE,,1.4
2026-09-30T12:00:02.995207+00:00,273127630,Unknown,49.21383166666667,-4.611878333333333,10.9,56.3,60,0,,,Unknown,Unknown,,
2026-09-30T12:00:03.240319+00:00,244810768,SHAULA,52.18635666666667,4.632763333333333,0.0,360.0,511,0,,,PC6474,ROELOFARENDSVEEN,,1.0
2026-09-30T12:00:03.353881+00:00,538006850,DEVBULK BEGUM,53.23016666666667,3.415555,12.1,196.9,197,0,70.0,48115.0,V7SA8,MACAS,9625607.0,10.7
2026-09-30T12:00:03.354013+00:00,431434000,EUPHONY ACE,-34.51866333333333,18.183519999999998,18.5,142.6,143,0,70.0,65280.0,7KUF,AO LAD,9293595.0,9.3
2026-09-30T12:00:03.593850+00:00,228395600,DOUCE FRANCE,51.43244,0.6829983333333334,0.0,91.4,91,5,74.0,56544.0,FMMZ,GBTHP,9845661.0,9.5
2026-09-30T12:00:03.954117+00:00,265083750,Unknown,58.949625,18.263936666666666,0.0,0.0,511,15,,,Unknown,Unknown,,
2026-09-30T12:00:04.122189+00:00,211517420,KURT,54.17337333333333,12.108293333333334,0.0,253.3,511,15,,,DGOA2,@@@@@@@,,
2026-09-30T12:00:04.233180+00:00,373738000,SEN TREASURE,35.365390000000005,139.87054500000002,0.0,199.1,110,5,70.0,44064.0,3FGM6,JP KZU OFF,9634907.0,10.2
2026-09-30T12:00:04.367485+00:00,538004891,XIN HAI TONG 31,56.97115833333333,19.371311666666667,10.6,208.6,206,11,70.0,58368.0,V7ZQ3,SKAGEN,9635626.0,12.3
2026-09-30T12:00:04.559963+00:00,203999428,WIENTANK 2,48.219366666666666,16.415398333333332,0.0,339.3,511,0,,,OED3013,Unknown,,1.0
2026-09-30T12:00:04.670671+00:00,477867200,SITC YUANMING,1.17505,103.80016666666667,7.6,249.1,249,0,71.0,64281.0,VRUV8,VN PAP,9932866.0,11.0
2026-09-30T12:00:04.871149+00:00,538004244,FEDERAL SHIMANTO,34.94260333333333,33.67152333333333,0.0,219.6,137,1,70.0,41952.0,V7VZ2,LARNACA,9218404.0,6.6
2026-09-30T12:00:05.386935+00:00,352003758,KITAKAMI RIVER,46.108983333333335,-122.96138333333333,0.0,83.1,129,5,70.0,52704.0,3E5858,CN TAG,9972024.0,10.4
2026-09-30T12:00:05.387325+00:00,244700661,VRIDO 1,51.95907833333333,4.0098883333333335,1.2,89.9,511,0,70.0,42163.0,PD3185,ROTTERDAM/BASEL,,2.0
2026-09-30T12:00:05.512884+00:00,374155000,MEDI OITA,38.05476833333333,-28.936093333333336,9.2,82.0,83,0,70.0,74745.0,3FWG4,TR ERE,9836713.0,14.8
2026-09-30T12:00:05.760932+00:00,636016437,MSC VIDISHA R.,37.20263333333333,-1.09014,17.4,224.2,225,0,74.0,97113.0,A8IY4,VALENCIA,9227326.0,10.8
2026-09-30T12:00:06.561169+00:00,311000085,AFRICAN KITE,50.252478333333336,-0.5590966666666667,12.8,75.3,73,0,70.0,65280.0,C6AM2,DE BRE,9650937.0,8.5
2026-09-30T12:00:06.561408+00:00,247098900,GRANDE AMBURGO,27.970993333333336,-13.732313333333334,16.0,23.4,25,0,79.0,69849.0,IBMW,BRRIO,9246607.0,8.4
2026-09-30T12:00:07.091345+00:00,538009229,NORDIC ORION,53.78265,6.0657499999999995,11.7,250.0,250,0,79.0,73440.0,V7A4481,CA MNI>DE HAM,9529463.0,14.7
2026-09-30T12:00:07.091839+00:00,267010038,BD KRUPINA,47.97783666666667,17.39224,5.7,311.1,511,15,,,OMRA,BRATISLAVA,,
2026-09-30T12:00:07.933190+00:00,538009015,ARIADNE,54.135475,7.614495000000001,13.2,115.9,117,0,70.0,58368.0,V7A4200,HAMBURG,9492907.0,6.5
2026-09-30T12:00:08.715639+00:00,636020589,GIALOVA,-29.679283333333334,31.1994,0.0,190.0,131,1,70.0,92664.0,D5ZX2,ZADUR,940030600.0,8.2
2026-09-30T12:00:08.716303+00:00,538005693,TOMINI SHAMAL,30.433196666666667,-91.20050666666666,0.0,333.7,5,5,70.0,55296.0,V7GD3,US PLL,9709257.0,7.3
2026-09-30T12:00:09.442694+00:00,620800268,MARINE PRIME,35.84294,-5.786571666666666,0.6,86.0,51,2,79.0,,D6A4268,GIBRALTER,9007001.0,4.0
2026-09-30T12:00:09.760728+00:00,563138300,BORDO MAVI,33.39312666666667,136.12106166666666,11.1,215.9,223,0,70.0,61132.0,9V6877,US MSY,9917050.0,7.2
2026-09-30T12:00:10.180934+00:00,357405000,MSC POH LIN,51.28146,4.253491666666666,0.0,88.8,32,5,71.0,98431.0,H8FC,BEANR,9279977.0,12.6
2026-09-30T12:00:10.181130+00:00,352898762,COSMO GLORIA,-37.65660666666667,176.18164166666665,0.0,258.8,189,0,70.0,51840.0,3E2047,NZ TRG,9898993.0,8.0
2026-09-30T12:00:10.181569+00:00,538007806,INSIGHT,22.206036666666666,114.18000833333333,4.9,315.9,316,0,70.0,44582.0,V7ZZ9,VN SGN,9790907.0,9.7
2026-09-30T12:00:10.295096+00:00,305042300,INASE,55.17058333333333,18.893898333333333,0.9,289.0,224,0,70.0,43804.0,V2B2042,PLGCY,9445148.0,5.5
2026-09-30T12:00:10.316388+00:00,249200000,CMA CGM RED,51.72700833333333,-8.033901666666667,6.7,47.0,69,0,79.0,53280.0,9HA6161,FRLEH > IEORK,9690107.0,9.8
2026-09-30T12:00:10.438931+00:00,311000235,LAWIN ARROW,39.06451666666667,15.073576666666666,12.0,310.6,310,0,70.0,65280.0,C6BD8,EG ALY,9687162.0,13.3
2026-09-30T12:00:10.748206+00:00,538012071,ESTRELLA,-33.845105000000004,18.205673333333333,1.1,46.2,87,0,70.0,61132.0,V7A3926,ZA CPT,9767766.0,6.6
2026-09-30T12:00:10.748372+00:00,303994000,CAPE WRATH,39.26197833333333,-76.60134666666666,0.0,251.5,511,5,,69523.0,WRGJ,Unknown,78261660.0,
2026-09-30T12:00:10.748643+00:00,477023200,NING YUE HAI,53.47593333333334,-3.072451666666667,3.1,135.0,140,0,70.0,63043.0,VRQL5,LIVERPOOL,9751339.0,12.2
2026-09-30T12:00:10.748783+00:00,636024625,CS JADEN,57.50316833333333,8.836189999999998,10.7,63.6,65,0,70.0,51840.0,5LTM8,LT KLJ,9660061.0,6.6
2026-09-30T12:00:10.771157+00:00,257073000,LIVITA,-29.8814,31.044915,0.5,239.1,9,0,70.0,65280.0,LACG8,ZA DUR,9801299.0,12.6
2026-09-30T12:00:10.975186+00:00,412326470,Unknown,25.271684999999998,120.04363333333335,13.5,28.5,26,0,,,Unknown,Unknown,,
2026-09-30T12:00:10.975590+00:00,268261100,AT 27,36.399618333333336,-7.901413333333333,9.9,283.0,281,0,70.0,40800.0,T7DP7,LIMASSOL,9136539.0,10.1
2026-09-30T12:00:10.975782+00:00,311003100,M/V RCC EUROPE,38.794918333333335,-74.92948,9.2,258.8,256,0,70.0,65280.0,C6WY7,PACTB,9391593.0,8.3
2026-09-30T12:00:11.088449+00:00,311048300,RCC PRESTIGE,44.31331,8.496495,0.0,193.5,55,5,70.0,45158.0,C6YX4,ITLIV,9455715.0,8.3
2026-09-30T12:00:11.163164+00:00,636018502,OKEE CORNELIA,22.103786666666668,114.18245666666667,15.8,237.7,237,0,71.0,53174.0,A8PN7,IDSRG,9337030.0,9.0
2026-09-30T12:00:11.224662+00:00,353321000,GHALA,56.80370333333334,19.216761666666667,10.6,211.4,211,0,70.0,56217.0,3FFK6,RU ULU,9687069.0,6.5
2026-09-30T12:00:11.225088+00:00,368423060,Unknown,48.98824833333333,-122.768645,0.0,360.0,511,15,,,Unknown,Unknown,,
2026-09-30T12:00:11.277070+00:00,636015429,MORNING CLOUD,-32.88703666666667,151.76458666666667,0.0,199.9,110,5,70.0,73440.0,D5AR5,AU NTL,9532197.0,7.3
2026-09-30T12:00:11.287029+00:00,229710000,THALATTA,53.5772,8.55065,0.0,259.9,184,5,70.0,75480.0,9HA3538,BREMERHAVEN,9702455.0,8.9
2026-09-30T12:00:11.338548+00:00,263231000,JOAO PINTO,36.78097,-8.36533,3.0,266.5,511,15,,,CURE5,Unknown,,
2026-09-30T12:00:11.339045+00:00,755991013,Unknown,-32.600155,-60.75385000000001,0.0,360.0,18,0,,,Unknown,Unknown,,
2026-09-30T12:00:11.435328+00:00,215672000,MALYOVITSA,51.14515166666667,1.7259666666666669,7.0,35.3,34,0,70.0,58368.0,9HA5238,SE GOT,9835795.0,6.8
2026-09-30T12:00:11.502740+00:00,538010364,XIN HAI,51.02603166666667,1.4432933333333333,9.3,224.8,224,0,70.0,73440.0,V7A5943,MARMAGAO,9500950.0,14.5
2026-09-30T12:00:11.640911+00:00,636021003,BULL,57.79116166666667,9.435928333333333,10.7,236.6,234,0,70.0,74745.0,5LBT8,TR ISK,9582489.0,14.3
2026-09-30T12:00:11.740914+00:00,352006188,NORSE LOLLAND,29.721040000000002,-95.239345,0.0,246.8,246,5,70.0,55296.0,3E7812,US HOU,1033547.0,6.3
2026-09-30T12:00:11.741505+00:00,538012982,GRAND SAPPHIRE,12.801260000000001,80.608635,17.7,345.7,343,0,70.0,65280.0,V7B3583,SG SIN_AEW,9325233.0,9.1
2026-09-30T12:00:11.919117+00:00,311057100,CSL TACOMA,39.2603,-76.554275,0.0,273.9,178,5,70.0,74745.0,C6ZJ7,CA HAL>US BAL,9640956.0,9.8
2026-09-30T12:00:11.967367+00:00,316004950,SAGINAW,42.96760333333334,-82.41156,0.0,42.7,34,0,70.0,40761.0,VYA2010,SAGINAW,5173876.0,5.7
2026-09-30T12:00:12.000137+00:00,538011982,JAG AMOL,53.65582,4.093746666666666,11.6,52.5,52,0,70.0,74419.0,V7A3764,COCIE,9676113.0,7.4
2026-09-30T12:00:12.044242+00:00,367156370,EVERGREEN STATE,39.30552333333333,-74.48999166666667,5.6,234.9,511,0,,,WDD5302,GREAT-EGG INLET_NJ,,
2026-09-30T12:00:12.592044+00:00,249241000,LEONINE,53.66976666666667,-0.2347233333333333,0.0,278.2,324,5,79.0,90698.0,9HA6189,BEZEE<=>GBKGH,9963578.0,7.8
2026-09-30T12:00:13.585730+00:00,636093128,INCE TOKYO,43.137629999999994,28.380193333333334,8.4,34.1,31,0,70.0,61132.0,5LHQ5,AUALH,9730438.0,6.9
2026-09-30T12:00:13.597243+00:00,244660723,ARDITO,51.418263333333336,6.73658,7.0,322.6,319,0,79.0,41289.0,PC5459,HAFEN KARLSRUHE,,3.6
2026-09-30T12:00:13.597405+00:00,230694000,FINNECO 1,51.3545,3.1766216666666667,0.0,68.2,47,5,74.0,84966.0,OJTO,BEZEE,9856830.0,6.6
2026-09-30T12:00:13.597557+00:00,341100002,MJ SOFIA,36.475255,27.893698333333337,11.2,274.2,511,0,70.0,,V4RN6,TARTUS,9113381.0,9.8
2026-09-30T12:00:14.052477+00:00,229955000,CMA CGM SEATTLE,37.7587,-122.70016833333334,8.9,240.6,240,0,71.0,89856.0,9HA5642,USOAK,9290098.0,11.1
2026-09-30T12:00:14.176934+00:00,372213000,GEMINI OCEAN,47.62403166666666,-122.37131666666667,0.0,63.0,136,5,70.0,74745.0,H3DT,US SEA,9798832.0,10.5
2026-09-30T12:00:14.278321+00:00,352246000,NEW ENDEAVOR,51.397385,3.7547166666666665,0.1,33.7,272,0,70.0,74745.0,3FAT,NL VLI,9579638.0,6.7
2026-09-30T12:00:14.278506+00:00,667001963,RAZONI,37.373635,-0.8398566666666666,11.9,228.0,226,0,70.0,44640.0,9LU2766,RO CND,9086526.0,5.8
2026-09-30T12:00:14.353376+00:00,538071695,UGLY BETTY,37.86451,-122.491775,0.0,222.4,511,0,,,V7A5225,"SAUSALITO, CA",,1.5
2026-09-30T12:00:14.473991+00:00,244110544,STENA FORETELLER,53.62953,-0.19537666666666667,0.0,162.7,129,5,71.0,48921.0,PHCS,GBIMM<>NLRTM,9214666.0,7.1
2026-09-30T12:00:14.474355+00:00,316045066,MV ONGIARA,43.628056666666666,-79.38886166666666,1.5,39.4,511,15,,,VC 4161,Unknown,6410374.0,
2026-09-30T12:00:14.708318+00:00,266283000,OBERON,38.641193333333334,-74.55332166666668,1.3,354.6,10,0,70.0,77356.0,SKJF,US BAL,9377509.0,9.2
2026-09-30T12:00:14.834647+00:00,636024024,VELA LEADER,22.481688333333334,113.751135,13.8,172.5,173,0,70.0,65280.0,5LQO9,THLCH,9158288.0,7.5
2026-09-30T12:00:14.834990+00:00,357025000,FENGYUNHE,22.326521666666668,114.13114166666666,0.0,45.1,72,5,71.0,47433.0,3FXG8,JP TYO OFF,9160712.0,8.0
2026-09-30T12:00:14.949097+00:00,538006720,DSI ALTAIR,43.44759166666667,-3.814216666666667,0.0,38.3,185,5,70.0,60825.0,V7NM5,ES SDR,9749245.0,12.0
2026-09-30T12:00:15.035617+00:00,224337930,Unknown,37.49131833333333,-0.85468,8.0,241.8,511,7,,,Unknown,Unknown,,
2026-09-30T12:00:15.256150+00:00,311695000,AMBER ARROW,-32.044443333333334,115.75019666666667,0.0,93.3,40,5,70.0,65280.0,C6TM3,AUFRE,9277826.0,9.3
2026-09-30T12:00:15.256653+00:00,413697720,ANTONGQUANZHOU,22.336098333333332,113.79496166666667,5.7,349.0,351,0,70.0,48384.0,BPMN4,NAN SHA,,10.9
2026-09-30T12:00:15.256818+00:00,636026321,SUB ROSA,48.40488833333333,-123.23252333333333,6.9,240.6,240,0,70.0,74745.0,A8RG9,CAVAN,1094709.0,7.6
2026-09-30T12:00:15.351326+00:00,255917339,LEGIONY POLSKIE,35.98416333333333,-5.396116666666667,6.6,43.5,18,0,70.0,51840.0,CQ2968,KRKAK,9708045.0,9.0
2026-09-30T12:00:15.507787+00:00,352005165,LUCKY BELLA,59.86676166666667,25.978046666666668,0.0,175.3,41,1,70.0,73440.0,3E8328,UST LUGA,9286970.0,7.2
2026-09-30T12:00:15.508190+00:00,477940700,GW DELTA,46.18598166666666,-124.623765,1.0,62.2,68,0,70.0,74745.0,VRVY6,AU HPT,9442483.0,7.2
2026-09-30T12:00:15.508390+00:00,366791000,GEORGE II,33.736515000000004,-118.20986333333333,8.8,122.0,121,0,70.0,91400.0,WFLH,"HONOLULU, HI USA",7729461.0,9.8
2026-09-30T12:00:15.591944+00:00,255806257,MSC VALA II,59.69884166666667,19.94392,10.9,311.3,312,0,74.0,48115.0,CQAR7,FIRAU,9344722.0,9.8
2026-09-30T12:00:16.121249+00:00,538009011,ANQIFENG,36.06471666666666,-5.1633000000000004,0.7,303.0,112,0,70.0,58368.0,V7A4195,DJENDJEN,9519315.0,9.5
2026-09-30T12:00:16.121553+00:00,352001920,SILVER SKY,34.443866666666665,-7.326499999999999,15.3,33.0,32,0,70.0,56217.0,3E3734,SG SIN >> MA CAS,9448140.0,9.0
2026-09-30T12:00:16.404499+00:00,367082220,WILFRED SYKES,43.10218333333333,-82.40356,11.1,34.3,35,0,70.0,43054.0,WC5932,DRUMMOND ISLAND,5389554.0,8.3
2026-09-30T12:00:16.600449+00:00,246894000,HANZE GDANSK,37.435849999999995,24.94021,0.0,303.7,141,5,70.0,51840.0,PCRT,GR JSY,9605188.0,6.8
2026-09-30T12:00:16.600654+00:00,255806092,AS CARELIA,35.244935000000005,-6.919753333333333,17.5,44.2,43,0,70.0,67626.0,CQIX2,MAPTM,9309409.0,8.5
2026-09-30T12:00:16.877355+00:00,373121000,LADY EVINA,-29.771515,31.215073333333333,0.5,65.7,129,1,70.0,44323.0,3FHM3,ZA DUR,9561916.0,10.1
2026-09-30T12:00:17.619355+00:00,255806450,GOLDEN CITRUS,39.71723166666666,-75.51743333333334,0.0,183.8,113,5,70.0,51840.0,CQEP7,USILG,9663740.0,9.0
2026-09-30T12:00:17.875001+00:00,538009008,GOLDEN DAY,36.116260000000004,-4.559475,9.3,273.6,265,0,70.0,73440.0,V7A4193,TR EMBA,9209128.0,14.0
2026-09-30T12:00:17.969473+00:00,636023590,LAKE SAINT ANNE,25.310421666666667,120.46542,16.1,213.7,212,0,70.0,72595.0,5LOL3,AU BNE,9994113.0,8.3
2026-09-30T12:00:17.969775+00:00,636014740,IRENES REMEDY,53.88105333333333,9.147291666666666,10.9,270.4,269,0,74.0,67932.0,A8WG3,DEWVN,9315850.0,10.5
2026-09-30T12:00:18.050557+00:00,538008975,SSI MARVELOUS,40.70818,-73.972915,0.0,311.3,145,5,70.0,49555.0,V7A4144,USNYC,9615327.0,10.4
2026-09-30T12:00:18.050678+00:00,248701000,OPALINE,51.37800166666667,3.166786666666667,14.4,134.6,135,0,71.0,48921.0,9HA2478,BEZEE,9424869.0,6.5
2026-09-30T12:00:18.050778+00:00,477254200,FENG DA HAI,27.636916666666664,-82.563255,0.0,73.2,185,5,70.0,61132.0,VRYA5,MANATEE,1133787.0,7.9
2026-09-30T12:00:18.173783+00:00,357458000,BULK ITALY,47.302816666666665,-2.12814,0.0,18.5,74,5,70.0,74419.0,3EJL5,FRMTX,9875032.0,11.7
2026-09-30T12:00:18.707779+00:00,256575000,NEPTUNE HELLAS,49.12246666666667,-4.7494499999999995,8.1,60.0,62,0,70.0,45158.0,9HA3957,GBSHS,9440148.0,8.7
2026-09-30T12:00:18.918748+00:00,567017000,SARITA NAREE,46.191685,-123.88167833333334,11.7,264.4,264,0,70.0,61132.0,HSDA,GRARY HARBOR,9726413.0,6.9
2026-09-30T12:00:19.028686+00:00,267130705,BD JESETER,47.99843666666666,17.301571666666668,0.0,273.5,511,15,,,OMGE,BRATISLAVA,,
2026-09-30T12:00:19.140299+00:00,563077100,SELINA H,47.27944166666667,-122.43601333333332,0.1,169.0,288,1,70.0,74745.0,9V6018,USTIW,9858515.0,7.3
2026-09-30T12:00:19.274115+00:00,230631000,FINNTIDE,55.51924333333333,18.882706666666664,20.0,177.6,176,0,72.0,57813.0,OJPS,PL GDY,9468920.0,7.0
2026-09-30T12:00:19.274521+00:00,227300000,F/V MIREN,43.32322,-1.9255483333333332,0.0,247.7,200,0,,,FHZV,PASAJES,8229353.0,
2026-09-30T12:00:19.637472+00:00,209717000,CONTAINERSHIPSARCTIC,51.45865333333334,0.33358666666666664,0.0,174.2,163,5,71.0,44064.0,5BJD5,GBTIL,9818400.0,8.4
2026-09-30T12:00:19.744325+00:00,310823000,LIVERPOOL EXPRESS,53.554898333333334,9.803973333333333,10.1,288.9,288,0,71.0,97113.0,ZCHC6,DEHAM,9232565.0,10.6
2026-09-30T12:00:20.042470+00:00,636025737,VENUS STAR,38.20567833333334,-9.707941666666667,10.2,343.8,341,0,70.0,74745.0,5LYX5,KOLABAY,9609134.0,7.0
2026-09-30T12:00:20.227099+00:00,563320500,BRAVE PIONEER,27.913335,-119.65218833333333,12.7,321.0,322,0,70.0,74745.0,9VDC7,CN HUH,1031812.0,14.3
2026-09-30T12:00:20.227406+00:00,367719910,Unknown,48.98687833333334,-122.77021666666666,0.4,326.2,511,15,,,Unknown,Unknown,,
2026-09-30T12:00:20.567760+00:00,314214000,AK KHAIRA,56.972926666666666,19.347716666666667,10.6,208.1,206,0,70.0,48115.0,8PSW,TR MER,9300831.0,10.2
2026-09-30T12:00:20.569712+00:00,563032600,WAN HAI 173,27.300801666666665,121.54364666666667,16.2,29.4,32,0,74.0,44582.0,9V5644,THLCH,9350147.0,6.9
2026-09-30T12:00:21.195655+00:00,209786000,VENUS HORIZON,-23.84923,151.310825,0.3,93.8,97,0,70.0,91086.0,5BNP3,AU GLT,9604952.0,12.5
2026-09-30T12:00:21.301390+00:00,511100869,MAYSORA,-1.4693983333333334,-48.76772666666667,0.0,337.9,227,1,70.0,52684.0,T8A4084,BR VDC,8310542.0,9.0
2026-09-30T12:00:21.436401+00:00,636015646,EM KEA,54.377716666666664,18.655226666666668,0.0,348.7,202,5,70.0,74052.0,A8NN6,PLGDN,9334351.0,8.3
2026-09-30T12:00:21.512541+00:00,538011982,JAG AMOL,53.656148333333334,4.09447,11.6,52.6,52,0,70.0,74419.0,V7A3764,COCIE,9676113.0,7.4
2026-09-30T12:00:21.920525+00:00,477019500,JNS RIVER,36.00609,-5.454738333333333,9.9,250.2,246,0,70.0,51552.0,VRWI4,QUEBEC CANADA,1045227.0,10.7
2026-09-30T12:00:21.920785+00:00,267010043,BD ONDAVA,47.87508166666667,17.541393333333335,0.0,0.0,511,15,,,OMDS,GABCIKOVO,,
2026-09-30T12:00:22.224452+00:00,636024910,MARMARIS M,36.99677666666666,-9.434951666666667,10.7,352.9,348,0,70.0,51840.0,5LUW6,GIGIB,9450791.0,10.3
2026-09-30T12:00:22.225051+00:00,244750257,RAPIDE STONE 1,51.245755,4.335030000000001,7.5,134.0,511,0,79.0,,PE2166,Unknown,,
2026-09-30T12:00:22.283545+00:00,304128000,Unknown,-18.137265,178.41365,0.0,344.0,84,1,,,Unknown,Unknown,,
2026-09-30T12:00:22.929938+00:00,413146000,XIN CHANG SHA,49.072268333333334,-4.89666,11.0,57.8,60,0,71.0,90892.0,BPBS,ESALG,9312559.0,12.2
2026-09-30T12:00:22.930107+00:00,247294700,EUROCARGO MALTA,39.211145,9.106316666666666,0.0,51.6,148,0,71.0,53040.0,IBKU,ITCAG>ESSAG,9465514.0,6.8
2026-09-30T12:00:23.213941+00:00,353381000,FLOURISH B,55.139755,14.17165,10.6,220.9,220,0,70.0,58368.0,3EVS9,RU LED,9237199.0,6.4
2026-09-30T12:00:23.511353+00:00,367276000,WASHINGTON CHAMBERS,32.808683333333335,-117.66432,12.5,82.1,85,0,,70686.0,NCHA,0,9551997.0,8.8
2026-09-30T12:00:23.522898+00:00,352001656,ETG UBUNTU,55.45932333333334,14.700903333333335,9.9,240.5,244,0,70.0,61132.0,3E2684,LV RIX,9952907.0,13.5
2026-09-30T12:00:23.523268+00:00,563106200,ARAUCARIA,55.62773666666667,10.795708333333332,12.6,339.4,341,0,79.0,51840.0,9V6732,SE GOT,9882994.0,10.1
2026-09-30T12:00:23.624483+00:00,244770321,DE MAURICE,53.09983666666667,5.824493333333334,0.0,0.0,511,15,,,PH9205,Unknown,,0.2
2026-09-30T12:00:23.739595+00:00,417222410,CEYLON PRINCESS,-1.9835866666666666,105.011645,9.9,354.5,358,0,70.0,61132.0,4REB,TANJUNG KAMPEH,9734575.0,6.9
2026-09-30T12:00:23.862295+00:00,636026076,INTENSITY,49.304338333333334,-123.060005,0.0,248.0,68,5,70.0,74745.0,A8HM9,CAVAN,1078054.0,9.0
2026-09-30T12:00:23.899508+00:00,636022466,VANTAGE GEILO,50.44399166666667,-0.391565,7.6,252.5,251,0,70.0,49276.0,5LIX9,TR SSX,9726853.0,9.2
2026-09-30T12:00:24.109080+00:00,413228580,Unknown,26.508583333333334,120.48613333333333,10.8,33.8,35,0,,,Unknown,Unknown,,
2026-09-30T12:00:24.319139+00:00,205717000,LA TONDA,-34.43960833333333,-58.41726666666667,10.5,150.4,150,0,70.0,61132.0,ONIY,ARSLO,9748485.0,6.6
2026-09-30T12:00:24.319487+00:00,305425000,BULKNES,55.025333333333336,9.4395,0.0,217.0,256,0,70.0,43929.0,V2EG6,DKAAB,9384370.0,10.9
2026-09-30T12:00:24.319925+00:00,538011197,WF FILIPPOS,54.529250000000005,18.552323333333334,0.0,326.8,263,5,70.0,74745.0,V7A6757,PLGDY,9687681.0,12.7
2026-09-30T12:00:24.753727+00:00,368926628,HOLLAND,31.985343333333333,-80.76509833333333,23.7,119.3,511,0,,,AEUD,;,,
2026-09-30T12:00:24.867730+00:00,636022285,PARALOS,-29.645403333333334,31.449588333333335,11.6,78.2,81,0,79.0,44323.0,5LIA9,ZADUR,9325099.0,5.5
2026-09-30T12:00:24.946095+00:00,226009990,EDITH PIAF,48.86169333333333,2.2956133333333333,0.0,360.0,511,3,79.0,,FM6096,Unknown,,
2026-09-30T12:00:25.049901+00:00,636018603,MSC TANIA,39.43981,-0.32759,0.0,119.6,111,5,70.0,68870.0,D5QM6,VALENCIA,9316373.0,8.9
2026-09-30T12:00:25.473925+00:00,356680000,ZHENG RUN,57.514604999999996,11.357826666666666,11.5,153.2,153,0,70.0,74745.0,3FFV2,UST LUGA RU,9593816.0,7.2
2026-09-30T12:00:25.687715+00:00,636022855,MINORCA,54.71970666666667,-1.0280533333333333,5.3,260.4,250,0,70.0,74745.0,5LKT2,GBPTL-GBTEE,9956214.0,10.0
2026-09-30T12:00:25.831549+00:00,354456000,BULK PRIDE,39.708623333333335,-75.51282666666665,0.0,247.0,16,5,70.0,58368.0,3EUP6,WILMINGTON,9440916.0,11.9
2026-09-30T12:00:25.901372+00:00,525012357,MV PRILLY,-10.098558333333333,123.49665333333334,8.5,332.0,511,5,79.0,,YBDL2,KUPANG,8816364.0,6.3
2026-09-30T12:00:25.901640+00:00,219234000,HOLLANDIA SEAWAYS,51.90447166666667,4.362303333333333,0.0,52.4,170,5,79.0,82538.0,OXUD2,VLA-IMM-VLA,9832585.0,6.4
2026-09-30T12:00:26.052781+00:00,538010441,NEVER ON SUNDAY,28.410895,-80.6122,0.0,10.8,271,5,70.0,61132.0,V7A6041,US PCV,9952232.0,11.5
2026-09-30T12:00:26.053130+00:00,352005218,NORSE IKUCHI,34.04756,-7.831063333333334,0.9,196.6,245,0,70.0,52704.0,3E8368,MA CAS,9990698.0,10.3
2026-09-30T12:00:26.225418+00:00,248660000,CMA CGM NEVA,31.928473333333333,-80.595765,9.5,278.0,276,0,71.0,59904.0,9HA4749,NZTRG-PAPCN,9745548.0,11.0
2026-09-30T12:00:26.353614+00:00,374637000,SANTANDER,56.53276833333334,20.997408333333333,0.0,103.2,349,5,70.0,65280.0,3FRH,LV LPX,9916305.0,7.2
2026-09-30T12:00:26.354132+00:00,636022786,DA DAN XIA,26.974286666666668,121.89347333333333,11.5,223.2,223,0,70.0,44620.0,5LKL5,RO CND,9451290.0,7.0
2026-09-30T12:00:26.434960+00:00,525018380,PUSRI INDONESIA 1,-5.603758333333333,109.01658666666667,6.5,310.2,311,8,70.0,,JZXM,PALEMBANG,9711640.0,4.6
2026-09-30T12:00:26.536391+00:00,355398000,SINLAU BULKER,46.15887333333333,-124.84792999999999,1.0,145.0,70,0,70.0,51840.0,H3GM,CAVAN,9749960.0,6.4
2026-09-30T12:00:26.754978+00:00,538009110,MARINA I,-23.98022166666667,-46.29078333333334,0.0,302.1,191,5,70.0,74745.0,V7A4332,BR SSZ,9687837.0,7.1
2026-09-30T12:00:26.755176+00:00,538010446,AQUAVITA TRUST,22.368643333333335,113.92207499999999,0.1,224.1,293,5,70.0,60211.0,V7A6051,HKHKG,9826445.0,12.1
2026-09-30T12:00:26.883333+00:00,211247105,Unknown,53.50766,0.06858166666666667,54.7,8.0,7,5,,,Unknown,Unknown,,
2026-09-30T12:00:26.976925+00:00,636025120,HONEY BADGER,2.3211066666666667,101.81451333333332,9.9,308.8,309,0,70.0,65280.0,5LVX2,INVTZ>SGSIN(PEBGB),9711315.0,6.4
2026-09-30T12:00:26.977100+00:00,413471970,RU YI SONG,2.2656666666666667,101.80326833333334,12.1,128.0,127,0,70.0,46656.0,BOEG,CN SHG,9608934.0,9.3
2026-09-30T12:00:26.977207+00:00,995331154,Unknown,2.4072233333333335,101.85211166666666,0.0,0.0,0,0,,,Unknown,Unknown,,
2026-09-30T12:00:26.977422+00:00,311038300,ADELIE,-35.32062166666666,118.70985833333334,12.2,87.3,91,0,70.0,53568.0,C6YM9,AU MEL,9207807.0,9.1
2026-09-30T12:00:27.077704+00:00,357381000,HWA LAND,56.32308166666667,17.372613333333334,11.9,53.4,55,0,70.0,73440.0,3FHP9,ST PETERSBURG,9187722.0,7.0
2026-09-30T12:00:27.300766+00:00,538006220,C FORCE,-32.70866,-60.72497166666667,0.0,9.8,8,5,70.0,74745.0,V7KR8,RECALADA,9710543.0,7.6
2026-09-30T12:00:27.530660+00:00,538011000,TWIN DELIGHT,-19.252343333333332,146.83252833333333,0.0,197.8,18,5,70.0,54460.0,V7A6433,SG SIN PEBGB,9984481.0,10.5
2026-09-30T12:00:28.152023+00:00,311000416,DOLE CARIBBEAN,32.65498833333333,-117.22647666666667,11.5,171.8,173,0,70.0,54720.0,C6CA4,US SAN DIEGO,9703071.0,9.4
2026-09-30T12:00:28.152809+00:00,372885000,ZI YUAN,38.607321666666664,-10.089661666666666,9.2,162.1,166,0,79.0,91086.0,3FJL,PORT SAID,9568213.0,14.5
2026-09-30T12:00:28.189361+00:00,225996440,Unknown,42.25402666666666,-8.72889,2.1,281.1,88,0,,,Unknown,Unknown,,
2026-09-30T12:00:28.189762+00:00,229859000,LUCKY EFFIE,57.271989999999995,8.102988333333334,9.5,56.6,58,0,70.0,73440.0,9HA3669,IN PRT,9288461.0,13.6
2026-09-30T12:00:28.773897+00:00,636018322,MSC ASLI II,53.572705,8.540706666666667,0.0,50.3,150,5,71.0,59761.0,D5PF2,DEBRV,9162631.0,11.4
2026-09-30T12:00:28.999930+00:00,209543000,THETIS D,50.19245,-0.6570516666666666,15.1,71.0,74,0,72.0,41932.0,5BEU5,GBGRK,9372274.0,7.7
2026-09-30T12:00:29.113303+00:00,413063000,XIN NAN TONG,40.6719,14.742771666666666,0.0,8.1,298,5,70.0,90892.0,BPBJ,GRPIR,9262132.0,11.6
2026-09-30T12:00:29.227071+00:00,441788000,KMTC ULSAN,25.476608333333335,120.51703333333333,17.2,51.5,51,0,72.0,43286.0,DSRD9,TH LCH,9131864.0,6.8
2026-09-30T12:00:29.340571+00:00,636025687,CAPTAIN LEONARD,32.954505,34.70523333333333,2.2,149.8,193,0,70.0,56832.0,5LYR3,SEA,9425887.0,7.3
2026-09-30T12:00:29.520114+00:00,636023461,FIONA,41.30350333333333,2.2032700000000003,0.1,45.3,161,1,70.0,44160.0,5LNV4,ESBCN,9149885.0,7.6
2026-09-30T12:00:29.520322+00:00,563060800,CAPITAINE TASMAN,-18.131846666666668,178.42440666666667,0.0,293.0,203,5,70.0,45926.0,9V5992,"SUVA, FJ",9354533.0,9.5
2026-09-30T12:00:29.704326+00:00,538006713,RICSEA,-33.599423333333334,151.67973333333333,1.9,231.1,280,0,79.0,88760.0,V7QL4,AU NTL,9574432.0,8.0
2026-09-30T12:00:30.353557+00:00,636025365,IDEE FIXE,54.883968333333335,20.040895,1.5,36.4,109,1,70.0,65280.0,5LXB9,PL GDY,9700677.0,12.8
2026-09-30T12:00:30.928257+00:00,563232400,ASIAN ETERNITY,36.132198333333335,-7.741271666666666,11.7,277.7,277,0,70.0,65280.0,9V8961,US MSY,9991472.0,13.5
2026-09-30T12:00:30.928392+00:00,205333090,CHRISTARO,52.14087833333333,5.026008333333333,8.8,131.0,511,11,,,OT3330,@@@@@@@@@@@@@@@@@@,,
2026-09-30T12:00:31.250505+00:00,210332000,DP WORLD LIMASSOL,53.56916666666667,9.670166666666667,12.3,280.0,280,0,73.0,43545.0,5BWX5,LVRIX,9432232.0,7.3
2026-09-30T12:00:31.250839+00:00,657200700,Unknown,4.685896666666666,7.159088333333333,6.9,13.6,511,8,,,Unknown,Unknown,,
2026-09-30T12:00:31.251015+00:00,563158900,MAERSK VERACRUZ,1.2275449999999999,103.94809000000001,16.2,67.1,68,0,70.0,45360.0,9V8085,MYTPP>KHKOS,9436173.0,9.7
2026-09-30T12:00:32.602423+00:00,221231740,Unknown,51.81940833333333,4.704759999999999,0.0,2.0,272,15,,,Unknown,Unknown,,
2026-09-30T12:00:32.602847+00:00,563991000,APIA CHIEF,-17.600555,177.41822666666667,1.4,100.0,87,0,73.0,57120.0,9V9832,SGSIN,9614529.0,9.0
2026-09-30T12:00:32.603084+00:00,304829000,FJORDNES,54.398905,18.682158333333334,0.3,73.2,22,5,70.0,52896.0,V2HF8,PLGDN,9880855.0,10.5
2026-09-30T12:00:32.832350+00:00,311001549,BTG MISTI,1.2827133333333334,103.98598,0.0,295.9,269,1,70.0,74745.0,C6HR9,KR KPO,9952488.0,14.7
2026-09-30T12:00:33.154728+00:00,259307000,HOEGH STARLIGHT,54.984945,-1.4634966666666667,0.0,32.6,123,5,70.0,77520.0,LAUN8,GBNCL>NLAMS,9971276.0,9.3
2026-09-30T12:00:33.155446+00:00,354804000,BUNUN FORTUNE,51.914405,4.241681666666667,6.8,127.4,125,0,70.0,51840.0,3EIC3,NL RTM,9707833.0,10.1
2026-09-30T12:00:33.155580+00:00,538005113,ALGOMA VISION,32.434061666666665,-117.74982,11.6,161.3,162,0,70.0,74745.0,V7BC3,LONG BEACH.USA,9640944.0,8.4
2026-09-30T12:00:33.155933+00:00,538006707,JAG ANJALI,46.037123333333334,-124.42786166666666,5.6,53.1,53,0,70.0,74745.0,V7QK4,USVAN,9723136.0,7.4
2026-09-30T12:00:33.290611+00:00,352006218,NORD RIVER,38.04174,23.529960000000003,0.0,46.4,120,5,70.0,65280.0,3E7830,GR FLS,1028243.0,7.0
2026-09-30T12:00:33.752815+00:00,538012332,GLOVIS LIGHTHOUSE,48.517113333333334,-125.12643833333333,12.5,269.8,269,0,70.0,93840.0,V7B2691,KR USN,1044340.0,8.2
2026-09-30T12:00:33.819569+00:00,244630391,PRESENT,51.811665,4.6555599999999995,0.0,277.4,511,0,,,PD3635,LIER,,2.4
2026-09-30T12:00:34.291565+00:00,367347670,SEASTREAK HIGHLANDS,40.64895833333333,-74.05292666666666,30.2,23.9,31,15,,,WDE4031,Unknown,9270270.0,
2026-09-30T12:00:34.423633+00:00,636016243,W-PACIFIC,-23.898668333333333,151.58657,0.5,54.8,78,1,70.0,74745.0,D5FE8,AU GLT,9596650.0,7.1
2026-09-30T12:00:34.423983+00:00,255916259,SEA ARROW,26.149526666666667,122.49077000000001,11.5,57.7,61,0,70.0,60825.0,CQ2688,SGSIN,9792034.0,12.6
2026-09-30T12:00:34.701560+00:00,244710057,KOOPHANDEL,52.205605,4.406615,0.0,360.0,511,15,,,PB8354,BRUINISSE,,
2026-09-30T12:00:35.118181+00:00,244700375,RIVIERA,51.80726333333334,4.647883333333334,0.1,144.6,37,0,79.0,43776.0,PE6186,SCHWELGERN,,1.9
2026-09-30T12:00:35.118545+00:00,636026186,ASTROS,35.51060333333333,-7.897015,13.4,252.2,256,0,70.0,65280.0,A8NA6,TR ISK,9737060.0,13.2
2026-09-30T12:00:35.474186+00:00,440568000,SM MUMBAI,48.608736666666665,-126.12657833333333,12.6,100.2,100,0,71.0,89856.0,D8PH,KRPUS,9401051.0,9.0
2026-09-30T12:00:35.981293+00:00,341698001,AL ZAHRAA,54.43180333333333,11.986278333333333,10.9,273.7,275,0,70.0,44582.0,V4CC6,LVRIX,9255062.0,6.2
2026-09-30T12:00:35.981568+00:00,273127630,Unknown,49.214690000000004,-4.609934999999999,10.9,57.1,60,0,,,Unknown,Unknown,,
2026-09-30T12:00:36.502742+00:00,229257000,BOGDAN,43.19742833333333,27.784791666666667,0.0,0.0,155,0,70.0,43776.0,9HA5315,BGVAR,9905710.0,6.2
2026-09-30T12:00:36.859436+00:00,563176800,WAN HAI 356,22.28529166666667,114.10451833333333,11.6,336.7,336,0,73.0,72828.0,9V7385,TW TPE,9554078.0,11.0
2026-09-30T12:00:36.888926+00:00,368025040,Unknown,48.75653666666666,-122.50571,0.0,108.6,511,15,,,Unknown,Unknown,,
2026-09-30T12:00:37.227555+00:00,255805689,RIVA,-32.69609666666666,-60.72282,0.0,321.2,350,5,70.0,55296.0,CQEM,ARSLO,9693331.0,6.3
2026-09-30T12:00:37.502491+00:00,366302562,LCM ANGELIQUE,48.10814666666667,-88.546245,0.0,237.8,511,0,70.0,,WRB4124,H0UGHTON MI,,2.0
2026-09-30T12:00:37.502839+00:00,538005936,SAGITTARIUS,65.00023333333334,25.403399999999998,0.0,0.0,288,5,70.0,43804.0,V7IF9,FI OUL,9550254.0,8.6
2026-09-30T12:00:37.502945+00:00,311001926,ATLANTIC SAMURAI,49.331865,-123.24871499999999,0.0,5.4,90,5,70.0,74745.0,C6JO5,CA VAN,9783980.0,10.5
2026-09-30T12:00:37.504106+00:00,538004895,STARSHIP PEGASUS,27.490225000000002,122.35496499999999,14.7,216.9,217,0,71.0,46233.0,V7ZR3,KR PUS,9656759.0,7.7
2026-09-30T12:00:37.615875+00:00,314540000,PRINCESS FAYZAH,37.08440666666667,-9.381408333333333,10.5,350.7,349,0,70.0,43804.0,8PAZ5,EG ALY,9260859.0,9.6
2026-09-30T12:00:37.808723+00:00,248779000,ALMYROS,27.932461666666665,-82.434005,0.0,285.2,180,5,70.0,58060.0,9HA2510,TAMPA USA,9584138.0,7.3
2026-09-30T12:00:37.808962+00:00,538004093,PELLA,48.47769166666667,-125.63052166666667,9.3,95.3,96,0,70.0,74745.0,V7VD4,USKAM,9510321.0,6.7
2026-09-30T12:00:37.875393+00:00,356639000,COOL EAGLE,54.88374666666667,20.040478333333333,7.6,359.8,235,0,70.0,54720.0,H9PJ,>PACTB,9889801.0,8.4
2026-09-30T12:00:37.875551+00:00,219170000,VAGA MAERSK,52.76135,4.126783333333333,8.9,36.3,37,0,71.0,73440.0,OWAO2,GBTIL->NLROT1,9778545.0,10.4
2026-09-30T12:00:37.922874+00:00,667002375,GOLDEN MALAK,49.44996166666667,0.81747,12.1,187.9,197,0,70.0,44179.0,9LS2078,FRURO,9578995.0,6.2
2026-09-30T12:00:38.014552+00:00,576944000,Unknown,25.038515,122.845595,9.3,194.1,196,0,,,Unknown,Unknown,,
2026-09-30T12:00:38.014673+00:00,636014241,COTE D IVOIRIAN STAR,28.136015,-16.214905,15.4,220.8,222,0,70.0,42624.0,A8SL4,CIABJ,9172478.0,9.2
2026-09-30T12:00:38.360355+00:00,352002310,LADY MERAL,36.331273333333336,-0.779975,12.5,76.6,74,0,70.0,44582.0,3E3522,TRISK,9311311.0,6.7
2026-09-30T12:00:38.569994+00:00,414323000,TIAN HAO 17,25.512293333333332,120.20377333333333,8.6,222.2,218,0,70.0,73440.0,BQYI,HONG KONG,9189213.0,13.9
2026-09-30T12:00:38.570158+00:00,538010029,EMMANUEL P,35.612899999999996,139.762635,0.0,143.6,344,5,74.0,89856.0,V7A5488,JP YOK,9290127.0,10.5
2026-09-30T12:00:38.615505+00:00,563315700,INCE EREGLI,57.46951,8.755808333333333,11.0,58.3,60,0,70.0,61132.0,9VMP3,EETLL,1044039.0,7.3
2026-09-30T12:00:38.615918+00:00,311000321,HELIOS RAY,54.05256333333333,7.481308333333333,2.9,148.1,144,0,70.0,73440.0,C6BO7,DE BRV,9690547.0,9.0
2026-09-30T12:00:38.825221+00:00,538006959,ERSOZ EAST,59.847025,24.985748333333333,10.8,261.2,260,0,70.0,63043.0,V7TF9,RULED,9710531.0,7.0
2026-09-30T12:00:38.847968+00:00,657934000,Unknown,4.690343333333333,7.158586666666666,0.0,286.2,511,13,,,Unknown,Unknown,,
2026-09-30T12:00:39.188149+00:00,548255800,MAMA CON 1,-1.29356,117.09707333333334,0.1,311.5,227,1,70.0,49996.0,DUE4513,TANJUNG KAMPEH,9610638.0,5.9
2026-09-30T12:00:39.470768+00:00,538012459,DELINA,-33.26956166666667,115.61055666666667,0.3,336.8,235,0,70.0,51840.0,V7B2882,AU BUY,9866548.0,6.5
2026-09-30T12:00:39.635965+00:00,538007258,ELBABE,59.702705,23.751170000000002,12.3,250.9,254,0,70.0,65280.0,V7CX7,RU ULU,9725471.0,6.8
2026-09-30T12:00:39.961945+00:00,572960220,TAICHUNG,26.636666666666667,122.77749999999999,15.4,54.0,58,0,74.0,49190.0,T2LJ6,JPOSA,9194505.0,8.4
2026-09-30T12:00:40.076742+00:00,226010780,AMAZONE,49.42724,0.864395,0.0,45.0,511,0,79.0,,FM6182,BOUAFLES,,2.4
2026-09-30T12:00:40.076909+00:00,564895000,CRIMSON KINGDOM,51.4116,2.6428783333333334,0.1,38.1,41,1,70.0,81396.0,9V3468,BE GNE,9748033.0,14.5
2026-09-30T12:00:40.399961+00:00,242695100,EVA,35.79292,-5.80677,0.0,0.0,0,0,,,CNA2648,Unknown,,
2026-09-30T12:00:40.400539+00:00,354214000,ANTAKYA_M,36.26664666666667,-8.006185,11.6,104.3,108,0,70.0,58368.0,3FXB3,EG PSD,9302803.0,12.2
2026-09-30T12:00:40.403317+00:00,538006304,VICTORIA,51.876178333333336,3.506518333333333,0.1,308.4,53,1,70.0,65280.0,V7LN2,NL RTM,9738466.0,13.4
2026-09-30T12:00:40.580693+00:00,368495890,BELVEDERE,31.150385000000004,-81.49982833333334,0.0,228.7,247,5,,,WDR4223,BRUNSWICK GA,123400000.0,2.2
2026-09-30T12:00:40.726898+00:00,538008683,LOUISA BOLTEN,50.37885000000001,-0.2614166666666667,10.0,238.6,241,0,70.0,48115.0,V7A2655,FRURO,9406049.0,6.4
2026-09-30T12:00:40.727147+00:00,636024258,WANTAI,-6.063138333333333,110.11395833333333,15.0,102.7,102,0,70.0,68544.0,5LRT2,CNYTN,9168207.0,9.9
2026-09-30T12:00:40.773169+00:00,354141000,QUEEN ISLAND,54.403663333333334,18.672615,0.0,13.8,102,5,70.0,51840.0,3EQB4,PLGDN,9741188.0,9.7
2026-09-30T12:00:40.904305+00:00,366479000,ENDURANCE,53.310275000000004,4.504948333333333,11.9,200.7,197,0,79.0,91584.0,WDE9586,DEBRV,9121273.0,8.6
2026-09-30T12:00:41.636710+00:00,373556000,LUFFY,57.246113333333334,11.818171666666666,11.2,136.5,138,0,70.0,58368.0,3EZZ9,RU ULU,9609249.0,6.6
2026-09-30T12:00:41.637162+00:00,710000200,MERCOSUL SUAPE,-23.959061666666667,-46.298973333333336,0.0,37.8,137,5,79.0,64566.0,PPUW,BRRIG>BRNT,9356141.0,11.1
2026-09-30T12:00:41.637437+00:00,352005142,CL SPRUCE,22.373446666666666,113.77929999999999,11.2,154.1,154,0,70.0,61132.0,3E8308,PECHY,1021374.0,13.5
2026-09-30T12:00:41.638098+00:00,538011977,AGIA IRINI,50.5131,-0.11315,10.1,254.0,253,0,70.0,51840.0,V7A3753,MXVER,9574042.0,10.5
2026-09-30T12:00:41.847984+00:00,636013644,TONGALA,51.29618166666667,4.268878333333333,0.0,89.9,213,5,71.0,89856.0,A8OK3,BEANR>DEBRV,9278105.0,9.7
2026-09-30T12:00:41.963255+00:00,244690697,MONTANA,51.968088333333334,4.0387200000000005,0.1,112.7,290,5,79.0,44467.0,PF8808,DP WORLD TERMINALS G,,1.7
2026-09-30T12:00:42.098173+00:00,538009101,FUAT BEY,-33.871585,18.304266666666667,1.0,157.3,184,0,70.0,51552.0,V7A4315,ES LPA,9663817.0,10.1
2026-09-30T12:00:42.294049+00:00,247416300,GRANDE SVEZIA,49.473931666666665,0.18436833333333333,0.0,212.0,338,0,70.0,85272.0,IBJR,FRLEH,9992622.0,9.3
2026-09-30T12:00:42.563659+00:00,538008266,FEDERAL YUKINA,45.40800333333333,-73.58701666666666,4.5,89.3,90,0,70.0,46920.0,V7A2165,US DET,9476977.0,8.2
2026-09-30T12:00:42.786421+00:00,412371250,Unknown,27.63449166666667,121.67784,10.1,219.2,217,0,,,Unknown,Unknown,,
2026-09-30T12:00:42.786724+00:00,367336730,Unknown,48.755453333333335,-122.50444166666666,0.0,133.3,511,15,,,Unknown,Unknown,,
2026-09-30T12:00:43.130222+00:00,316018031,ALGOMA GUARDIAN,43.277836666666666,-79.79667333333333,0.0,261.5,198,5,70.0,52081.0,CFK9698,THUNDER BAY,8505850.0,8.1
2026-09-30T12:00:43.130492+00:00,542808110,Unknown,26.420360000000002,120.999385,13.2,28.7,30,0,,,Unknown,Unknown,,
2026-09-30T12:00:43.512602+00:00,636024124,CL ZHANJIANG,-33.35792166666667,-60.146550000000005,10.3,289.1,290,0,70.0,61132.0,5LRC4,TZ TGT>GH TKD,9977359.0,12.0
2026-09-30T12:00:43.512924+00:00,636093322,CHIQUITA HARVESTER,50.37194,-0.6821400000000001,10.2,256.6,254,0,70.0,46233.0,5LSP2,CRMOB,9976226.0,8.1
2026-09-30T12:00:44.159953+00:00,230652000,NORSKY,51.45174166666666,0.38683666666666666,0.0,251.4,84,5,73.0,44928.0,OJRB,NLRTM<->GBTIL,9186182.0,5.8
2026-09-30T12:00:44.277382+00:00,244010770,TEUNIS,51.392755,3.7408366666666666,0.2,14.7,511,0,79.0,45158.0,PD3211,ZELZATE,,4.0
2026-09-30T12:00:44.632314+00:00,310826000,GLASGOW EXPRESS,35.90985833333333,-5.537985000000001,9.8,354.6,2,0,70.0,97113.0,ZCHC8,MAPTM,9232589.0,10.5
2026-09-30T12:00:44.654943+00:00,366565000,KEYSTONE STATE,37.82141166666667,-122.30977,0.0,358.4,110,5,70.0,47623.0,WCJI,N/A,6605022.0,9.7
2026-09-30T12:00:44.767129+00:00,563142900,SEA PRAJNA,-28.861,15.607133333333334,10.4,162.0,163,0,70.0,56217.0,9V7428,CI ABJ,9401958.0,11.7
2026-09-30T12:00:45.035562+00:00,212006000,JUDITH,59.793980000000005,24.476505,12.2,255.8,255,0,71.0,40800.0,5BKY2,DEHAM,9359260.0,9.2
2026-09-30T12:00:45.214376+00:00,248592000,FADIQ,37.9018,24.602283333333332,14.9,25.3,24,0,71.0,55692.0,9HA4716,FRSET,9809590.0,6.8
2026-09-30T12:00:45.450342+00:00,538009298,NORDIC OASIS,52.04881666666667,3.2760283333333335,13.5,269.1,272,0,79.0,73440.0,V7A4560,NLRTM > USCEN,9727120.0,7.3
2026-09-30T12:00:45.450970+00:00,563190300,WAN HAI 363,35.536588333333334,139.86548833333333,5.0,314.2,320,0,72.0,72828.0,9V7395,JP TYO,9930404.0,10.6
2026-09-30T12:00:45.711664+00:00,477885100,SITC SHUNDE,35.587655000000005,139.80123666666665,0.0,286.4,306,5,71.0,46233.0,VRVG2,JP TYO CW,9940239.0,8.9
2026-09-30T12:00:45.891630+00:00,271049958,MED TRABZON,37.95672666666667,23.596236666666666,0.0,85.7,347,5,71.0,45427.0,TCA6908,SIKOP,9141780.0,8.8
2026-09-30T12:00:46.199475+00:00,538004890,VIGOROUS,-23.966571666666667,-46.29728166666666,9.1,309.9,313,0,70.0,51840.0,V7ZQ2,BRSSZ,9546239.0,10.6
2026-09-30T12:00:46.368982+00:00,338145000,ARC DEFENDER,53.56704833333333,8.562333333333333,0.0,6.1,15,0,70.0,65280.0,WDM6793,USBAL>DEBRV,9375264.0,9.5
2026-09-30T12:00:46.442542+00:00,249157000,CMA CGM ALTAMIRA,44.845850000000006,14.127268333333335,7.6,209.5,209,0,71.0,62730.0,9HA6133,ITTAR > HRRJK,9961350.0,8.3
2026-09-30T12:00:46.442944+00:00,538005828,Unknown,-19.863666666666667,-40.06933333333333,0.1,99.0,217,3,,,Unknown,Unknown,,
2026-09-30T12:00:46.484401+00:00,246521000,TIMCA,61.126565,21.440005,0.0,59.5,261,5,71.0,54366.0,PHFL,BEANR,9307358.0,8.2
2026-09-30T12:00:46.728669+00:00,316001633,CSL ASSINIBOINE,45.68964666666667,-73.45342666666667,7.4,196.1,189,0,70.0,55324.0,VCKQ,QUEBEC SEC 52,7413218.0,8.1
2026-09-30T12:00:46.792305+00:00,636016990,RED ZED 1,51.08177833333333,1.5389383333333333,6.1,224.9,221,0,70.0,95176.0,D5IU2,SCHEVENINGEN ANCHORG,9633977.0,8.3
2026-09-30T12:00:46.792416+00:00,538005698,URSA MINOR,45.65992166666667,13.7622,0.0,353.0,339,0,70.0,55296.0,V7GD9,ITTRS,9711767.0,7.3
2026-09-30T12:00:46.996702+00:00,538011295,MANTA URAZ,51.12935166666667,1.695065,12.6,37.5,36,0,70.0,51840.0,V7A6922,NLRTM,9749996.0,6.3
2026-09-30T12:00:47.207834+00:00,311038300,ADELIE,-35.32056,118.71132666666668,12.3,86.6,91,0,70.0,53568.0,C6YM9,AU MEL,9207807.0,9.1
2026-09-30T12:00:47.208020+00:00,366563000,MAHIMAHI,37.79337666666667,-122.30025333333333,0.0,0.4,272,5,70.0,90547.0,WHRN,USOAK,7907996.0,9.3
2026-09-30T12:00:47.491046+00:00,657200700,Unknown,4.686423333333334,7.159293333333333,6.3,7.4,5,0,,,Unknown,Unknown,,
2026-09-30T12:00:47.792770+00:00,352002095,DAFENGGANGLIMINGHAO,1.20969,103.87354,11.7,229.7,234,0,70.0,43814.0,3E3777,FUJAIRAH,9188790.0,8.5
2026-09-30T12:00:47.884402+00:00,563001900,STRATEGIC SAVANNAH,29.734716666666667,-95.14405666666667,0.0,360.0,95,5,79.0,51840.0,9V5259,US LCH,9686338.0,9.8
2026-09-30T12:00:47.979890+00:00,636015891,AFRICAN HHB,57.04852166666667,11.730345,10.2,345.2,343,0,70.0,45360.0,D5DI8,ES LPA,9666429.0,8.8
2026-09-30T12:00:48.100558+00:00,311000403,PEAK RAINIER,49.180665,-122.91825833333334,0.0,5.2,19,5,70.0,74745.0,C6BY6,CA VAN,9710139.0,10.4
2026-09-30T12:00:48.668634+00:00,636093090,DIANE OLDENDORFF,-2.028861666666667,105.01204,8.9,5.5,5,0,70.0,91086.0,5LFA3,SG SIN PEBGC,9860362.0,15.0
2026-09-30T12:00:48.758395+00:00,373148000,M.V.SIDER MADEIRA,35.20479666666667,-7.05865,10.9,219.8,224,0,70.0,67320.0,3FTQ6,EGSUZ,9853620.0,7.1
2026-09-30T12:00:48.953680+00:00,245167000,Unknown,52.64064666666666,5.089375,0.0,357.6,246,5,,,Unknown,Unknown,,
2026-09-30T12:00:49.603259+00:00,440585000,KMTC KEELUNG,26.517123333333334,120.91164166666667,16.0,207.5,207,0,70.0,43545.0,DSOF3,SG SIN,9157741.0,9.1
2026-09-30T12:00:49.603572+00:00,636092734,GOLDEN GRAINS,53.487165,6.825285,10.5,136.2,139,0,70.0,52128.0,D5LY3,NLDZL,9777723.0,6.5
2026-09-30T12:00:49.603669+00:00,224016170,Unknown,36.997965,-1.8240883333333333,2.0,336.4,511,7,,,Unknown,Unknown,,
2026-09-30T12:00:49.604290+00:00,563233300,STAR ILLUSION,46.24035333333334,-123.71477499999999,0.2,214.7,308,1,70.0,74745.0,9V8751,US LOG,9970260.0,7.0
2026-09-30T12:00:49.679024+00:00,308271000,BONTRUP AMSTERDAM,52.82589666666667,3.917215,10.9,328.0,331,0,70.0,73440.0,C6JT8,NLAMS,8110681.0,12.7
2026-09-30T12:00:49.679224+00:00,226010780,AMAZONE,49.42723,0.8644149999999999,0.0,51.5,511,0,79.0,,FM6182,BOUAFLES,,2.4
2026-09-30T12:00:50.955815+00:00,249204000,ERMIS,51.959028333333336,3.5893583333333337,6.4,71.2,69,0,70.0,77081.0,9HA6164,NL RTM,9723643.0,13.8
2026-09-30T12:00:51.091896+00:00,248164000,TRUSTEE,52.377195,4.299708333333333,13.3,188.4,511,0,79.0,99603.0,9HA6538,NLSCE,8902955.0,8.5
2026-09-30T12:00:51.238348+00:00,636026166,MSC CLARITA III,39.438608333333335,-0.328685,0.0,277.8,203,5,70.0,69196.0,A8MT5,ES VLC,9300972.0,9.0
2026-09-30T12:00:51.774917+00:00,311001070,ICARIAN SPIRE,45.71401,-122.76391666666667,0.0,195.2,211,1,70.0,51840.0,C6FC5,USPDX,9687136.0,8.4
2026-09-30T12:00:52.473449+00:00,538008902,FEDERAL RUHR,46.49748833333333,-84.40199833333332,5.7,72.8,73,0,70.0,48960.0,V7GT6,CATHU-->CAMTR,9766176.0,7.9
2026-09-30T12:00:54.123882+00:00,538010586,LIU JIANG KOU,45.667474999999996,13.638444999999999,14.5,3.0,0,0,70.0,72595.0,V7A6257,SGSIN PEBGB,9991795.0,8.0
2026-09-30T12:00:54.247791+00:00,538011293,DORA,37.81019166666667,24.363744999999998,11.8,235.9,235,0,79.0,58368.0,V7A6917,ROAGI,9387360.0,6.3
2026-09-30T12:00:54.248215+00:00,477608600,ZHONGCHANG ZHOUSHAN,-1.5629416666666667,-48.777458333333335,0.1,131.2,37,5,70.0,73440.0,VRMB4,BRVDC,9670808.0,7.4
2026-09-30T12:00:54.769443+00:00,311000101,RCC ANTWERP,-29.759495,31.37742666666667,8.7,215.2,214,0,79.0,65280.0,C6AO2,ZA DUR,9441623.0,9.9
2026-09-30T12:00:54.780540+00:00,215654000,TONGALA,-37.858985,144.91566999999998,5.2,325.2,328,0,79.0,65280.0,9HA2776,AUFRE,9605786.0,10.3
2026-09-30T12:00:54.780674+00:00,440002170,SEVEN STAR,37.47504666666667,126.60726833333334,0.0,357.9,511,0,,,101 S S,INCHEON,32750.0,3.4
2026-09-30T12:00:55.840846+00:00,477019500,JNS RIVER,36.005625,-5.456306666666666,9.8,249.0,245,0,70.0,51552.0,VRWI4,QUEBEC CANADA,1045227.0,10.7
2026-09-30T12:00:56.184433+00:00,257494010,SPAR PHOENIX,51.24621166666667,4.363431666666667,0.0,195.5,89,5,70.0,61132.0,LADW9,ANTWERP,1042328.0,7.5
2026-09-30T12:00:56.185084+00:00,353780000,ALEXANDRIA BRIDGE,-29.867095,31.210438333333332,0.8,334.7,223,0,74.0,90547.0,3FNW4,ZADUR,9409039.0,12.1
2026-09-30T12:00:56.185435+00:00,352005266,QUEEN RIVER,57.58242499999999,11.683433333333333,0.0,69.2,177,1,70.0,61132.0,3E8405,SEGOT,1036513.0,10.2
2026-09-30T12:00:56.434285+00:00,215468000,STAVROS,59.510888333333334,23.110215,11.8,71.4,71,0,70.0,56832.0,9HA5122,TALLINN,9425875.0,6.6
2026-09-30T12:00:57.683894+00:00,352002982,LADY ESMA,56.207985,11.320653333333333,10.8,25.6,20,0,70.0,44582.0,3E4731,EGALY,9402110.0,10.7
2026-09-30T12:00:58.038168+00:00,338176511,Unknown,48.75638333333333,-122.50506833333334,0.3,212.9,511,15,,,Unknown,Unknown,,
2026-09-30T12:00:58.232576+00:00,255915629,ANTHEA V,-1.5585283333333335,-48.77435333333334,0.0,316.4,43,5,70.0,66700.0,CQ2087,BR VDC,9760043.0,7.3
2026-09-30T12:00:58.347742+00:00,255806435,ECO TIDE,52.40179833333333,4.823733333333333,0.1,355.6,88,5,70.0,45878.0,CQEN8,BEANR=>NLAMS,9576739.0,7.1
2026-09-30T12:00:58.625975+00:00,440011170,VIVA CASTLE      0,37.47352,126.60795166666666,0.0,243.5,511,4,,,SSD,@@@@@@@@@@@@@@@@@C,,
2026-09-30T12:00:58.798615+00:00,538004748,FEDERAL TAMBO,52.41346333333333,4.817178333333334,0.0,289.8,162,5,70.0,58368.0,V7YW3,NLAMS,9644495.0,12.3
2026-09-30T12:00:58.959511+00:00,477007300,ZHENHUA 23,-23.925538333333336,-46.31889666666667,0.0,46.8,270,5,70.0,99552.0,VRDA8,BR SSZ,8414738.0,8.6
2026-09-30T12:00:59.259384+00:00,667002375,GOLDEN MALAK,49.44890833333333,0.81718,12.2,191.7,200,0,70.0,44179.0,9LS2078,FRURO,9578995.0,6.2
2026-09-30T12:00:59.259548+00:00,244790358,Unknown,52.3682,4.919726666666667,0.0,167.1,511,0,,,Unknown,Unknown,,
2026-09-30T12:00:59.545445+00:00,440010300,ONGJINGALMAEGI,37.45003,126.59493833333333,0.0,91.4,511,15,,,Unknown,@@@@@@@@@@@@@@@@@BAF,1073741823.0,
2026-09-30T12:00:59.545775+00:00,316004370,G3 MARQUIS,43.775841666666665,-76.99361333333333,13.3,67.8,67,0,70.0,55324.0,XJBO,QUEBEC,9613941.0,8.1
2026-09-30T12:00:59.546616+00:00,636022968,WEN JING KOU,59.68750333333333,10.372283333333334,7.7,315.4,316,0,70.0,77520.0,5LLH2,DE BRV,9997555.0,9.8
2026-09-30T12:01:00.476670+00:00,525199988,STS.TG BUYUT,-2.3208566666666663,104.91465333333333,0.0,297.8,511,15,,,Unknown,Unknown,,
2026-09-30T12:01:00.477219+00:00,314800000,AK KARAM,56.08640166666667,17.999576666666666,11.1,238.5,240,0,70.0,44064.0,8PTO2,DKSKA,9276731.0,10.0
2026-09-30T12:01:00.925195+00:00,256214000,CMA CGM CONSTANZA,47.28509833333333,-3.902815,15.9,111.8,111,0,71.0,93376.0,9HA5745,FRMTX,9471202.0,10.4
2026-09-30T12:01:00.925942+00:00,636022810,LODESTAR DE MAR,53.77390666666667,4.94919,13.2,20.7,21,0,79.0,44064.0,5LKO5,ESCAS,9449792.0,10.2
2026-09-30T12:01:00.926154+00:00,368433230,Unknown,48.756506666666674,-122.504565,0.0,38.1,511,15,,,Unknown,Unknown,,
2026-09-30T12:01:01.046831+00:00,205539990,VERA PAX,51.81465333333333,5.145248333333333,8.8,256.7,259,0,79.0,41952.0,OT5399,SCHWELGERN,,3.6
2026-09-30T12:01:01.824290+00:00,244660053,A'NOUS,52.515321666666665,6.059681666666666,0.0,291.8,511,0,70.0,,PH2041,GENEMUIDEN,,2.9
2026-09-30T12:01:01.824968+00:00,352003805,SW SOUTH WIND I,27.82068333333333,-16.33025,7.5,358.0,7,0,70.0,58368.0,3E5896,GN CKY,9478626.0,9.9
2026-09-30T12:01:01.825839+00:00,367717120,MASTER DAULTON,27.928998333333332,-82.42732,0.0,36.5,511,15,,,WDI6286,Unknown,,
2026-09-30T12:01:01.837445+00:00,242880300,TITAN,0.0,0.0,0.0,0.0,0,0,,,CNAB9,Unknown,1111111.0,
2026-09-30T12:01:01.838040+00:00,538010328,VENTURE,54.601805,11.037305,11.5,268.5,269,4,70.0,61132.0,V7A5898,CN XMG,9714721.0,13.3
2026-09-30T12:01:01.838770+00:00,257091890,SAGA ISOLDANA,51.452353333333335,3.7160533333333334,0.0,197.1,240,5,79.0,58924.0,LAJM8,NE VLI,9186235.0,12.7
2026-09-30T12:01:01.839117+00:00,477664500,EVER OCEAN,-6.096975,106.88923666666666,0.0,275.9,93,5,74.0,59904.0,VRTV9,SGSGP-IDDKT,9872389.0,9.2
2026-09-30T12:01:01.936527+00:00,247293300,GRANDE GUINEA,-23.112753333333334,-43.09092,15.4,168.8,170,0,79.0,68870.0,IBPL,BEANR>DEHAM,9437919.0,8.4
2026-09-30T12:01:01.937018+00:00,371716000,LADY ZEHRA,59.494699999999995,24.955283333333334,0.0,267.0,310,5,70.0,44323.0,3EDT6,EEMUG,9309617.0,10.2
2026-09-30T12:01:02.249267+00:00,257328000,STAR JUVENTAS,50.823928333333335,0.9838283333333333,9.6,229.5,229,0,70.0,58924.0,LAZU5,ESFRO,9254642.0,9.9
2026-09-30T12:01:02.250002+00:00,477023200,NING YUE HAI,53.475408333333334,-3.0716283333333334,2.9,135.6,140,0,70.0,63043.0,VRQL5,LIVERPOOL,9751339.0,12.2
2026-09-30T12:01:02.250270+00:00,636023332,THOR HIGHWAY,51.296825,3.2411616666666663,0.0,11.3,334,5,70.0,72595.0,5LNE6,ZEEBRUGGE,9948164.0,9.3
2026-09-30T12:01:02.639486+00:00,230697000,FINNECO II,60.216501666666666,25.190728333333333,0.0,230.4,141,5,71.0,84966.0,OJTP,FIKTK,9856842.0,6.5
2026-09-30T12:01:02.640077+00:00,525901717,Unknown,-1.2177883333333335,116.65845833333333,0.0,0.0,511,0,,,Unknown,Unknown,,
2026-09-30T12:01:02.640998+00:00,636018535,BULK JAMAICA,39.93257333333334,-75.13277166666667,0.0,169.3,6,5,70.0,65280.0,D5QD5,US CDE,9792450.0,12.2
2026-09-30T12:01:02.641249+00:00,636015131,MALIAKOS,-26.76726,-48.238245,14.9,351.1,354,0,79.0,90547.0,A8YT7,BRSSZ,9464247.0,10.4
2026-09-30T12:01:02.865884+00:00,211516370,HAFENMUSIK,53.22626,7.45172,0.0,114.9,511,13,,,DA7318,8,,
2026-09-30T12:01:02.866102+00:00,232018048,BERGE GALDHOPIGGEN,57.159683333333334,11.901003333333334,12.2,161.8,162,0,70.0,55296.0,MDWB4,KARMOY NORWAY,9753284.0,10.7
2026-09-30T12:01:03.261496+00:00,356167000,MSC ELEONORA III,45.630138333333335,13.765095,0.0,346.4,250,5,71.0,64188.0,HPVY,TRIESTE,9064750.0,8.6
2026-09-30T12:01:03.596145+00:00,215148000,CMA CGM AMBER,35.90226666666667,-5.49185,6.9,196.7,199,0,71.0,97113.0,9HA4980,SGSIN>CNNSA,9350381.0,13.2
2026-09-30T12:01:03.596422+00:00,701006740,GUILLERMO C,-32.63351,-60.725114999999995,0.0,0.0,511,0,,,LW3468,SANTA FE,,2.1
2026-09-30T12:01:03.597451+00:00,636018081,BELITAKI,44.24167666666666,9.00839,0.7,9.7,511,0,73.0,40560.0,D5OC2,ITGOA,9152923.0,9.8
2026-09-30T12:01:04.034718+00:00,246091000,LONGSTONE,51.482216666666666,1.2714333333333334,17.9,91.8,95,0,71.0,55426.0,PDRG,BEZEE <-> GBTIL,9848479.0,6.9
2026-09-30T12:01:04.035041+00:00,354123000,AQUARIUS ACE,49.47208,0.20938333333333334,0.0,115.7,99,5,70.0,48720.0,3FHB8,GBTYN,9150339.0,6.4
2026-09-30T12:01:05.376968+00:00,414289000,BEI LUN HAI SHI,26.22171666666667,121.00785333333333,13.2,35.5,40,0,70.0,73440.0,BPDY6,SHAKHTERSK,9207766.0,7.1
2026-09-30T12:01:05.660038+00:00,525123454,KT.SELAT LEGUNDI1212,-2.0414133333333333,104.97637166666667,0.1,88.4,511,15,,,YDA431,Unknown,9099949.0,
2026-09-30T12:01:06.386712+00:00,368391510,FULLA,29.821579999999997,-93.339745,0.0,235.6,511,15,,,WDP8553,Unknown,,3.0
2026-09-30T12:01:06.963037+00:00,368319560,HARBOR2,47.63238333333334,-122.37964666666667,0.0,0.0,511,15,,,Unknown,Unknown,,
2026-09-30T12:01:06.964025+00:00,232051710,OCEAN BAY,54.90942333333333,5.647871666666666,9.4,203.5,204,0,70.0,58368.0,MOMV2,SE GOT,9460863.0,12.0
2026-09-30T12:01:06.964180+00:00,636023946,MSC TAERIM,51.297585000000005,4.263373333333333,0.0,311.7,32,5,71.0,46233.0,5LQF2,DKCPH,9966984.0,7.1
2026-09-30T12:01:06.964633+00:00,368926266,US GOV VESSEL,32.71036,-117.55558500000001,5.2,78.2,511,0,,,Unknown,Unknown,,
2026-09-30T12:01:06.964971+00:00,440111000,SM TIANJIN,47.58006666666667,-122.34593333333333,0.0,14.0,180,5,74.0,89856.0,D7DG,USSEA,9464704.0,10.4
2026-09-30T12:01:07.596219+00:00,367091920,Unknown,48.755025,-122.50510833333333,0.1,25.9,511,15,,,Unknown,Unknown,,
2026-09-30T12:01:07.597777+00:00,538011293,DORA,37.80985333333333,24.363115,11.7,235.9,235,0,79.0,58368.0,V7A6917,ROAGI,9387360.0,6.3
2026-09-30T12:01:08.145488+00:00,657319700,Unknown,4.683551666666667,7.1567766666666675,0.0,264.2,11,8,,,Unknown,Unknown,,
2026-09-30T12:01:08.290054+00:00,267010088,PV VAH,48.115199999999994,17.140018333333334,0.0,127.3,511,15,,,OMDU,Unknown,,
2026-09-30T12:01:09.291976+00:00,211584590,SB CALBE,51.902100000000004,11.788786666666665,0.0,0.0,511,15,,,DA4806,BERNBURG,,
2026-09-30T12:01:09.292631+00:00,226009990,EDITH PIAF,48.861685,2.2955866666666664,0.0,360.0,511,3,79.0,,FM6096,Unknown,,
2026-09-30T12:01:10.496874+00:00,249418000,S.SELIM,49.172488333333334,-123.9019,0.0,56.6,352,1,70.0,65280.0,9HA6254,VANCOUVER BC,9774329.0,11.6
2026-09-30T12:01:11.149448+00:00,311000085,AFRICAN KITE,50.25338333333333,-0.5537216666666667,12.8,75.2,74,0,70.0,65280.0,C6AM2,DE BRE,9650937.0,8.5
2026-09-30T12:01:11.149726+00:00,563095700,GREEN OCEAN,35.91527333333333,-5.601908333333333,9.0,79.6,75,0,70.0,46233.0,9V6354,ITCAG,9865960.0,9.3
2026-09-30T12:01:11.501742+00:00,414662000,Unknown,26.84657,121.16782666666667,8.5,210.0,209,0,,,Unknown,Unknown,,
2026-09-30T12:01:11.502630+00:00,314537000,NORD VIND,51.36823833333334,4.108786666666666,12.1,86.6,82,0,70.0,43804.0,8PAZ2,BE ANR,9573921.0,8.5
2026-09-30T12:01:13.718775+00:00,477204500,CM SHEN ZHEN,41.333994999999994,2.1468599999999998,0.0,31.7,116,5,70.0,85272.0,VRWX2,ES BCN,1040289.0,9.5
2026-09-30T12:01:13.719252+00:00,228480800,DURANDE,51.381075,4.156511666666667,12.8,223.4,225,0,71.0,44582.0,FNYS,FRLEH,1025540.0,10.0
2026-09-30T12:01:14.179340+00:00,636022968,WEN JING KOU,59.68778333333333,10.371726666666666,7.7,314.2,314,0,70.0,77520.0,5LLH2,DE BRV,9997555.0,9.8
2026-09-30T12:01:14.846370+00:00,308687000,CASTORO 10,51.90335,4.39245,0.0,41.3,292,5,70.0,42210.0,C6DD9,SCHIEDAM,7503166.0,4.5
2026-09-30T12:01:15.254964+00:00,538012071,ESTRELLA,-33.844941666666664,18.205941666666668,1.0,49.5,88,0,70.0,61132.0,V7A3926,ZA CPT,9767766.0,6.6
2026-09-30T12:01:15.255422+00:00,311001603,SAGA BEIJA-FLOR,55.86859333333334,6.555751666666667,12.7,9.8,11,0,70.0,57312.0,C6HY6,SEVAG,9160798.0,6.3
2026-09-30T12:01:15.615195+00:00,265022000,BOTNIA ENABLER,51.353755,3.1775016666666667,0.2,227.0,46,0,71.0,88862.0,SBTK,BEZEE,9884679.0,8.0
2026-09-30T12:01:15.615637+00:00,268261100,AT 27,36.400255,-7.904716666666667,9.9,283.4,281,0,70.0,40800.0,T7DP7,LIMASSOL,9136539.0,10.1
2026-09-30T12:01:15.616001+00:00,268267403,Unknown,1.2516166666666666,103.87871666666666,0.0,262.0,348,0,,,Unknown,Unknown,,
2026-09-30T12:01:15.616389+00:00,311003100,M/V RCC EUROPE,38.794403333333335,-74.932685,9.2,258.0,254,0,70.0,65280.0,C6WY7,PACTB,9391593.0,8.3
2026-09-30T12:01:15.837362+00:00,257073000,LIVITA,-29.881508333333333,31.044775,0.5,225.7,17,0,70.0,65280.0,LACG8,ZA DUR,9801299.0,12.6
2026-09-30T12:01:16.078083+00:00,263231000,JOAO PINTO,36.78095,-8.366295000000001,2.9,268.4,511,15,,,CURE5,Unknown,,
2026-09-30T12:01:16.078537+00:00,366783820,MISS KATHI,27.928898333333333,-82.42718666666666,0.0,0.0,511,15,,,WCZ8756,@@@@@@@@@@,,
2026-09-30T12:01:16.078730+00:00,215148000,CMA CGM AMBER,35.901983333333334,-5.491966666666666,6.8,196.6,200,0,71.0,97113.0,9HA4980,SGSIN>CNNSA,9350381.0,13.2
2026-09-30T12:01:16.078924+00:00,432712000,ZEUS LEADER,34.219786666666664,-119.905185,9.5,285.4,284,0,70.0,65280.0,7JEX,US BNC,9476733.0,8.4
2026-09-30T12:01:16.333729+00:00,636022222,BULK SACHUEST,10.378269999999999,-61.53481166666666,6.6,255.7,264,0,70.0,57753.0,A8VD4,TT PTS,9483231.0,6.6
2026-09-30T12:01:16.334364+00:00,636024484,SANTA MARTA EXPRESS,10.306621666666667,-75.55949333333334,0.0,265.0,345,1,79.0,64260.0,5LSV4,COCTG,9446104.0,7.3
2026-09-30T12:01:16.561255+00:00,352006095,NORD DELTA,37.919455,-122.36705666666667,0.0,347.6,130,5,70.0,65280.0,3E8557,MX ESE>US SFO,1028205.0,6.9
2026-09-30T12:01:16.561935+00:00,538006326,HAWAIIAN HIGHWAY,53.57615666666666,8.556921666666666,0.0,65.5,242,5,70.0,72595.0,V7LW8,DE BRV,9712632.0,8.2
2026-09-30T12:01:16.562523+00:00,235109009,EXTERMINATOR,51.50763333333334,-0.079885,0.0,88.1,511,0,,,2IEE9,Unknown,,1.0
2026-09-30T12:01:16.562787+00:00,431012744,BUZEN,35.47208333333333,139.82687166666668,22.0,228.3,229,0,70.0,46396.0,JD4511,JP TYO V,9854595.0,6.7
2026-09-30T12:01:16.955445+00:00,266248000,THULELAND,51.89237333333333,3.1039033333333332,16.6,84.0,82,0,79.0,47424.0,SKEI,GBHRW><NLRTM,9343261.0,6.5
2026-09-30T12:01:16.956938+00:00,249594000,YASMINE,51.47131666666667,0.24812333333333333,0.0,303.0,303,5,79.0,61812.0,9HVL9,BEZEE<>GBPFT,9337353.0,6.8
2026-09-30T12:01:17.068422+00:00,249204000,ERMIS,51.95919833333333,3.590238333333333,6.4,72.8,69,0,70.0,77081.0,9HA6164,NL RTM,9723643.0,13.8
2026-09-30T12:01:17.069409+00:00,538005431,PALAIS,59.71214666666666,23.881991666666668,10.4,254.2,254,0,70.0,73440.0,V7DT8,RU ULU,9646649.0,7.2
2026-09-30T12:01:17.290241+00:00,538009312,BUBBA BOOSH,45.34835833333333,12.485161666666666,0.0,209.5,42,1,70.0,58060.0,V7A4576,IT PMA,9674218.0,11.5
2026-09-30T12:01:17.290550+00:00,563024600,MIMMI SCHULTE,39.25950666666667,0.14092500000000002,0.2,243.3,220,0,73.0,56246.0,9V3435,GRPIR,9743473.0,10.6
2026-09-30T12:01:17.291670+00:00,368105720,Unknown,48.99309166666667,-122.75817833333333,0.0,360.0,511,15,,,Unknown,Unknown,,
2026-09-30T12:01:17.502879+00:00,249671000,VESPERTINE,53.540173333333335,-3.358198333333333,16.7,284.1,282,0,79.0,48921.0,9HA4331,IEDUB,9376713.0,6.4
2026-09-30T12:01:17.503585+00:00,538010365,AB MOM,51.258275000000005,4.4091949999999995,0.0,28.5,270,5,70.0,48960.0,V7A5944,BEANR,9263306.0,5.4
2026-09-30T12:01:17.732357+00:00,416438000,KANWAY GLOBAL,22.34733333333333,114.0174,14.5,260.2,266,0,70.0,51878.0,BLEP,TWKEL,9167461.0,8.9
2026-09-30T12:01:17.733662+00:00,256617000,PANEMORFI,51.832433333333334,-8.326448333333333,0.0,207.2,322,5,70.0,65280.0,9HA5907,IERIN,9660097.0,10.5
2026-09-30T12:01:17.734034+00:00,205472000,GOLDEN FRIO,51.408746666666666,3.35164,13.6,262.0,261,0,79.0,73440.0,ONPT,BRTMT,9470375.0,7.3
2026-09-30T12:01:17.934901+00:00,258192000,HOEGH SUNRISE,41.05579,2.195651666666667,0.5,6.6,19,0,70.0,77520.0,LAUM8,CNTAC-ESBCN,9971264.0,10.0
2026-09-30T12:01:17.936056+00:00,244002195,THREANT,51.81294666666667,4.875778333333333,3.4,232.2,511,0,79.0,42163.0,PG6447,HOEK VAN HOLLAND DI,,3.4
2026-09-30T12:01:17.937124+00:00,203999428,WIENTANK 2,48.219366666666666,16.415398333333332,0.0,339.3,511,0,,,OED3013,Unknown,,1.0
2026-09-30T12:01:18.194224+00:00,636093128,INCE TOKYO,43.139635,28.381831666666667,8.5,30.9,30,0,70.0,61132.0,5LHQ5,AUALH,9730438.0,6.9
2026-09-30T12:01:18.194656+00:00,219358000,FLANDRIA SEAWAYS,55.02701833333333,5.954526666666666,16.5,195.6,194,0,72.0,82538.0,OYEN2,GOT-ZEE-GOT,9860142.0,7.0
2026-09-30T12:01:18.195021+00:00,636025801,MUZAFFER ESENER,55.199623333333335,14.257251666666667,9.0,218.9,216,0,70.0,40560.0,5LZF4,ESGIJ,9381861.0,8.2
2026-09-30T12:01:18.195253+00:00,258014000,STAR LINDESNES,62.14754666666667,17.994521666666667,11.6,160.4,160,0,70.0,66585.0,LAQJ7,SESDL,9593878.0,7.7
2026-09-30T12:01:18.195386+00:00,311002248,Unknown,26.622961666666665,121.46265333333334,11.1,46.2,51,0,,,Unknown,Unknown,,
2026-09-30T12:01:18.757378+00:00,219437000,BEGONIA SEAWAYS,54.567660000000004,5.4506250000000005,17.7,209.9,211,0,73.0,70686.0,OWKM2,BE GNE,9262089.0,7.2
2026-09-30T12:01:18.758355+00:00,267010038,BD KRUPINA,47.979031666666664,17.390151666666668,5.7,309.9,511,15,,,OMRA,BRATISLAVA,,
2026-09-30T12:01:18.758497+00:00,538090453,BRIGHT SKY,-33.90606666666667,18.43025,0.0,214.2,226,5,70.0,61200.0,V7ZQ6,ZA CPT,9465435.0,10.8
2026-09-30T12:01:19.314263+00:00,354998000,ATROTOS HERACLES,-23.865853333333334,151.58765,0.2,336.1,110,1,70.0,74745.0,3FFQ9,CN BAO > AU GLT,9668879.0,7.1
2026-09-30T12:01:19.828329+00:00,374155000,MEDI OITA,38.055146666666666,-28.932231666666667,9.3,88.6,90,0,70.0,74745.0,3FWG4,TR ERE,9836713.0,14.8
2026-09-30T12:01:19.828554+00:00,352246000,NEW ENDEAVOR,51.39738833333333,3.7547566666666667,0.1,31.4,272,0,70.0,74745.0,3FAT,NL VLI,9579638.0,6.7
2026-09-30T12:01:20.350321+00:00,538012914,Unknown,1.2605116666666667,103.87965000000001,0.2,223.0,150,0,,,Unknown,Unknown,,
2026-09-30T12:01:20.351207+00:00,538071695,UGLY BETTY,37.864491666666666,-122.49176000000001,0.0,222.4,511,0,,,V7A5225,"SAUSALITO, CA",,1.5
2026-09-30T12:01:20.990192+00:00,548743000,NY SUNRISE,37.711165,-122.32032833333332,0.0,231.7,159,1,70.0,51552.0,DYMS,SAN FRANCISCO ANCH.,9934814.0,7.1
2026-09-30T12:01:20.990631+00:00,316045066,MV ONGIARA,43.629326666666664,-79.38683333333333,8.5,53.8,511,15,,,VC 4161,Unknown,6410374.0,
2026-09-30T12:01:22.041580+00:00,266283000,OBERON,38.641558333333336,-74.55336166666666,1.3,353.7,10,0,70.0,77356.0,SKJF,US BAL,9377509.0,9.2
2026-09-30T12:01:22.042947+00:00,636024024,VELA LEADER,22.477818333333335,113.751685,14.0,172.5,173,0,70.0,65280.0,5LQO9,THLCH,9158288.0,7.5
2026-09-30T12:01:22.453689+00:00,538009298,NORDIC OASIS,52.04879833333334,3.27308,13.5,268.9,272,0,79.0,73440.0,V7A4560,NLRTM > USCEN,9727120.0,7.3
2026-09-30T12:01:22.454498+00:00,636014168,AITOLIKOS,34.466469999999994,-7.241128333333333,12.0,31.6,33,0,73.0,89510.0,A8RV3,MACAS,9386483.0,9.6
2026-09-30T12:01:22.455634+00:00,372158000,MARGUERITE ACE,35.46925,139.683505,0.0,162.3,68,5,70.0,65280.0,3EQH,NZ WLG,9426386.0,8.8
2026-09-30T12:01:22.686172+00:00,248744000,YSALINE,51.89664166666667,4.236933333333334,0.0,350.7,287,5,79.0,70828.0,9HA4792,NLRTM,9823364.0,6.6
2026-09-30T12:01:22.686333+00:00,636020244,VITA FUTURE,36.174099999999996,-5.0545366666666665,5.9,245.9,254,0,70.0,74745.0,D5YH8,GIBRALTAR,9697870.0,12.8
2026-09-30T12:01:22.686670+00:00,311000235,LAWIN ARROW,39.067095,15.069764999999999,12.0,310.3,309,0,70.0,65280.0,C6BD8,EG ALY,9687162.0,13.3
2026-09-30T12:01:22.686908+00:00,244660144,LUCCA,51.89763166666667,4.294553333333334,6.0,105.8,105,0,79.0,,PH4812,HENDRIKIDOAMBACHT,,
2026-09-30T12:01:22.687076+00:00,311000557,JAMNO,51.35935666666667,2.7158116666666667,10.4,104.8,98,0,79.0,48960.0,C6CS2,BE GNE,9767716.0,10.6
2026-09-30T12:01:22.687568+00:00,231904000,SKIPANES,22.332553333333333,114.08958,0.0,97.4,200,5,70.0,49248.0,OZ2225,HKHKG,1052995.0,5.8
2026-09-30T12:01:23.117464+00:00,477552500,JIN WEN FENG,-33.28847833333334,152.05215166666667,10.1,12.2,15,0,70.0,91086.0,VRKZ4,NEWCASTLE,9532666.0,7.6
2026-09-30T12:01:23.118275+00:00,636023212,GREEN BRAZIL,-26.904006666666664,-48.489558333333335,0.0,202.3,84,1,70.0,73440.0,5LMP3,ITAJAI,9997933.0,11.8
2026-09-30T12:01:23.118490+00:00,316029000,CSL NIAGARA,43.18691666666667,-79.19889166666667,1.9,336.7,333,0,70.0,55080.0,VCGJ,HAMILTON,7128423.0,7.5
2026-09-30T12:01:23.440704+00:00,413697720,ANTONGQUANZHOU,22.337731666666667,113.794635,5.7,348.9,350,0,70.0,48384.0,BPMN4,NAN SHA,,10.9
2026-09-30T12:01:23.440822+00:00,440018910,CHEONG HANG NO.2,37.451924999999996,126.59295,0.0,53.3,511,0,,,101,@@@@@@@@@@@@@@@@@BG<,,
2026-09-30T12:01:23.441196+00:00,636026321,SUB ROSA,48.40395,-123.23515333333333,7.0,242.6,240,0,70.0,74745.0,A8RG9,CAVAN,1094709.0,7.6
2026-09-30T12:01:24.224317+00:00,224337930,Unknown,37.49030166666667,-0.8571433333333334,6.5,239.8,511,7,,,Unknown,Unknown,,
2026-09-30T12:01:24.225464+00:00,355124000,ZHENG JUN,36.24138666666667,-7.283601666666667,12.1,288.0,287,0,70.0,74745.0,3FNM2,TR ISK,9593804.0,14.2
2026-09-30T12:01:24.225894+00:00,477940700,GW DELTA,46.18590166666667,-124.62335666666667,1.3,118.7,68,0,70.0,74745.0,VRVY6,AU HPT,9442483.0,7.2
2026-09-30T12:01:24.673581+00:00,538009229,NORDIC ORION,53.78141666666667,6.0596000000000005,11.7,250.0,250,0,79.0,73440.0,V7A4481,CA MNI>DE HAM,9529463.0,14.7
2026-09-30T12:01:24.673709+00:00,366791000,GEORGE II,33.73525333333333,-118.2073,9.2,118.9,119,0,70.0,91400.0,WFLH,"HONOLULU, HI USA",7729461.0,9.8
2026-09-30T12:01:24.674685+00:00,245419000,Unknown,51.76717333333333,4.178389999999999,0.0,0.0,511,0,,,Unknown,Unknown,,
2026-09-30T12:01:25.323367+00:00,431434000,EUPHONY ACE,-34.523665,18.18814666666667,18.6,142.7,142,0,70.0,65280.0,7KUF,AO LAD,9293595.0,9.3
2026-09-30T12:01:25.323526+00:00,477203600,BBG ENDEAVOR,40.549544999999995,141.51141166666667,0.0,321.7,226,5,70.0,74745.0,VRLO4,US KAM,9598189.0,7.0
2026-09-30T12:01:26.005745+00:00,538009011,ANQIFENG,36.06483333333333,-5.1635,0.7,310.0,114,0,70.0,58368.0,V7A4195,DJENDJEN,9519315.0,9.5
2026-09-30T12:01:26.310440+00:00,525501749,Unknown,-5.674403333333333,111.73789333333335,3.1,143.8,511,0,,,Unknown,Unknown,,
2026-09-30T12:01:26.311107+00:00,352001920,SILVER SKY,34.4474,-7.3237000000000005,15.4,33.0,32,0,70.0,56217.0,3E3734,SG SIN >> MA CAS,9448140.0,9.0
2026-09-30T12:01:26.311239+00:00,352004990,THEODORE VENIAMIS,56.233230000000006,19.191711666666667,11.4,253.8,255,0,70.0,61132.0,3E7204,LVLPX,1036032.0,10.0
2026-09-30T12:01:26.311641+00:00,351773000,GREEN SAPPHIRE,57.79808,10.590643333333333,9.6,88.0,88,0,70.0,79254.0,HOTI,SKAGEN,9682849.0,8.9
2026-09-30T12:01:26.862028+00:00,367082220,WILFRED SYKES,43.104751666666665,-82.40108833333333,11.2,34.8,36,0,70.0,43054.0,WC5932,"PORT INLAND, MI",5389554.0,8.3
2026-09-30T12:01:26.863064+00:00,255805672,GEORG OLDENDORFF,52.18342500000001,3.606666666666667,0.1,11.8,99,1,70.0,75072.0,CQGW,FOR ORDER,9702596.0,7.1
2026-09-30T12:01:28.596830+00:00,210028000,CONTSHIPS BOREALIS,59.49120166666667,24.96779666666667,0.0,360.0,132,5,71.0,44064.0,5BQN5,EEMUG VIA NOK,9866249.0,7.0
2026-09-30T12:01:28.597289+00:00,255806092,AS CARELIA,35.24846333333333,-6.915673333333333,17.5,43.4,43,0,70.0,67626.0,CQIX2,MAPTM,9309409.0,8.5
2026-09-30T12:01:28.598664+00:00,710507000,Unknown,-1.4216183333333334,-48.521901666666665,0.0,161.6,184,1,,,Unknown,Unknown,,
2026-09-30T12:01:28.598794+00:00,414446000,Unknown,26.426058333333334,120.9208,12.6,34.3,34,0,,,Unknown,Unknown,,
2026-09-30T12:01:29.021023+00:00,538012982,GRAND SAPPHIRE,12.806455,80.60726166666667,17.7,345.6,343,0,70.0,65280.0,V7B3583,SG SIN_AEW,9325233.0,9.1
2026-09-30T12:01:29.021415+00:00,440019220,GLOBAL STAR,37.450125,126.59413833333333,0.0,0.0,320,0,,,093237,@@@@@@@@@@@@@@@@@@,,
2026-09-30T12:01:29.459565+00:00,538012459,DELINA,-33.269528333333334,115.61054666666668,0.2,325.3,231,0,70.0,51840.0,V7B2882,AU BUY,9866548.0,6.5
2026-09-30T12:01:29.799305+00:00,263134000,NRP FIGUEIRA DA FOZ,38.51825833333333,-8.898616666666667,0.0,323.0,259,5,,,Unknown,.,,
2026-09-30T12:01:30.821898+00:00,249814000,NORTH,53.531956666666666,9.909065,0.0,186.1,305,5,71.0,42182.0,9HA6394,LAYBY>DEERG,9491501.0,9.2
2026-09-30T12:01:30.822209+00:00,367609770,ST LOUIS RIVER,35.219475,-75.69476,0.0,123.0,511,0,,,WDH3679,Unknown,,
2026-09-30T12:01:31.147225+00:00,725001411,Unknown,-34.68745166666667,-72.27400333333334,11.1,10.8,8,0,,,Unknown,Unknown,,
2026-09-30T12:01:32.113365+00:00,245097000,PULPCA,51.4984,0.479945,9.6,252.7,245,0,71.0,54366.0,PHMT,GBTIL,9345386.0,7.4
2026-09-30T12:01:32.114346+00:00,2444059,HOEK VAN HOLLAND,51.980940000000004,4.112618333333334,0.0,19.0,511,15,,,Unknown,@@@@@@@@@@@@@@@@@@@,,
2026-09-30T12:01:33.087501+00:00,477172600,DARYA RAMA,49.20539333333333,-123.91705166666667,0.1,39.1,286,1,70.0,61132.0,VRRV6,CA VAN,9840790.0,6.8
2026-09-30T12:01:33.233483+00:00,314001039,DSM FERRO,50.20484666666667,-0.6840583333333333,13.6,73.2,74,0,70.0,58368.0,8P2575,DK SKA,9236092.0,6.4
2026-09-30T12:01:33.538680+00:00,636023197,BOYM,51.23489333333334,1.781045,10.5,222.1,224,0,70.0,67320.0,5LMN3,NL VLI,9990179.0,10.3
2026-09-30T12:01:35.183098+00:00,636014811,XIN TAI LONG,-2.038456666666667,104.989905,0.1,320.7,78,1,70.0,74745.0,A8WR3,TANJUNG KAMPEH,9523495.0,7.1
2026-09-30T12:01:35.183631+00:00,636093302,THE WHALE ORCA,39.83157833333333,-75.36722833333333,13.1,231.3,230,0,70.0,48384.0,A8TV8,US PHL,9509607.0,7.4
2026-09-30T12:01:36.282329+00:00,538009008,GOLDEN DAY,36.11642833333334,-4.562645,9.3,273.5,265,0,70.0,73440.0,V7A4193,TR EMBA,9209128.0,14.0
2026-09-30T12:01:36.753010+00:00,477850200,FENG LI HAI,54.62517166666667,-1.1535116666666667,0.0,242.0,171,5,70.0,67320.0,VRQJ6,GBTEE,9747534.0,13.5
2026-09-30T12:01:36.754384+00:00,248701000,OPALINE,51.37520833333333,3.171275,14.2,135.2,136,0,71.0,48921.0,9HA2478,BEZEE,9424869.0,6.5
2026-09-30T12:01:37.050765+00:00,244620677,AMICE,51.85556166666667,5.844935,3.7,122.8,511,0,79.0,40848.0,PE7162,DINTELHAVEEN,,2.0
2026-09-30T12:01:37.452761+00:00,636025269,RIYADH MUKAAB,55.244886666666666,14.321823333333333,16.6,218.1,216,0,70.0,70828.0,5LWP8,CNTAO,9399806.0,10.9
2026-09-30T12:01:37.852957+00:00,311002395,Unknown,32.45073333333333,29.113916666666668,0.0,14.0,14,0,,,Unknown,Unknown,,
2026-09-30T12:01:37.853330+00:00,710001648,JOSE.GUILHERME.VII,-3.1585566666666667,-59.991485,0.0,89.5,511,15,,,PR7694,Unknown,,
2026-09-30T12:01:38.103241+00:00,636024625,CS JADEN,57.50471666666667,8.841966666666668,10.8,63.1,65,0,70.0,51840.0,5LTM8,LT KLJ,9660061.0,6.6
2026-09-30T12:01:38.104046+00:00,316278000,OCEANEX SANDERLING,44.66632833333333,-63.62851666666666,0.0,177.7,23,0,79.0,50025.0,VOLG,CAHFX,7603502.0,8.4
2026-09-30T12:01:38.323580+00:00,249901000,CELINE,55.027233333333335,5.910055,16.8,27.2,30,0,79.0,83538.0,9HA4424,BEZEE,9789233.0,7.3
2026-09-30T12:01:38.324041+00:00,367616790,Unknown,48.754326666666664,-122.50519833333333,0.0,208.3,511,15,,,Unknown,Unknown,,
2026-09-30T12:01:38.324139+00:00,338429537,Unknown,48.75281833333334,-122.48729333333334,0.0,98.8,511,15,,,Unknown,Unknown,,
2026-09-30T12:01:38.324701+00:00,230618000,FINNSEA,56.31379833333334,18.334346666666665,18.7,64.5,64,0,71.0,60037.0,OJOQ,HANKO,9468891.0,6.0
2026-09-30T12:01:38.569260+00:00,257620000,FERMITA,-2.1225533333333333,104.97794833333334,0.1,357.0,91,1,70.0,61132.0,LAKO8,TANJUNG KAMPEH,9881380.0,7.2
2026-09-30T12:01:38.569995+00:00,538010876,TS COLOMBO,22.639760000000003,-110.19350333333334,14.1,98.2,101,0,72.0,62496.0,V7A7546,MXZLO,9960796.0,11.2
2026-09-30T12:01:38.570561+00:00,538011775,SHANDONG XIN SHENG,46.21569833333333,-123.95700666666667,13.3,133.5,134,0,70.0,74745.0,V7A3444,PEBGC,1026594.0,14.3
2026-09-30T12:01:38.570890+00:00,244130690,BORE SONG,56.24332833333334,18.172546666666666,18.4,62.9,62,0,79.0,48921.0,PDFS,ROSTOCK,9443566.0,7.0
2026-09-30T12:01:38.749071+00:00,538002322,SM GOSEONG,49.015166666666666,-123.15526666666666,0.0,15.0,211,5,70.0,73440.0,V7HW7,ROBERTSBANK.CANADA,9291420.0,7.2
2026-09-30T12:01:38.749808+00:00,219543000,LAURA MAERSK,57.71938333333333,9.96335,11.0,59.3,64,0,71.0,52838.0,OZGV2,GOTHENBURG,9944546.0,7.5
2026-09-30T12:01:38.749921+00:00,230631000,FINNTIDE,55.51368333333333,18.88342,20.1,175.8,174,0,72.0,57813.0,OJPS,PL GDY,9468920.0,7.0
2026-09-30T12:01:38.750449+00:00,247388800,ROSA DEI VENTI,44.401666666666664,8.923883333333333,0.0,271.4,321,5,70.0,44928.0,IBTI,IT GOA,9706592.0,5.3
2026-09-30T12:01:38.941951+00:00,538012328,PANOCEANIS,-1.5051166666666667,-48.76426666666667,0.0,174.0,206,1,70.0,58060.0,V7B2685,BR VDC,9460320.0,9.2
2026-09-30T12:01:38.942245+00:00,255916527,POLSTEAM ROS,45.637301666666666,-73.48090666666667,0.1,274.8,204,1,70.0,48960.0,CQ2776,CA MTR,1027201.0,8.1
2026-09-30T12:01:38.942836+00:00,227300000,F/V MIREN,43.32322666666666,-1.92555,0.0,226.4,198,0,,,FHZV,PASAJES,8229353.0,
2026-09-30T12:01:38.943016+00:00,567017000,SARITA NAREE,46.191345,-123.88632333333334,12.0,264.3,264,0,70.0,61132.0,HSDA,GRARY HARBOR,9726413.0,6.9
2026-09-30T12:01:38.943244+00:00,477019800,GREAT FLOURISH,46.17353333333333,-124.29473666666667,1.8,91.8,76,0,70.0,74745.0,VRWH7,KALAMA,9988346.0,6.9
2026-09-30T12:01:38.944060+00:00,440902000,OCEAN CARRIER,-23.866615000000003,151.66646833333334,0.3,159.9,127,1,70.0,74745.0,D7NU,AUGLT,9624677.0,7.6
2026-09-30T12:01:38.944238+00:00,636093290,ROSTRUM SCEPTIC,59.838541666666664,25.874665,0.1,309.7,42,1,70.0,74745.0,5LHD8,RUULU,9955923.0,7.3
2026-09-30T12:01:38.944325+00:00,310823000,LIVERPOOL EXPRESS,53.55571833333333,9.799586666666666,10.0,287.4,287,0,71.0,97113.0,ZCHC6,CAMTR,9232565.0,10.5
2026-09-30T12:01:39.549137+00:00,432839000,EURASIAN HIGHWAY,-6.098891666666666,106.916955,0.0,194.4,93,0,70.0,65280.0,7JKY,THLCH,9604938.0,8.2
2026-09-30T12:01:39.549435+00:00,538012107,S-BOUND,31.857368333333334,34.616295,4.0,79.0,80,0,70.0,49276.0,V7A3981,ILASH,9610200.0,10.7
2026-09-30T12:01:39.550039+00:00,538002734,NAVIOS VERMILION,-22.87449333333333,-43.20388833333333,0.0,71.6,221,15,72.0,89856.0,V7LF2,BRRIO,9324837.0,10.8
2026-09-30T12:01:39.550242+00:00,353321000,GHALA,56.80074666666667,19.213495,10.7,211.5,210,0,70.0,56217.0,3FFK6,RU ULU,9687069.0,6.5
2026-09-30T12:01:39.550626+00:00,416061000,EVER CREATE,27.280483333333333,121.80814166666667,16.6,33.4,34,0,74.0,44582.0,BKNA,TW KHH>CN LYG,9904508.0,9.8
2026-09-30T12:01:39.551026+00:00,352002400,WATATSUMI,49.30815166666666,-123.18565333333332,0.0,201.1,210,1,70.0,61132.0,3E3864,CA VAN,9951795.0,6.7
2026-09-30T12:01:39.996745+00:00,538010620,YASA OSAKA,37.195793333333334,15.899968333333334,11.8,43.8,43,0,70.0,51840.0,V7A7158,IT RAN,9948279.0,10.5
2026-09-30T12:01:40.668501+00:00,525011051,TB. PATRA TUNDA 3001,-1.3527233333333333,116.98623666666667,0.5,254.0,511,0,,,YHBN,Unknown,8892356.0,3.6
2026-09-30T12:01:40.669012+00:00,207072483,CARPE DIEM 1,51.090848333333334,3.728465,0.0,32.5,511,0,79.0,,LZG2483,BRUGE,,2.5
2026-09-30T12:01:40.669462+00:00,636021246,MSC PAMIRA III,37.627271666666665,15.398391666666667,9.0,196.7,193,0,71.0,64872.0,5LCZ6,AUGUSTA,9239903.0,11.0
2026-09-30T12:01:41.336109+00:00,209786000,VENUS HORIZON,-23.849175,151.31097166666666,0.8,48.9,91,0,70.0,91086.0,5BNP3,AU GLT,9604952.0,12.5
2026-09-30T12:01:41.793585+00:00,538007856,IRENE,51.557853333333334,-8.407955,2.6,204.8,211,0,70.0,65280.0,V7PB5,IE ORK,9757931.0,10.8
2026-09-30T12:01:41.794070+00:00,248064000,PALATINE,51.897955,4.231656666666667,0.1,11.6,322,5,79.0,48921.0,9HA2152,NLRTM<=>GBPFT,9376701.0,6.4
2026-09-30T12:01:41.794585+00:00,636024066,K BEREKET,-23.9617,-46.30328333333333,0.1,60.0,143,5,70.0,48115.0,5LQU9,BRSSZ,9370408.0,9.6
2026-09-30T12:01:41.795183+00:00,755991013,Unknown,-32.600136666666664,-60.75382666666667,0.0,360.0,18,0,,,Unknown,Unknown,,
2026-09-30T12:01:41.795277+00:00,636021579,BUNUN TREASURE,-1.5368783333333333,-48.75284166666667,0.0,128.6,42,5,70.0,51840.0,5LEQ7,BRVDC,9894715.0,10.5
2026-09-30T12:01:41.795371+00:00,257350000,STAR KILIMANJARO,48.626731666666664,-125.59144833333333,9.1,129.0,124,0,70.0,67891.0,LAIG7,CASTW,9396139.0,8.0
2026-09-30T12:01:42.305520+00:00,352002396,INTEGRITY AOI,37.28397666666667,0.47812666666666664,11.9,266.0,268,0,70.0,51840.0,3E3861,MTMLA,9951812.0,6.1
2026-09-30T12:01:42.305906+00:00,636019744,OSPREY S,43.190783333333336,27.76508,0.0,0.0,38,5,70.0,48115.0,D5VY4,BGVAR,9300843.0,6.0
2026-09-30T12:01:42.306673+00:00,352002526,GREEN KEMI,51.32781,4.331901666666667,0.0,35.7,81,5,70.0,73766.0,HOA2926,ANTWERP,9976044.0,7.8
2026-09-30T12:01:42.306921+00:00,367276000,WASHINGTON CHAMBERS,32.809221666666666,-117.66022333333333,12.5,80.8,85,0,,70686.0,NCHA,0,9551997.0,8.8
2026-09-30T12:01:42.987637+00:00,255806277,KENDRA OLDENDORFF,51.96548666666667,4.113195,0.0,25.0,112,5,70.0,74745.0,CQAU3,NL RTM,9849813.0,14.5
2026-09-30T12:01:44.482511+00:00,636026186,ASTROS,35.50969,-7.900621666666667,13.4,253.8,257,0,70.0,65280.0,A8NA6,TR ISK,9737060.0,13.2
2026-09-30T12:01:44.482631+00:00,311001645,UNITY TRITON,35.78870166666666,-7.269886666666666,1.2,173.4,185,0,70.0,65280.0,C6IE2,US PME,9764104.0,11.6
2026-09-30T12:01:45.093712+00:00,374155000,MEDI OITA,38.05512833333333,-28.931728333333336,9.4,93.4,91,0,70.0,74745.0,3FWG4,TR ERE,9836713.0,14.8
2026-09-30T12:01:45.093818+00:00,477552500,JIN WEN FENG,-33.28807166666667,152.052275,10.1,13.1,14,0,70.0,91086.0,VRKZ4,NEWCASTLE,9532666.0,7.6
2026-09-30T12:01:45.094100+00:00,244314912,SOCANDES,51.889336666666665,5.4999883333333335,8.5,264.3,511,0,79.0,42163.0,P19574,HAFEN SCHWELGERN,,1.8
2026-09-30T12:01:45.849263+00:00,538012089,PEKA PIONEER,46.20263,-123.81264166666666,0.1,234.1,279,1,79.0,74745.0,V7A3952,USKAM,1147283.0,7.0
2026-09-30T12:01:45.850749+00:00,601970000,FLAME THORN,-33.907313333333335,18.423491666666667,0.0,360.0,325,7,,,ZR 7668,CAPE TOWN,9147318.0,5.2
2026-09-30T12:01:45.851161+00:00,563188100,FRIEDERIKE SCHULTE,29.73483666666667,-95.278335,0.0,266.6,334,5,70.0,54988.0,9V8330,USHOU,9721425.0,8.9
2026-09-30T12:01:46.675245+00:00,211833390,NILS HOLGERSSON,54.344995000000004,12.087211666666667,15.3,203.0,199,0,70.0,72409.0,DKLZ2,DE RSK,9865685.0,6.6
2026-09-30T12:01:46.675494+00:00,636015892,AFRICAN KALMIA,51.12430166666666,1.5824183333333333,9.8,235.1,232,0,79.0,45360.0,D5DI9,ES LPA,9666431.0,8.9
2026-09-30T12:01:46.677058+00:00,226009990,EDITH PIAF,48.86170333333334,2.295628333333333,0.0,360.0,511,3,79.0,,FM6096,Unknown,,
2026-09-30T12:01:47.196170+00:00,636022285,PARALOS,-29.64462,31.45318,11.6,75.6,81,0,79.0,44323.0,5LIA9,ZADUR,9325099.0,5.5
2026-09-30T12:01:47.197362+00:00,314249000,GALATA,59.84339666666666,26.017313333333334,0.0,257.7,40,1,70.0,65280.0,8PUF,RUULU,9735816.0,6.9
2026-09-30T12:01:47.797078+00:00,538007247,F.OCEAN,-32.4232,152.7253,14.1,201.0,205,0,79.0,73440.0,V7AW4,AU GLT,9316062.0,7.4
2026-09-30T12:01:47.797246+00:00,211584590,SB CALBE,51.90211,11.788795,0.0,0.0,511,15,,,DA4806,BERNBURG,,
2026-09-30T12:01:47.797379+00:00,538007820,TS OSAKA,-33.96065166666667,151.19907,0.0,40.5,167,5,74.0,46233.0,V7DC5,AUSYD,9810111.0,8.7
2026-09-30T12:01:47.797572+00:00,370732000,GLORIOUS MAPLE,41.118761666666664,-8.939248333333333,1.1,91.3,182,0,70.0,65280.0,3FYI3,PT LEI,9357925.0,10.7
2026-09-30T12:01:49.361548+00:00,636021192,BULK MANARA,25.46391,121.56460666666666,12.2,124.9,125,0,70.0,58368.0,5LCS7,PH SUG,9478951.0,6.3
2026-09-30T12:01:49.361958+00:00,271001058,TOMRIZ A,39.401203333333335,-0.28252,0.1,0.0,57,1,70.0,43545.0,TCRB8,ESVLC,9126754.0,6.0
2026-09-30T12:01:50.258651+00:00,219559000,STENA FORWARDER,54.6286,-5.888716666666666,0.0,0.0,60,5,70.0,48384.0,OUWT2,GB BEL - GB BRK,9645396.0,5.5
2026-09-30T12:01:50.258871+00:00,255806257,MSC VALA II,59.70118166666667,19.938711666666666,10.9,311.8,312,0,74.0,48115.0,CQAR7,FIRAU,9344722.0,9.8
2026-09-30T12:01:50.259022+00:00,538005169,ARDENNES,59.875953333333335,5.767806666666667,0.0,336.7,203,5,70.0,51840.0,V7BM8,NO HUS,9646699.0,9.5
2026-09-30T12:01:50.810998+00:00,636017330,NEW KEEPER,2.34114,101.68747666666667,13.8,128.5,131,0,70.0,49276.0,D5KJ9,CJK,9736391.0,10.8
2026-09-30T12:01:50.811891+00:00,352004869,ROYAL GALAXY,-32.77077833333333,-60.71863166666667,1.2,35.3,3,0,70.0,44064.0,3E7098,AR SLO,9589229.0,6.3
2026-09-30T12:01:50.812334+00:00,775169000,ANGEL FALLS,8.340206666666667,-62.71716,0.0,134.5,117,5,79.0,72460.0,YYPU,M178,9165190.0,7.2
2026-09-30T12:01:50.812670+00:00,220284000,SUECIA SEAWAYS,51.90674,4.361891666666667,0.0,347.7,164,5,79.0,49420.0,OVPB2,NLRTM-GBFXT,9153020.0,7.0
2026-09-30T12:01:51.294650+00:00,636018491,MSC KAYLA,59.828968333333336,25.654488333333333,0.1,174.3,318,0,70.0,46396.0,D5PX6,FIKTK,9242637.0,9.0
2026-09-30T12:01:51.295246+00:00,413530180,Unknown,26.686276666666668,120.6568,12.0,36.3,37,0,,,Unknown,Unknown,,
2026-09-30T12:01:51.601213+00:00,636025687,CAPTAIN LEONARD,32.953871666666664,34.70556666666666,2.5,159.1,202,0,70.0,56832.0,5LYR3,SEA,9425887.0,7.3
2026-09-30T12:01:52.088966+00:00,563309800,PITT ISLAND,51.259635,4.412798333333333,0.0,88.3,268,5,79.0,65280.0,9V9322,ANTWERP,9615157.0,9.2
2026-09-30T12:01:52.089812+00:00,311002258,AIANTAS,52.400198333333336,4.863235,0.0,289.5,306,5,70.0,74745.0,C6LG7,NL AMS,9729879.0,13.7
2026-09-30T12:01:52.091332+00:00,249758000,TOMBARRA,52.31348166666667,3.4120333333333335,13.4,45.4,44,0,70.0,61132.0,9HA4367,SE WALLHAMN,9319753.0,9.2
2026-09-30T12:01:52.223078+00:00,205333090,CHRISTARO,52.139305,5.028906666666667,9.0,142.5,511,11,,,OT3330,@@@@@@@@@@@@@@@@@@,,
2026-09-30T12:01:52.535154+00:00,630001194,PHOTON,56.43252,18.95678333333333,12.1,29.4,28,0,70.0,53222.0,J5AW3,RU LED,9230220.0,10.4
2026-09-30T12:01:52.535933+00:00,249214000,NICOS TOMASOS,59.970925,26.97535333333333,12.2,99.9,100,0,70.0,65280.0,9HA6179,UST LUGA ORTW,9698800.0,7.3
2026-09-30T12:01:53.082400+00:00,210880000,OCEAN EXPRESS,50.904136666666666,-1.4285933333333332,0.0,350.4,297,5,70.0,70684.0,5BAJ7,GBSOU,1022172.0,8.6
2026-09-30T12:01:53.082630+00:00,413396290,Unknown,22.13757,114.22026666666667,9.3,272.2,511,0,,,Unknown,Unknown,,
2026-09-30T12:01:53.083285+00:00,356707000,BULK COURAGEOUS,40.63986666666666,-74.04532166666667,0.0,326.7,234,1,70.0,61132.0,3FSL6,US NYC,9659919.0,13.3
2026-09-30T12:01:53.083791+00:00,538012763,Unknown,48.481405,-125.83203333333333,13.9,92.6,93,0,,,Unknown,Unknown,,
2026-09-30T12:01:53.083964+00:00,316059017,ONTARIO VENTURE,47.998985,-87.90504666666668,11.7,305.5,304,0,70.0,50673.0,VEOV,USDET,9305178.0,7.0
2026-09-30T12:01:53.084284+00:00,477826400,FAR EASTERN JUPITER,57.693403333333336,9.35171,12.3,57.3,59,0,70.0,74745.0,VRGZ6,HAMBURG,9442768.0,10.3
2026-09-30T12:01:54.081089+00:00,246671000,POTTERSGRACHT,59.604821666666666,23.616823333333333,15.3,74.8,75,0,70.0,40560.0,PDVT,KLAIPEDA,9424560.0,7.7
2026-09-30T12:01:54.081321+00:00,244710057,KOOPHANDEL,52.20559166666667,4.406615,0.0,360.0,511,15,,,PB8354,BRUINISSE,,
2026-09-30T12:01:54.754594+00:00,230358000,RAUTARUUKKI,65.44917666666667,22.47850833333333,0.0,199.1,144,1,79.0,43286.0,OJHM,SELLA,8418174.0,7.1
2026-09-30T12:01:54.755516+00:00,366302562,LCM ANGELIQUE,48.10812833333333,-88.54623,0.0,235.1,511,0,70.0,,WRB4124,H0UGHTON MI,,2.0
2026-09-30T12:01:55.280307+00:00,636016436,MSC ZLATA R,10.45006,-75.72703666666666,18.9,183.5,182,0,71.0,96768.0,D5GE5,COCTG,9227314.0,12.0
2026-09-30T12:01:55.281312+00:00,563119600,OCEAN JADE,49.294250000000005,-123.23543,0.0,253.8,90,1,70.0,86424.0,9V5276,CAVAN,9865922.0,8.4
2026-09-30T12:01:55.281787+00:00,431012888,IZUMI MARU,34.149255000000004,132.95701833333334,11.8,311.9,304,0,79.0,44352.0,JD4490,>JP SMJ N-8,9846213.0,6.5
2026-09-30T12:01:55.281909+00:00,257242000,SALOME,31.13376,-81.53789166666667,0.0,133.1,132,5,70.0,91584.0,LATM8,PA PCN,9515412.0,8.2
2026-09-30T12:01:55.282098+00:00,477125800,CORIO BAY,-37.65398833333334,176.18213166666666,0.0,215.4,8,5,70.0,48720.0,VRBU9,TAURANGA NEW ZEALAND,9311426.0,7.4
2026-09-30T12:01:55.596889+00:00,538012866,SAKIZAYA KALON,50.04217333333334,-1.6343683333333334,11.9,77.7,77,0,70.0,74745.0,V7B3423,DECUX,9749908.0,12.2
2026-09-30T12:01:55.597360+00:00,563315700,INCE EREGLI,57.47112666666667,8.76066,11.0,58.1,60,0,70.0,61132.0,9VMP3,EETLL,1044039.0,7.3
2026-09-30T12:01:55.597499+00:00,258009000,STAR LIVORNO,53.100656666666666,8.740886666666666,0.0,308.8,340,5,70.0,66585.0,LAQM7,DEBRE,9593907.0,7.5
2026-09-30T12:01:55.598707+00:00,431013119,KAI-OH MARU,35.63080333333333,139.75956166666668,0.0,86.3,359,5,70.0,49507.0,JD4503,>JP TYO S,9846172.0,6.2
2026-09-30T12:01:55.858262+00:00,636026824,MARTI LINK,18.528523333333332,-67.47634666666667,16.1,64.8,65,0,71.0,45696.0,A8YW6,DOCAU,9626259.0,9.0
2026-09-30T12:01:55.859694+00:00,226010780,AMAZONE,49.427220000000005,0.86444,0.0,69.1,511,0,79.0,,FM6182,BOUAFLES,,2.4
2026-09-30T12:01:56.286115+00:00,636025737,VENUS STAR,38.20939333333333,-9.709408333333332,10.4,342.1,342,0,70.0,74745.0,5LYX5,KOLABAY,9609134.0,7.0
2026-09-30T12:01:56.286419+00:00,636022820,SDM QUANZHOU,-6.868448333333333,110.39708333333333,0.0,84.5,352,1,70.0,79254.0,5LKP7,ID SRG,9949259.0,8.1
2026-09-30T12:01:56.548216+00:00,247383700,ECO CATANIA,38.22105166666667,21.632353333333334,13.3,93.6,91,0,74.0,82538.0,IBZR,GRGPA>ITBRI,9859571.0,6.9
2026-09-30T12:01:56.898396+00:00,636091487,PONTRESINA,33.76222666666667,-118.27621666666667,0.0,302.9,335,0,70.0,69523.0,A8OK4,CNZOS,9334521.0,8.7
2026-09-30T12:01:56.898741+00:00,538006052,PANAFRICAN,51.91634666666666,2.81452,11.1,43.9,42,0,70.0,74745.0,V7JH6,UST LUGA,9350343.0,7.1
2026-09-30T12:01:57.148251+00:00,577750000,Unknown,-1.3543333333333334,117.019,0.1,144.0,224,1,,,Unknown,Unknown,,
2026-09-30T12:01:57.148924+00:00,367677380,PACIFIC HARVESTER,48.75418666666667,-122.50591,0.0,159.7,511,15,,,WDI2363,Unknown,1073741823.0,
2026-09-30T12:01:57.149695+00:00,538006707,JAG ANJALI,46.03822,-124.42564999999999,5.6,57.6,54,0,70.0,74745.0,V7QK4,USVAN,9723136.0,7.4
2026-09-30T12:01:57.348506+00:00,368319560,HARBOR2,47.632375,-122.37964166666667,0.0,0.0,0,0,,,Unknown,Unknown,,
2026-09-30T12:01:57.348762+00:00,563098900,PAC SCHEDAR,39.212059999999994,-76.47789833333333,0.0,11.4,265,5,70.0,46396.0,9V6224,US BAL,9443360.0,8.9
2026-09-30T12:01:57.350653+00:00,636093322,CHIQUITA HARVESTER,50.37126666666666,-0.6865283333333333,10.1,256.5,254,0,70.0,46233.0,5LSP2,CRMOB,9976226.0,8.1
2026-09-30T12:01:57.548635+00:00,244700375,RIVIERA,51.80725833333334,4.647878333333334,0.0,123.2,37,0,79.0,43776.0,PE6186,SCHWELGERN,,1.9
2026-09-30T12:01:57.549365+00:00,477015800,EB GRAND,50.34396666666667,0.15643833333333335,13.4,75.8,76,0,70.0,51552.0,VRWF6,BEANR,9989340.0,8.3
2026-09-30T12:01:57.550054+00:00,538012332,GLOVIS LIGHTHOUSE,48.51708,-125.13262333333334,12.7,269.7,269,0,70.0,93840.0,V7B2691,KR USN,1044340.0,8.2
2026-09-30T12:01:57.550376+00:00,538012121,MAERSK NANSHA,26.810766666666666,121.76909500000001,11.1,24.4,24,0,79.0,63954.0,V7A3997,JPNGO05,9385996.0,9.8
2026-09-30T12:01:57.550704+00:00,246091000,LONGSTONE,51.482099999999996,1.2769833333333334,17.8,93.0,96,0,71.0,55426.0,PDRG,BEZEE <-> GBTIL,9848479.0,6.9
2026-09-30T12:01:57.726584+00:00,636020454,MSC ERMINIA III,39.435111666666664,-0.32985000000000003,0.0,186.6,112,0,70.0,62413.0,A8DM9,MACAS=>ESVLC,9246346.0,8.8
2026-09-30T12:01:57.926757+00:00,538008509,JY HAMBURG,-20.290036666666666,-40.24470833333333,0.0,351.9,237,5,70.0,74745.0,V7A2446,TUBARAO BRAZIL,9867164.0,7.2
2026-09-30T12:01:57.927190+00:00,310826000,GLASGOW EXPRESS,35.91261166666666,-5.5380899999999995,9.9,2.3,10,0,70.0,97113.0,ZCHC8,MAPTM,9232589.0,10.5
2026-09-30T12:01:57.927324+00:00,636020647,ACRUX AMELIA,36.27371166666667,-3.8494216666666667,10.7,253.4,260,0,70.0,74745.0,5LAA4,DZ DJE,9909194.0,11.7
2026-09-30T12:01:57.927416+00:00,311001317,AFRICAN OXPECKER,44.0212,-7.407716666666667,6.7,273.0,270,0,79.0,51840.0,C6GQ2,PTLIS,9681895.0,6.5
2026-09-30T12:01:57.927652+00:00,244850128,Unknown,51.45921,6.172556666666667,0.1,288.8,511,3,,,Unknown,Unknown,,
2026-09-30T12:01:57.927891+00:00,352001656,ETG UBUNTU,55.457535,14.695333333333334,9.9,240.8,244,0,70.0,61132.0,3E2684,LV RIX,9952907.0,13.5
2026-09-30T12:01:57.927988+00:00,440568000,SM MUMBAI,48.607915000000006,-126.12057166666666,12.6,102.4,102,0,71.0,89856.0,D8PH,KRPUS,9401051.0,9.0
2026-09-30T12:01:58.092103+00:00,563142900,SEA PRAJNA,-28.863733333333336,15.608183333333333,10.4,161.0,165,0,70.0,56217.0,9V7428,MU PLU,9401958.0,12.5
2026-09-30T12:01:58.092443+00:00,356639000,COOL EAGLE,56.296346666666665,18.582965,18.8,236.1,235,0,70.0,54720.0,H9PJ,>PACTB,9889801.0,8.4
2026-09-30T12:01:58.092570+00:00,538002314,GENCO MANTIS,43.083510000000004,-70.76021333333333,0.0,313.3,317,5,70.0,65280.0,V7IP5,USPSM,9729489.0,10.7
2026-09-30T12:01:58.093309+00:00,563163900,ANNA SCHULTE,-34.35384166666667,18.064268333333334,9.1,117.0,118,0,70.0,65280.0,9V8217,CN NJG,9806768.0,6.3
2026-09-30T12:01:58.093670+00:00,636019322,CL DALIAO HE,52.47325,4.5938,0.0,227.2,247,5,70.0,74419.0,D5TZ3,NL IJM,9880300.0,14.5
2026-09-30T12:01:58.247528+00:00,525113018,LUMOSO KARUNIA IX,-2.057786666666667,104.99925333333334,0.0,259.1,77,1,,58060.0,YCQX2,ID TG. KAMPEH,9397884.0,6.8
2026-09-30T12:01:58.247750+00:00,667001963,RAZONI,37.370245,-0.8446066666666667,12.2,229.1,226,0,70.0,44640.0,9LU2766,RO CND,9086526.0,5.8
2026-09-30T12:01:58.247961+00:00,245179000,AEOLUS,52.419243333333334,4.769505,0.0,187.0,342,5,70.0,55044.0,PCRR,NLAMS,9612636.0,7.6
2026-09-30T12:01:58.248526+00:00,352003813,SW NORTH WIND I,49.287666666666674,-123.21326666666667,0.0,210.0,110,1,79.0,58368.0,3E5889,CAVAN,9514004.0,6.4
2026-09-30T12:01:58.533171+00:00,229257000,BOGDAN,43.197433333333336,27.78479666666667,0.0,0.0,155,0,70.0,43776.0,9HA5315,BGVAR,9905710.0,6.2
2026-09-30T12:01:58.534123+00:00,563190300,WAN HAI 363,35.537580000000005,139.86422666666667,5.0,314.2,320,0,72.0,72828.0,9V7395,JP TYO,9930404.0,10.6
2026-09-30T12:01:58.534354+00:00,572960220,TAICHUNG,26.639366666666668,122.78188333333333,15.5,56.0,60,0,74.0,49190.0,T2LJ6,JPOSA,9194505.0,8.4
2026-09-30T12:01:58.534938+00:00,538009298,NORDIC OASIS,52.048739999999995,3.2700483333333334,13.5,268.2,272,0,79.0,73440.0,V7A4560,NLRTM > USCEN,9727120.0,7.3
2026-09-30T12:01:58.535090+00:00,431197000,CORONA TRITON,35.53677166666667,139.98611,0.1,287.6,26,1,70.0,88760.0,7JUH,AU NTL,9727302.0,7.5
2026-09-30T12:01:58.883019+00:00,367384770,Unknown,48.754221666666666,-122.50471166666667,0.0,54.1,162,15,,,Unknown,Unknown,,
2026-09-30T12:01:59.237416+00:00,241994000,NEPTUNE PIREAS,34.744389999999996,-8.113901666666667,16.1,155.5,159,0,70.0,57772.0,SVEE4,MACAS,1034084.0,7.9
2026-09-30T12:01:59.239276+00:00,701006865,Unknown,-32.00376,-60.652894999999994,7.8,154.2,511,8,,,Unknown,Unknown,,
2026-09-30T12:01:59.239381+00:00,636018143,AAL KOBE,26.148175,120.75728833333332,13.1,219.7,217,0,79.0,51878.0,D5OJ7,BRVDC,9498444.0,8.0
2026-09-30T12:01:59.271075+00:00,220198000,OLGA MAERSK,39.67753666666667,-75.52282833333334,14.9,196.0,197,0,71.0,80110.0,OXBB2,NZ TRG > PANA CANAL,9251614.0,11.2
2026-09-30T12:01:59.271247+00:00,538004890,VIGOROUS,-23.964788333333335,-46.29924666666667,9.0,317.2,320,0,70.0,51840.0,V7ZQ2,BRSSZ,9546239.0,10.6
2026-09-30T12:01:59.272086+00:00,538008994,WHEAT WEIFANG,51.93345333333333,4.187688333333333,0.0,276.4,307,5,70.0,74745.0,V7A4172,NL RTM,9883766.0,12.8
2026-09-30T12:01:59.272702+00:00,405000306,MEGHNA PRINCESS,-35.034405,117.89327666666667,0.0,38.8,117,5,70.0,65280.0,S2BG7,"ALBANY,AUSTRALIA",9805776.0,7.1
2026-09-30T12:01:59.272973+00:00,356639000,COOL EAGLE,56.29624833333333,18.582704999999997,18.8,236.1,235,0,70.0,54720.0,H9PJ,>PACTB,9889801.0,8.4
2026-09-30T12:01:59.454080+00:00,525901113,WIJAYA TRANS 36,-2.183718333333333,104.99615833333334,4.5,268.9,511,8,,,SSD,Unknown,1107283.0,
2026-09-30T12:01:59.831239+00:00,538006753,FEDERAL ASAHI,43.63639333333333,-79.35200499999999,0.1,313.4,149,5,70.0,48960.0,V7NK7,CATOR,9200419.0,6.6
2026-09-30T12:01:59.831640+00:00,414449000,ZHONGCHANGRONGSHENG,26.522061666666666,121.20782666666668,10.9,33.0,32,0,70.0,58368.0,BRHE,SOUTH AFRICA DURBAN,9591222.0,11.6
2026-09-30T12:01:59.832175+00:00,314151000,Unknown,-4.58362,110.402345,8.6,125.1,128,0,,,Unknown,Unknown,,
2026-09-30T12:01:59.832471+00:00,636021136,EVER CERTAIN,37.438158333333334,126.596815,0.0,71.8,269,5,71.0,45964.0,5LCM3,TW TPE,9903255.0,9.2
2026-09-30T12:02:00.001406+00:00,563158800,WAN HAI 309,24.789796666666668,119.78336333333333,17.9,35.8,35,0,79.0,67626.0,9V7925,IDSRG,9348900.0,9.3
2026-09-30T12:02:00.002433+00:00,636025608,NOBLE SALUTE,-34.734745,152.26419166666668,4.8,162.7,119,0,70.0,91086.0,5LYG8,NTL AU,9602734.0,7.6
2026-09-30T12:02:00.168488+00:00,305059300,YUAN HAI,55.73838,15.991175,11.6,254.8,255,0,79.0,58368.0,V2B2059,IDGRE,9229697.0,12.8
2026-09-30T12:02:00.168592+00:00,657232000,Unknown,4.6948783333333335,7.16819,0.0,44.3,104,5,,,Unknown,Unknown,,
2026-09-30T12:02:00.169572+00:00,352002095,DAFENGGANGLIMINGHAO,1.207695,103.87094666666667,11.7,232.9,235,0,70.0,43814.0,3E3777,FUJAIRAH,9188790.0,8.5
2026-09-30T12:02:00.346792+00:00,441487000,PAN AMBER,38.07976166666666,-123.313955,10.0,136.5,136,0,70.0,54432.0,D7PO,"SACRAMENTO,USA",9626003.0,9.0
2026-09-30T12:02:00.753444+00:00,538012959,CENTURION SPARTACUS,49.14547,-123.84719166666667,0.0,207.6,302,1,70.0,61132.0,V7B3553,CA VAN,1116569.0,6.8
2026-09-30T12:02:00.753551+00:00,215869000,SEASTAR VALIANT,35.90765833333333,-5.648366666666666,10.0,82.0,80,0,70.0,51840.0,9HA5342,CEUTA SPAIN,9462768.0,9.6
2026-09-30T12:02:01.045580+00:00,211162610,PRINCESS,53.5392,9.948366666666667,8.1,117.7,511,0,,,DF4518,@@@@@@@@@C?ZO>4_?;Q<,,
2026-09-30T12:02:01.275347+00:00,311000800,AKUNA,-19.12976666666667,147.03508666666667,10.4,162.6,157,0,79.0,44064.0,C6DW3,AU TSV,9470806.0,9.9
2026-09-30T12:02:01.276082+00:00,374277000,ES CARE,51.972971666666666,3.9890266666666667,0.0,255.1,78,5,79.0,50976.0,H9RF,NL RTM,9708930.0,6.1
2026-09-30T12:02:01.276883+00:00,368368280,Unknown,48.93569,-122.78754,0.0,360.0,511,15,,,Unknown,Unknown,,
2026-09-30T12:02:01.453563+00:00,17620,SCOMBA,36.497060000000005,-6.180499999999999,0.0,0.0,511,3,,,Unknown,CADIZ,,7.5
2026-09-30T12:02:01.454378+00:00,248105000,PIERRE A,45.26149,12.584691666666666,11.8,57.4,58,0,73.0,69849.0,9HA6515,SIKOP,9308182.0,10.2
2026-09-30T12:02:01.455227+00:00,310760000,QUEBEC EXPRESS,53.54347,9.863516666666667,7.7,108.9,106,0,70.0,92966.0,ZCEU7,DEHAM.,9294836.0,8.8
2026-09-30T12:02:01.745088+00:00,373556000,LUFFY,57.243476666666666,11.82264,11.1,137.2,137,0,70.0,58368.0,3EZZ9,RU ULU,9609249.0,6.6
2026-09-30T12:02:02.834760+00:00,477625700,JIUYANG FORTUNE,26.86700666666667,121.14945833333333,14.1,207.4,207,0,70.0,55296.0,VRTN8,ITRAN,9088237.0,8.8
2026-09-30T12:02:03.318237+00:00,209761000,ONE OCEAN,26.564466666666664,121.49135,11.5,226.0,225,0,79.0,74745.0,5BJW5,PORTLAND,9460904.0,6.9
2026-09-30T12:02:03.318806+00:00,369357000,JANET MARIE,37.79364333333333,-122.53261333333333,17.8,67.0,65,0,79.0,84609.0,WDK4357,USHON,9837107.0,10.8
2026-09-30T12:02:03.318956+00:00,265054210,LIVE FIRING EXERCISE,55.764988333333335,14.196295,0.0,49.9,511,15,,,Unknown,Unknown,,
2026-09-30T12:02:03.319342+00:00,440414000,GLOVIS DESIRE,-32.88010166666667,151.750145,0.0,44.5,124,5,70.0,74745.0,D7EO,AUNTL,9710608.0,7.7
2026-09-30T12:02:03.319817+00:00,243429373,Unknown,-86.540335,4.91336,0.0,397.6,254,0,,,Unknown,Unknown,,
2026-09-30T12:02:03.320035+00:00,413311240,Unknown,22.477751666666666,113.87850666666667,0.0,243.0,206,5,,,Unknown,Unknown,,
2026-09-30T12:02:03.653749+00:00,316036478,YDT SOOKE,48.439769999999996,-123.44747000000001,0.0,0.0,114,15,,,8675309,Unknown,1073741823.0,
2026-09-30T12:02:03.654006+00:00,538008902,FEDERAL RUHR,46.497933333333336,-84.39990666666667,5.4,72.2,73,0,70.0,48960.0,V7GT6,CATHU-->CAMTR,9766176.0,7.9
2026-09-30T12:02:03.654274+00:00,247489200,SOUTH ENABLER,54.55885,11.256588333333333,17.9,113.9,114,0,70.0,54100.0,IBND,EEPLS,1022641.0,6.3
2026-09-30T12:02:03.654432+00:00,255916484,POLSTEAM KOPROWO,49.35964833333333,0.9902633333333333,0.0,29.2,223,5,70.0,48960.0,CQ2753,FRURO,9971862.0,6.9
2026-09-30T12:02:03.958046+00:00,356110000,NEW BOUNDARY,45.64110166666667,-122.73174,0.0,170.7,98,1,70.0,58368.0,3EYA9,US VAN,9690511.0,7.3
2026-09-30T12:02:03.959150+00:00,367721220,OCEAN GLORY,35.29938666666667,-8.693503333333332,7.1,86.5,89,0,70.0,41040.0,KOGH,USPAU,9681833.0,7.7
2026-09-30T12:02:04.196124+00:00,255917339,LEGIONY POLSKIE,35.98667833333333,-5.3942,6.3,21.1,343,0,70.0,51840.0,CQ2968,KRKAK,9708045.0,9.0
2026-09-30T12:02:04.388534+00:00,538008266,FEDERAL YUKINA,45.40799666666667,-73.58495500000001,4.2,91.1,94,0,70.0,46920.0,V7A2165,US DET,9476977.0,8.2
2026-09-30T12:02:04.388954+00:00,538011553,WOOYANG HERMES,-2.0665883333333332,104.956645,0.0,356.4,119,1,70.0,58368.0,V7A3120,ID TANJUNG KAMPEH,9421257.0,6.4
2026-09-30T12:02:04.389925+00:00,538013125,MANTA SERIFE BACI,55.69034333333333,15.943553333333334,11.9,75.5,76,0,70.0,51840.0,V7B3769,DK SKA,9638147.0,7.1
2026-09-30T12:02:04.390527+00:00,256010000,NEPTUNE KALLOS,45.56688333333333,13.7444,0.0,28.0,268,5,70.0,45696.0,9HA5657,SIKOP,9442122.0,8.8
2026-09-30T12:02:04.618421+00:00,636016432,MSC ARUSHI R.,35.955913333333335,-5.70933,17.3,268.0,269,0,70.0,96768.0,A8RL3,ESVLC,9244881.0,10.7
2026-09-30T12:02:04.619013+00:00,353035000,ULTRA SERVAL,52.40815333333333,4.819946666666667,0.0,162.4,343,5,70.0,74745.0,3EEX2,AMSTERDAM,9874997.0,13.7
2026-09-30T12:02:04.836754+00:00,538012785,SAKIZAYA ACE,-34.303801666666665,18.033136666666667,11.9,307.0,307,0,70.0,73440.0,V7B3321,KARAIKAL INDIA,9656400.0,14.3
2026-09-30T12:02:04.837184+00:00,366904910,KAYE E BARKER,42.05159166666667,-83.1346,10.9,6.0,6,0,70.0,48837.0,WCF3012,MARQUETTE,5097450.0,7.0
2026-09-30T12:02:04.838026+00:00,636025837,PAIWAN CHAMPION,-32.597321666666666,-60.76898333333334,0.0,281.7,327,5,70.0,55296.0,5LZJ8,SAN LORENZO,1014307.0,7.1
2026-09-30T12:02:04.838300+00:00,311002223,UNION FAITH,59.83947666666666,25.724390000000003,0.0,285.7,44,1,70.0,44582.0,C6LB4,RU ULU,9272773.0,6.3
2026-09-30T12:02:05.067583+00:00,255806513,MSC CALISTA II,53.45086666666667,4.7248133333333335,12.2,21.4,22,0,70.0,40320.0,CQEX6,NOMSS,9306067.0,8.6
2026-09-30T12:02:05.068056+00:00,477949600,BAO SUCCESS,36.0783,-5.175166666666667,5.6,61.0,66,0,70.0,58368.0,VRWB6,GIBRALTAR,9482029.0,11.4
2026-09-30T12:02:06.315493+00:00,229554000,HOPA,49.29535,-123.06222833333332,0.1,170.1,272,1,74.0,65280.0,9HA3402,CAVAN,9684213.0,7.7
2026-09-30T12:02:06.316673+00:00,563245100,21 SUNNY,27.906211666666664,-82.437945,0.0,173.5,334,5,70.0,51840.0,9VAB2,US TPA,9615107.0,11.3
2026-09-30T12:02:06.611201+00:00,636018191,MSC PORTO III,45.576303333333335,13.657530000000001,12.0,315.0,323,0,73.0,63648.0,A8IY9,SIKOP,9299020.0,8.2
2026-09-30T12:02:07.034426+00:00,341698001,AL ZAHRAA,54.432026666666665,11.97903,10.7,272.2,274,0,70.0,44582.0,V4CC6,LVRIX,9255062.0,6.2
2026-09-30T12:02:07.572058+00:00,247383300,ECO VALENCIA,41.313496666666666,2.1690216666666666,14.2,169.7,168,0,71.0,82538.0,IBQD,ESBCN>ITSVN,9859533.0,6.8
2026-09-30T12:02:07.572294+00:00,538007935,ALIKI FORCE,-20.327116666666665,-40.17758333333334,0.1,77.0,8,1,70.0,60211.0,V7AL7,BRTUB,9498559.0,7.0
2026-09-30T12:02:07.572395+00:00,311001713,KIWI ARROW,51.45425,3.7211166666666666,0.0,17.0,239,5,70.0,65280.0,C6IN3,ESBIO>NLVLI,9434527.0,11.6
2026-09-30T12:02:07.572492+00:00,667002375,GOLDEN MALAK,49.44560333333333,0.8157533333333333,12.4,200.8,210,0,70.0,44179.0,9LS2078,FRURO,9578995.0,6.2
2026-09-30T12:02:07.888467+00:00,249940000,MERSIN EXPRESS,35.878481666666666,-5.5959650000000005,0.3,54.9,46,0,71.0,62496.0,9HA4444,ITGOA,9740653.0,10.0
2026-09-30T12:02:07.888639+00:00,368045760,Unknown,48.754086666666666,-122.50474833333332,0.0,4.6,511,15,,,Unknown,Unknown,,
2026-09-30T12:02:07.888889+00:00,563281300,SEASPAN YINGKOU,26.905238333333333,121.749045,15.4,44.5,43,0,71.0,75398.0,9VMY8,HONG KONG,9403011.0,10.2
2026-09-30T12:02:07.889467+00:00,563095700,GREEN OCEAN,35.915695,-5.599398333333334,8.9,79.0,75,0,70.0,46233.0,9V6354,ITCAG,9865960.0,9.3
2026-09-30T12:02:08.630755+00:00,267010042,BD DEVIN,48.10562166666667,17.12919,0.0,181.6,511,15,,,OMDJ,BRATISLAVA,,
2026-09-30T12:02:08.631503+00:00,636020296,NICHOLAS STANFORD,38.959066666666665,-76.40222833333334,0.0,325.2,212,1,70.0,65280.0,D5YO5,USKCB>USBAL,9902251.0,6.7
2026-09-30T12:02:08.631602+00:00,413367580,Unknown,27.75368,121.512455,8.4,36.4,42,0,,,Unknown,Unknown,,
2026-09-30T12:02:08.631755+00:00,235500000,HURST POINT,59.33076833333334,24.086588333333335,0.0,35.9,198,5,70.0,48172.0,ZIQE8,@SEA,9234068.0,5.5
2026-09-30T12:02:09.452534+00:00,563196800,NICOLAUS SCHULTE,37.08016666666666,-76.10315833333334,12.0,330.1,332,0,70.0,74745.0,9V8093,NL IJM,9966312.0,13.3
2026-09-30T12:02:09.453334+00:00,352004736,AC VICTORY,54.54565,18.506618333333332,0.0,344.6,116,5,70.0,73440.0,3E6987,GDYNIA,9291119.0,7.6
2026-09-30T12:02:09.453961+00:00,2444059,HOEK VAN HOLLAND,51.980940000000004,4.112611666666667,0.0,19.0,511,15,,,Unknown,@@@@@@@@@@@@@@@@@@@,,
2026-09-30T12:02:10.806056+00:00,314800000,AK KARAM,56.0848,17.99482,11.1,239.0,240,0,70.0,44064.0,8PTO2,DKSKA,9276731.0,10.0
2026-09-30T12:02:10.807975+00:00,538005698,URSA MINOR,45.66002833333334,13.762215,0.0,353.0,339,0,70.0,55296.0,V7GD9,ITTRS,9711767.0,7.3
2026-09-30T12:02:10.808360+00:00,212419000,MSC CALIDRIS III,10.398296666666665,-75.52961333333333,0.0,234.0,57,5,71.0,69523.0,5BQQ6,COCTG,9445899.0,8.8
2026-09-30T12:02:10.808494+00:00,215915000,LISTA,51.51186,0.15223666666666666,0.0,288.0,288,5,70.0,48172.0,9HA5365,NLVLI,9503627.0,5.2
2026-09-30T12:02:12.917011+00:00,311001205,AFRICAN LOGRUNNER,49.30114666666667,-122.94584,0.3,341.4,83,1,70.0,51840.0,C6GC2,CA VAN,9733258.0,9.7
2026-09-30T12:02:12.917378+00:00,636018158,BRAVEHEART I,-33.917825,18.444891666666667,0.0,148.7,131,5,70.0,74745.0,D5OL4,ZA CPT,9392444.0,6.2
2026-09-30T12:02:12.917585+00:00,244660053,A'NOUS,52.515315,6.0596733333333335,0.4,314.5,511,0,70.0,,PH2041,GENEMUIDEN,,2.9
2026-09-30T12:02:13.986830+00:00,352002433,ROYAL PEARL,27.671855,-13.866961666666667,12.7,215.4,212,0,70.0,61132.0,3E4088,TR ISK,9941972.0,10.4
2026-09-30T12:02:13.987874+00:00,305059300,YUAN HAI,55.738240000000005,15.99025,11.6,254.8,255,0,79.0,58368.0,V2B2059,IDGRE,9229697.0,12.8
2026-09-30T12:02:13.989017+00:00,244150430,ORFEO,51.95750666666667,4.115205,0.2,245.8,511,5,79.0,40406.0,PC4024,ROTTERDAM,,4.0
2026-09-30T12:02:14.595514+00:00,538010328,VENTURE,54.60184,11.031803333333333,11.5,272.6,274,4,70.0,61132.0,V7A5898,CN XMG,9714721.0,13.3
2026-09-30T12:02:15.146998+00:00,227300000,F/V MIREN,43.32322333333333,-1.9255466666666665,0.0,187.6,200,0,,,FHZV,PASAJES,8229353.0,
2026-09-30T12:02:15.147717+00:00,265827240,TANNHAUSER,39.243921666666665,-76.53769333333334,0.0,305.8,324,5,70.0,73440.0,SBLA,SHIFTING AFF-DMT,9731640.0,10.2
2026-09-30T12:02:15.148014+00:00,352004792,NORSE OMISHIMA,36.17595166666667,-4.849938333333333,1.0,283.9,289,0,70.0,52704.0,3E7034,GIGIB,9990674.0,10.7
2026-09-30T12:02:15.148745+00:00,257328000,STAR JUVENTAS,50.82220333333333,0.9806266666666666,9.6,229.4,229,0,70.0,58924.0,LAZU5,ESFRO,9254642.0,9.9
2026-09-30T12:02:15.149338+00:00,477023200,NING YUE HAI,53.474885,-3.070698333333333,2.7,134.5,140,0,70.0,63043.0,VRQL5,LIVERPOOL,9751339.0,12.2
2026-09-30T12:02:15.724436+00:00,563314500,GENERAL GUISAN,57.88466833333334,18.196001666666668,12.3,28.9,29,0,70.0,60518.0,9V3077,FIUKI,9888027.0,7.0
2026-09-30T12:02:15.726372+00:00,255916486,ELBSPRING,53.894418333333334,9.14682,0.0,209.1,227,0,73.0,43804.0,CQ2755,DEBRV VIA NOK,9462794.0,9.3
2026-09-30T12:02:16.562015+00:00,412416806,Unknown,26.413656666666668,121.72572333333332,2.5,11.9,511,15,,,Unknown,Unknown,,
2026-09-30T12:02:16.563306+00:00,354540000,MSC SHANNON III,56.74415,18.179433333333336,11.4,234.0,230,0,71.0,77356.0,HPRY,ANTWERP,8913423.0,10.4
2026-09-30T12:02:16.563544+00:00,308271000,BONTRUP AMSTERDAM,52.828895,3.914086666666667,10.9,327.7,331,0,70.0,73440.0,C6JT8,NLAMS,8110681.0,12.7
2026-09-30T12:02:16.563924+00:00,538005605,XIN HAI TONG 809,51.363216666666666,2.5783766666666663,5.7,89.0,90,0,70.0,73440.0,V7FJ8,NL VLI,9669342.0,7.5
2026-09-30T12:02:17.926835+00:00,440585000,KMTC KEELUNG,26.51247,120.90894,15.9,208.1,209,0,70.0,43545.0,DSOF3,SG SIN,9157741.0,9.1
2026-09-30T12:02:18.270404+00:00,352004981,MERSEA ISLAND,-18.74314,146.96464333333333,11.5,131.4,131,0,70.0,54460.0,3E7198,BLUFF,1035959.0,9.3
2026-09-30T12:02:18.596208+00:00,636026299,MSC DONATA,-33.900995,151.82361333333336,2.2,180.1,281,0,70.0,88819.0,A8QY9,SYDNEY PORT BOTANY,9237151.0,11.1
2026-09-30T12:02:18.597266+00:00,538007531,AFROS,49.28899666666667,-123.07933333333334,0.0,73.3,180,5,70.0,61132.0,V7TL4,CAVAN,9746803.0,8.8
2026-09-30T12:02:18.832684+00:00,352003450,HOANH SON PACIFIC,36.0743,-5.3029166666666665,5.4,266.0,511,0,70.0,75735.0,3E5115,ES ALG,9324239.0,13.4
2026-09-30T12:02:18.833946+00:00,636025306,COPENHAGEN,49.304478333333336,-123.06706833333332,0.0,294.2,85,5,70.0,77081.0,5LWT9,"VANCOUVER,CANADA",1045655.0,8.8
2026-09-30T12:02:18.834670+00:00,373556000,LUFFY,57.243021666666664,11.823421666666666,11.1,137.1,137,0,70.0,58368.0,3EZZ9,RU ULU,9609249.0,6.6
2026-09-30T12:02:19.061230+00:00,257350000,STAR KILIMANJARO,48.62571333333334,-125.589405,9.0,126.8,124,0,70.0,67891.0,LAIG7,CASTW,9396139.0,8.0
2026-09-30T12:02:19.061438+00:00,255738000,AUTO ADVANCE,51.30909833333333,3.2252549999999998,0.0,153.0,153,5,70.0,45427.0,CQKD,BEZEE,9881299.0,7.4
2026-09-30T12:02:19.061976+00:00,229076000,SERAPHINE,41.17806333333333,-8.70092,0.0,122.0,234,5,70.0,70502.0,9HA5438,PTLEI,9889710.0,7.9
2026-09-30T12:02:19.256873+00:00,368319560,HARBOR2,47.632373333333334,-122.37963666666666,0.0,0.0,511,15,,,Unknown,Unknown,,
2026-09-30T12:02:19.257661+00:00,368296270,Unknown,48.75665166666667,-122.50454166666667,0.0,3.0,511,15,,,Unknown,Unknown,,
2026-09-30T12:02:19.423548+00:00,525401239,Unknown,-1.2019933333333335,116.77927333333334,3.5,2.7,511,8,,,Unknown,Unknown,,
2026-09-30T12:02:19.424091+00:00,219030045,Unknown,57.0287,9.943816666666667,0.0,0.0,511,15,,,Unknown,Unknown,,
2026-09-30T12:02:19.424297+00:00,636092738,ANDALUCIA,4.698423333333333,7.1559816666666665,0.0,250.3,154,5,70.0,51840.0,D5MH3,AOLAD,9667576.0,10.3
2026-09-30T12:02:19.702790+00:00,538010586,LIU JIANG KOU,45.672335,13.63864,14.6,1.0,0,0,70.0,72595.0,V7A6257,SGSIN PEBGB,9991795.0,8.0
2026-09-30T12:02:19.703515+00:00,538011293,DORA,37.80808833333333,24.359671666666667,11.6,237.2,235,0,79.0,58368.0,V7A6917,ROAGI,9387360.0,6.3
2026-09-30T12:02:19.704149+00:00,636023215,WEALTH CERES,55.39908333333334,14.53805,10.6,215.0,217,0,70.0,84088.0,5LMP6,ST.PETERSBURG,9469053.0,10.6
2026-09-30T12:02:19.884991+00:00,636025394,OTHONOI,-29.876368333333335,31.053539999999998,0.0,347.6,220,5,70.0,74745.0,5LXF8,ZA DUR,1026051.0,7.3
2026-09-30T12:02:19.885574+00:00,338522914,Unknown,48.98916166666667,-122.770315,0.0,360.0,511,15,,,Unknown,Unknown,,
2026-09-30T12:02:19.886486+00:00,636014456,KEN WAVE,53.40788166666667,14.610626666666667,0.0,53.7,15,5,70.0,58368.0,A8TY5,PL SZZ,9454204.0,10.3
2026-09-30T12:02:20.086288+00:00,249940000,MERSIN EXPRESS,35.87848666666666,-5.595956666666667,0.3,49.8,46,0,71.0,62496.0,9HA4444,ITGOA,9740653.0,10.0
2026-09-30T12:02:20.087877+00:00,636024691,STAR LUTAS,35.58031666666667,140.11207833333336,0.0,70.0,169,5,70.0,61132.0,5LTV7,JP CHB OFF,9712709.0,13.1
2026-09-30T12:02:20.287384+00:00,636023381,ARIADNI,37.319280000000006,-0.83425,0.0,128.0,82,0,70.0,61132.0,5LNK9,US BRO,9698305.0,12.3
2026-09-30T12:02:20.288131+00:00,265083750,Unknown,58.94961833333333,18.263916666666667,0.0,0.0,511,15,,,Unknown,Unknown,,
2026-09-30T12:02:20.458684+00:00,311000085,AFRICAN KITE,50.254281666666664,-0.548345,12.8,75.0,74,0,70.0,65280.0,C6AM2,DE BRE,9650937.0,8.5
2026-09-30T12:02:20.459579+00:00,440314000,WOOYANG IVY,-33.260571666666664,115.56220666666667,0.7,148.6,234,1,70.0,61132.0,D7IK,AUBUY,9782326.0,6.8
2026-09-30T12:02:20.460003+00:00,259194000,HOEGH MOONLIGHT,35.46042666666666,139.68822333333335,0.0,21.1,239,5,70.0,77520.0,LAUL8,YOK DE,9971252.0,8.4
2026-09-30T12:02:20.460276+00:00,357381000,HWA LAND,56.326298333333334,17.380405,11.9,53.6,55,0,70.0,73440.0,3FHP9,ST PETERSBURG,9187722.0,7.0
2026-09-30T12:02:20.460364+00:00,636023896,CYTA,-1.46942,-48.757621666666665,0.1,106.2,225,1,70.0,56217.0,5LPY6,BR VDC,1015313.0,6.5
2026-09-30T12:02:20.599024+00:00,247320400,EUROCARGO BARI,51.28255,4.223943333333334,0.0,20.2,217,5,70.0,53040.0,ICMQ,GBPRU>BEANR,9471082.0,6.9
2026-09-30T12:02:20.782767+00:00,314537000,NORD VIND,51.36864833333333,4.11414,12.2,81.7,80,0,70.0,43804.0,8PAZ2,BE ANR,9573921.0,8.5
2026-09-30T12:02:20.783684+00:00,261187390,Unknown,53.19495166666666,17.965366666666668,0.0,220.6,268,5,,,Unknown,Unknown,,
2026-09-30T12:02:20.783837+00:00,374152000,ULTRA SILVA,49.332391666666666,-123.22040666666666,0.1,205.9,94,1,70.0,51552.0,3FSU3,CAVAN,9873890.0,7.1
2026-09-30T12:02:20.912981+00:00,477244100,XIN HAI TONG 22,50.310245,-0.09087666666666668,13.9,76.6,77,0,70.0,58368.0,VRSI9,SKAGEN,9453250.0,6.4
2026-09-30T12:02:21.047759+00:00,477987800,CA MANILA,22.322795,114.10675166666667,7.0,253.7,249,0,71.0,44889.0,VRWF4,CN SHK,9987598.0,8.9
2026-09-30T12:02:21.049734+00:00,982000000,INTERMARINE 1,-6.946933333333333,110.42369166666667,0.0,124.6,511,15,70.0,,4DES-2,CARRASCAL SURIGAO,,3.5
2026-09-30T12:02:21.050067+00:00,368241480,Unknown,48.75612666666667,-122.50640166666668,0.0,210.7,511,15,,,Unknown,Unknown,,
2026-09-30T12:02:21.171596+00:00,228480800,DURANDE,51.37859,4.152586666666667,12.8,230.7,234,0,71.0,44582.0,FNYS,FRLEH,1025540.0,10.0
2026-09-30T12:02:21.172591+00:00,205539990,VERA PAX,51.814055,5.14081,8.8,262.5,268,0,79.0,41952.0,OT5399,SCHWELGERN,,3.6
2026-09-30T12:02:21.173639+00:00,352898762,COSMO GLORIA,-37.656621666666666,176.18166166666666,0.0,258.8,189,0,70.0,51840.0,3E2047,NZ TRG,9898993.0,8.0
2026-09-30T12:02:21.411526+00:00,304819000,STARNES,57.71387166666667,10.589675,0.0,252.4,252,5,70.0,52896.0,V2HF7,DKSKA,9858424.0,7.2
2026-09-30T12:02:21.411773+00:00,338403245,Unknown,48.994188333333334,-122.75667833333334,0.0,360.0,511,15,,,Unknown,Unknown,,
2026-09-30T12:02:21.411941+00:00,249200000,CMA CGM RED,51.728415000000005,-8.028773333333334,6.1,68.8,66,0,79.0,53280.0,9HA6161,FRLEH > IEORK,9690107.0,9.8
2026-09-30T12:02:21.412124+00:00,440001550,HAN CHANG 1,37.451145,126.59432333333332,0.0,339.9,322,0,,,101H C1,@@@@@@@@@@@@@@@@@@,171829.0,
2026-09-30T12:02:21.538553+00:00,636026295,TAHO MIRACLE,51.463640000000005,3.6936000000000004,0.0,12.4,239,5,70.0,61132.0,A8QS9,FLUSHING,1096379.0,9.1
2026-09-30T12:02:21.538804+00:00,636093396,KEVIN OLDENDORFF,53.56579166666667,9.725771666666667,0.0,353.7,281,5,70.0,74745.0,5LYM7,DEHAM,1021752.0,8.2
2026-09-30T12:02:21.718003+00:00,538005154,CAPETAN GIORGIS,46.14190333333333,-123.33583166666668,12.5,90.5,90,0,70.0,73440.0,V7BJ9,"LONGVIEW,USA",9288423.0,6.8
2026-09-30T12:02:21.718416+00:00,368286360,Unknown,48.75475333333333,-122.50750833333333,0.0,76.9,511,15,,,Unknown,Unknown,,
2026-09-30T12:02:21.718496+00:00,265022000,BOTNIA ENABLER,51.35371833333333,3.1774533333333332,0.0,220.0,46,0,71.0,88862.0,SBTK,BEZEE,9884679.0,8.0
2026-09-30T12:02:21.844880+00:00,563237100,WAN HAI 377,22.338933333333333,114.12045833333333,0.6,176.7,169,0,71.0,72828.0,9V7868,CNDLC,9958133.0,8.5
2026-09-30T12:02:21.846066+00:00,636019972,KIRSTEN OLDENDORFF,55.998709999999996,17.95266333333333,14.8,61.6,62,0,70.0,74745.0,D5XA9,RU ULU,9863091.0,7.3
2026-09-30T12:02:21.846620+00:00,369357000,JANET MARIE,37.79423,-122.53088,17.9,66.3,65,0,79.0,84609.0,WDK4357,USHON,9837107.0,10.8
2026-09-30T12:02:22.047804+00:00,538007274,FEDERAL SAKURA,43.28953333333333,-79.84795166666666,0.0,192.6,280,1,70.0,43776.0,V7EO6,CAHAM,9288291.0,6.3
2026-09-30T12:02:22.559848+00:00,636018699,ALRAYAN,27.921,-82.42866666666667,0.0,262.0,180,5,79.0,58368.0,D5QY8,US TPA,9456240.0,10.6
2026-09-30T12:02:22.561209+00:00,247098900,GRANDE AMBURGO,27.97942,-13.727981666666667,16.0,24.1,24,0,79.0,69849.0,IBMW,BRRIO,9246607.0,8.4
2026-09-30T12:02:22.744185+00:00,431836000,SUNRISE SERENITY,32.50702666666667,136.426415,0.7,157.7,129,0,70.0,73113.0,7KNL,JPUKB,9570462.0,12.4
2026-09-30T12:02:22.744699+00:00,235109009,EXTERMINATOR,51.507600000000004,-0.07988166666666667,0.0,95.5,511,0,,,2IEE9,Unknown,,1.0
2026-09-30T12:02:22.745055+00:00,271052243,MED MERSIN,36.79156666666667,34.639466666666664,0.1,299.0,3,5,71.0,60211.0,TCA8035,TRMER,9135638.0,11.9
2026-09-30T12:02:22.745352+00:00,265054210,LIVE FIRING EXERCISE,55.76499333333334,14.196303333333333,0.0,49.9,511,15,,,Unknown,Unknown,,
2026-09-30T12:02:22.745910+00:00,256097000,TSL ROSEMARY,-32.253645,115.74337999999999,0.0,182.2,223,5,70.0,47577.0,9HA5694,KWINANA WA,9527192.0,6.3
2026-09-30T12:02:22.945581+00:00,352002396,INTEGRITY AOI,37.283773333333336,0.47450166666666665,12.6,266.4,268,0,70.0,51840.0,3E3861,MTMLA,9951812.0,6.1
2026-09-30T12:02:22.946025+00:00,563305700,JERVIS BAY,46.119285,-122.980755,0.3,210.0,292,1,70.0,51840.0,9V2874,US LOG,9610688.0,7.2
2026-09-30T12:02:22.946679+00:00,367677380,PACIFIC HARVESTER,48.754185,-122.50590666666668,0.0,159.0,511,0,,,WDI2363,Unknown,1073741823.0,
2026-09-30T12:02:22.946768+00:00,338808000,US GOV VESSEL,45.56679833333333,-122.72725166666667,0.0,106.0,511,5,,48921.0,NEXS,Unknown,,8.4
2026-09-30T12:02:22.947209+00:00,244830814,BIGLIFT BAFFIN,54.59863,-1.1695233333333335,0.0,312.1,42,5,79.0,69753.0,PCZI,GBTEE,9758557.0,5.4
2026-09-30T12:02:22.947835+00:00,563239300,ADMIRAL QUEEN,39.42863,-27.455266666666667,11.8,267.4,270,0,70.0,74745.0,9V9378,NEW ORLEANS,9970258.0,13.6
2026-09-30T12:02:23.142879+00:00,636016437,MSC VIDISHA R.,37.19542166666667,-1.0993533333333334,17.6,225.9,226,0,74.0,97113.0,A8IY4,VALENCIA,9227326.0,10.8
2026-09-30T12:02:23.144766+00:00,477142900,TOP CONFIDENCE,26.608438333333332,121.91870833333334,11.9,208.6,208,0,70.0,58368.0,VRRG9,AOLAD,9767845.0,11.6
2026-09-30T12:02:23.322471+00:00,538007150,LMZ VEGA,59.877755,26.084113333333335,0.0,158.0,33,1,70.0,58368.0,V7XM3,RUULU,9548574.0,6.7
2026-09-30T12:02:23.323661+00:00,367156370,EVERGREEN STATE,39.303734999999996,-74.49333833333334,5.6,235.3,511,0,,,WDD5302,GREAT-EGG INLET_NJ,,
2026-09-30T12:02:23.324592+00:00,563106200,ARAUCARIA,55.633766666666666,10.79228,12.6,344.2,346,0,79.0,51840.0,9V6732,SE GOT,9882994.0,10.1
2026-09-30T12:02:23.673723+00:00,249671000,VESPERTINE,53.541288333333334,-3.3657983333333332,16.7,283.6,282,0,79.0,48921.0,9HA4331,IEDUB,9376713.0,6.4
2026-09-30T12:02:23.674427+00:00,538012841,DONA BIBI,-33.30937166666667,152.22701333333333,3.9,175.8,116,0,79.0,74745.0,V7B3390,AU NTL,9600619.0,7.2
2026-09-30T12:02:23.674524+00:00,563269400,EVER WAFT,35.61192333333334,139.77815833333335,0.0,12.0,326,5,74.0,52838.0,9V7809,>JPTYO R,9950868.0,9.4
2026-09-30T12:02:23.675143+00:00,416438000,KANWAY GLOBAL,22.347066666666667,114.01313333333333,14.5,267.2,268,0,70.0,51878.0,BLEP,CNSHK,9167461.0,6.7
2026-09-30T12:02:23.675238+00:00,341855000,JASIM,31.823361666666663,34.63595333333333,0.0,69.9,158,5,70.0,,V4VE3,ILASH,9148518.0,7.1
2026-09-30T12:02:23.766780+00:00,414283000,JINNING17,-2.0481533333333335,104.99985333333333,0.1,0.0,78,1,70.0,73440.0,BPDT8,IDPLM,9189108.0,7.0
2026-09-30T12:02:23.768208+00:00,203999428,WIENTANK 2,48.219366666666666,16.415398333333332,0.0,339.3,511,0,,,OED3013,Unknown,,1.0
2026-09-30T12:02:23.768458+00:00,249796000,SEAEAGLE II,51.14534666666667,3.7893499999999998,0.0,125.4,108,5,70.0,65280.0,9HA6388,BE_GNE,9870886.0,12.0
2026-09-30T12:02:23.769173+00:00,636023825,CSPC PISCES,45.73668,13.635366666666666,0.0,144.0,227,1,70.0,82620.0,5LPP5,MONFALCONE.IT,1052024.0,8.9
2026-09-30T12:02:24.006152+00:00,256883000,CMA CGM TIVOLI,55.58195166666667,15.410885,9.8,62.2,66,0,72.0,62730.0,9HA6016,LTKLJ,9961312.0,7.7
2026-09-30T12:02:24.006885+00:00,538011305,AZUL,51.346305,4.285698333333333,0.0,285.7,275,5,70.0,61132.0,V7A6933,DK SKA,9726504.0,7.2
2026-09-30T12:02:24.006984+00:00,244660723,ARDITO,51.421236666666665,6.732585,7.0,317.6,314,0,79.0,41289.0,PC5459,HAFEN KARLSRUHE,,3.6
2026-09-30T12:02:24.007078+00:00,352002627,SIMON BROTHER,25.17346,121.35197333333333,0.0,215.0,41,1,70.0,43804.0,3E4952,TW TPE,9237383.0,8.7
2026-09-30T12:02:24.007327+00:00,538011187,BAM DESPINA,51.794875000000005,4.6442483333333335,0.0,180.5,244,5,79.0,51840.0,V7A6742,ROTTERDAM,9517549.0,6.0
2026-09-30T12:02:24.186676+00:00,277574000,ACACIA SEAWAYS,51.89494333333334,2.972933333333333,16.6,87.0,84,0,71.0,55692.0,LYBX,GB FXT <-> NL VLA,9809112.0,6.4
2026-09-30T12:02:24.358058+00:00,273127630,Unknown,49.21753833333333,-4.603503333333333,10.7,55.8,60,0,,,Unknown,Unknown,,
2026-09-30T12:02:24.358788+00:00,374155000,MEDI OITA,38.05509333333334,-28.92891,9.3,91.5,90,0,70.0,74745.0,3FWG4,TR ERE,9836713.0,14.8
2026-09-30T12:02:24.359222+00:00,636024051,CARLA C,55.17919333333334,13.985793333333334,10.7,93.7,96,0,70.0,52128.0,5LQS9,FI INK,9718442.0,6.9
2026-09-30T12:02:24.359709+00:00,352006520,UOT NEW YORK,-20.295075,-40.23715833333333,0.0,327.5,59,5,70.0,55296.0,3EA5257,AR BUE,1111789.0,7.2
2026-09-30T12:02:24.700160+00:00,636023071,NEW MAXIMUM,48.974898333333336,-123.770665,0.0,209.0,290,1,70.0,56217.0,5LLU7,CA VAN,9932672.0,7.6
2026-09-30T12:02:24.701287+00:00,636024024,VELA LEADER,22.47392,113.75224166666666,14.0,172.5,173,0,70.0,65280.0,5LQO9,THLCH,9158288.0,7.5
2026-09-30T12:02:24.702215+00:00,636015548,LITO,54.23326,-130.33650666666668,0.0,155.9,183,5,79.0,74745.0,D5BL2,PRINCE RUPERT,9601338.0,7.3
2026-09-30T12:02:24.702563+00:00,636093128,INCE TOKYO,43.141775,28.383586666666666,8.6,32.3,30,0,70.0,61132.0,5LHQ5,AUALH,9730438.0,6.9
2026-09-30T12:02:25.982466+00:00,413697720,ANTONGQUANZHOU,22.339333333333332,113.79427000000001,5.8,348.4,350,0,70.0,48384.0,BPMN4,NAN SHA,,10.9
2026-09-30T12:02:26.683282+00:00,366791000,GEORGE II,33.733956666666664,-118.20443833333334,10.2,117.2,119,0,70.0,91400.0,WFLH,"HONOLULU, HI USA",7729461.0,9.8
2026-09-30T12:02:26.684108+00:00,245419000,Unknown,51.76714833333333,4.178401666666667,0.0,0.0,511,0,,,Unknown,Unknown,,
2026-09-30T12:02:26.684782+00:00,248056000,RILA,-33.038565,-60.57892833333334,0.0,13.2,332,5,70.0,55056.0,9HA4496,AR ROS,9754915.0,7.2
2026-09-30T12:02:27.195019+00:00,314540000,PRINCESS FAYZAH,37.08914166666667,-9.382643333333334,10.4,347.8,349,0,70.0,43804.0,8PAZ5,EG ALY,9260859.0,9.6
2026-09-30T12:02:27.196075+00:00,563018100,OCEAN_SUKSES,-32.20661833333333,115.71395166666666,0.1,312.3,202,1,70.0,61132.0,9V5374,ID TPP,9760093.0,10.7
2026-09-30T12:02:27.196411+00:00,352001920,SILVER SKY,34.451,-7.320883333333333,15.3,32.0,32,0,70.0,56217.0,3E3734,SG SIN >> MA CAS,9448140.0,9.0
2026-09-30T12:02:28.494086+00:00,229760000,ALDA,51.127831666666665,3.7676583333333338,0.1,298.9,37,5,70.0,51840.0,9HA3585,BE GNE,9638135.0,10.8
2026-09-30T12:02:28.494834+00:00,413326330,Unknown,27.157458333333334,121.03712166666666,9.5,36.4,39,0,,,Unknown,Unknown,,
2026-09-30T12:02:28.495581+00:00,538012982,GRAND SAPPHIRE,12.811246666666667,80.60599333333333,17.7,345.6,343,0,70.0,65280.0,V7B3583,SG SIN_AEW,9325233.0,9.1
2026-09-30T12:02:29.304518+00:00,311000235,LAWIN ARROW,39.069224999999996,15.066453333333333,12.0,309.5,309,0,70.0,65280.0,C6BD8,EG ALY,9687162.0,13.3
2026-09-30T12:02:30.011470+00:00,229983000,CARDIFF,-33.34021166666667,151.775955,2.3,242.6,290,0,70.0,86424.0,9HA5648,AU NTL,9966568.0,7.9
2026-09-30T12:02:30.012560+00:00,538009008,GOLDEN DAY,36.11661166666667,-4.5658183333333335,9.3,274.0,265,0,70.0,73440.0,V7A4193,TR EMBA,9209128.0,14.0
2026-09-30T12:02:30.013022+00:00,352001558,SEASTAR HAWK,33.669093333333336,-118.13885333333333,0.0,233.6,172,1,70.0,54460.0,HOA8046,US LGB,9941532.0,6.4
2026-09-30T12:02:30.013222+00:00,352003771,SEA EAGLE,22.126583333333333,114.38568000000001,10.5,270.5,272,0,79.0,57446.0,3E5869,IN VTZ,9224673.0,11.9
2026-09-30T12:02:30.468942+00:00,311001345,FELIXSTOWE,-26.913771666666666,-48.51993166666667,0.1,342.3,63,1,73.0,89856.0,C6GT4,BRNVT,9227039.0,10.9
2026-09-30T12:02:30.469511+00:00,2444059,HOEK VAN HOLLAND,51.98093166666667,4.11261,0.0,19.0,511,15,,,Unknown,@@@@@@@@@@@@@@@@@@@,,
2026-09-30T12:02:30.470457+00:00,563176800,WAN HAI 356,22.290108333333333,114.10242333333333,10.3,337.2,335,0,73.0,72828.0,9V7385,HK HKG,9554078.0,10.4
2026-09-30T12:02:30.696201+00:00,248701000,OPALINE,51.37245,3.1757,14.0,134.2,134,0,71.0,48921.0,9HA2478,BEZEE,9424869.0,6.5
2026-09-30T12:02:30.696505+00:00,477222800,ZHE HAI 2,37.504151666666665,126.63588833333333,0.0,353.0,269,5,70.0,48115.0,VRLR3,ANCHOR FOR SHELTER,9567491.0,10.4
2026-09-30T12:02:30.697507+00:00,373283000,C.S.PRINCESS,48.47248333333334,-126.01016333333334,4.9,90.1,84,0,70.0,56217.0,3EYW3,KR TJI,9515199.0,8.0
2026-09-30T12:02:30.697637+00:00,636025269,RIYADH MUKAAB,55.241231666666664,14.316991666666667,16.5,215.5,214,0,70.0,70828.0,5LWP8,CNTAO,9399806.0,10.9
2026-09-30T12:02:30.917157+00:00,710001648,JOSE.GUILHERME.VII,-3.158551666666667,-59.991436666666665,0.0,78.8,511,15,,,PR7694,Unknown,,
2026-09-30T12:02:30.917985+00:00,636024625,CS JADEN,57.506045,8.846918333333333,10.8,63.6,66,0,70.0,51840.0,5LTM8,LT KLJ,9660061.0,6.6
2026-09-30T12:02:30.918437+00:00,352003158,YAMATAI,51.46149666666667,3.688441666666667,0.0,246.7,58,5,70.0,59097.0,3E6034,NL VLI,9567714.0,4.6
2026-09-30T12:02:30.918947+00:00,538008123,CLIPPER BRUNELLO,34.664363333333334,33.07154,0.1,117.5,228,1,70.0,62092.0,V7QW7,CYPRUS,9500106.0,6.6
2026-09-30T12:02:30.919077+00:00,257073000,LIVITA,-29.88167,31.044629999999998,0.6,216.1,23,0,70.0,65280.0,LACG8,ZA DUR,9801299.0,12.6
2026-09-30T12:02:31.313379+00:00,538010876,TS COLOMBO,22.639153333333336,-110.189235,14.2,99.1,101,0,72.0,62496.0,V7A7546,MXZLO,9960796.0,11.2
2026-09-30T12:02:31.313518+00:00,538011775,SHANDONG XIN SHENG,46.21315166666667,-123.95310666666666,13.4,133.7,134,0,70.0,74745.0,V7A3444,PEBGC,1026594.0,14.3
2026-09-30T12:02:31.314685+00:00,311001626,SAGA PIONEER,46.156805,-123.05866166666667,13.3,109.9,116,0,70.0,57312.0,C6IB7,US LOG,9380764.0,6.6
2026-09-30T12:02:31.314786+00:00,636019647,ADMIRAL GALAXY,31.794888333333333,34.57237666666666,0.1,102.0,282,1,71.0,49190.0,D5VL9,ILASH,9365843.0,10.4
2026-09-30T12:02:31.549298+00:00,255915730,RUMA,-1.48452,-48.774946666666665,0.6,110.0,179,1,70.0,40694.0,CQ2188,BR VDC,9652387.0,7.1
2026-09-30T12:02:31.549588+00:00,477019800,GREAT FLOURISH,46.17355,-124.29401666666666,1.7,87.4,76,0,70.0,74745.0,VRWH7,KALAMA,9988346.0,6.9
2026-09-30T12:02:31.549791+00:00,567017000,SARITA NAREE,46.191008333333336,-123.89104,12.1,265.3,264,0,70.0,61132.0,HSDA,GRARY HARBOR,9726413.0,6.9
2026-09-30T12:02:31.550251+00:00,367370870,Unknown,48.754866666666665,-122.497865,0.0,360.0,511,15,,,Unknown,Unknown,,
2026-09-30T12:02:31.551757+00:00,368054360,Unknown,48.75836833333334,-122.50553666666666,0.0,360.0,511,15,,,Unknown,Unknown,,
2026-09-30T12:02:31.945042+00:00,432839000,EURASIAN HIGHWAY,-6.098873333333333,106.91696499999999,0.1,18.5,94,0,70.0,65280.0,7JKY,THLCH,9604938.0,8.2
2026-09-30T12:02:31.945340+00:00,255916596,LODUR,37.957548333333335,23.579366666666665,0.0,90.1,347,5,79.0,71808.0,CQ2845,GRPIR,9219381.0,11.0
2026-09-30T12:02:31.946583+00:00,563122300,X-PRESS SAGARMALA,36.222905,-4.60184,0.9,51.8,104,0,71.0,46233.0,9V2572,ITNAP,9862736.0,9.0
2026-09-30T12:02:32.815247+00:00,352002534,XIN HE LU 2,55.644191666666664,15.738496666666666,12.4,76.2,74,0,71.0,87782.0,3E3891,EETLL,9139921.0,10.6
2026-09-30T12:02:32.816131+00:00,248577000,TRIUMPH,52.42167833333333,4.76799,0.0,320.5,162,5,79.0,99603.0,9HA4709,NLAMS,8902967.0,9.1
2026-09-30T12:02:32.817509+00:00,538008651,LILLY BOLTEN,53.123360000000005,8.716669999999999,0.0,321.9,201,5,70.0,48384.0,V7A2622,DEBRE,9406063.0,6.2
2026-09-30T12:02:33.183805+00:00,636017944,QUEENSLAND,37.564195000000005,-0.9760333333333333,0.0,126.7,323,5,,,D5NL8,ESCAR,9186390.0,7.7
2026-09-30T12:02:33.184030+00:00,538012750,CS YUNFAN,37.50505166666667,24.102663333333332,11.6,205.1,203,0,70.0,73440.0,V7B3274,FOR ORDER,9283655.0,9.8
2026-09-30T12:02:33.184191+00:00,755991013,Unknown,-32.60014666666667,-60.753836666666665,0.0,360.0,18,0,,,Unknown,Unknown,,
2026-09-30T12:02:33.660732+00:00,542808110,Unknown,26.425821666666664,121.00273666666666,13.2,28.9,30,0,,,Unknown,Unknown,,
2026-09-30T12:02:33.661011+00:00,341100002,MJ SOFIA,36.47582666666666,27.885423333333332,11.1,275.5,511,0,70.0,,V4RN6,TARTUS,9113381.0,9.8
2026-09-30T12:02:33.749272+00:00,538010005,STARSHIP DRACO,26.829375000000002,121.84055,17.5,38.9,40,0,70.0,44582.0,V7A5451,CNSHK,9939292.0,8.8
2026-09-30T12:02:33.927436+00:00,219030045,Unknown,57.02869833333333,9.943831666666666,0.1,0.0,511,15,,,Unknown,Unknown,,
2026-09-30T12:02:33.928245+00:00,368343780,Unknown,48.755355,-122.50400833333333,0.0,360.0,212,15,,,Unknown,Unknown,,
2026-09-30T12:02:34.096445+00:00,353381000,FLOURISH B,55.13525333333334,14.164845000000001,10.6,221.0,221,0,70.0,58368.0,3EVS9,RU LED,9237199.0,6.4
2026-09-30T12:02:34.098339+00:00,244770321,DE MAURICE,53.09983333333333,5.824493333333334,0.0,0.0,511,15,,,PH9205,Unknown,,0.2
2026-09-30T12:02:34.098470+00:00,338467439,Unknown,48.7554,-122.49708833333334,0.0,360.0,511,15,,,Unknown,Unknown,,
2026-09-30T12:02:34.243406+00:00,525901717,Unknown,-1.21778,116.65844166666668,0.0,0.0,511,0,,,Unknown,Unknown,,
2026-09-30T12:02:34.244502+00:00,255915952,JPO VENUS,36.79700833333333,34.639775,0.0,274.1,4,5,74.0,91584.0,CQ2410,TRMER,9351608.0,12.9
2026-09-30T12:02:34.244763+00:00,477552500,JIN WEN FENG,-33.285338333333335,152.05302833333332,10.1,12.9,15,0,70.0,91086.0,VRKZ4,NEWCASTLE,9532666.0,7.6
2026-09-30T12:02:34.376799+00:00,538010741,TS MELBOURNE,-35.251535,151.10315,11.0,197.5,200,0,71.0,62496.0,V7A7350,AUSYD,9960784.0,10.9
2026-09-30T12:02:34.377713+00:00,601970000,FLAME THORN,-33.90734,18.423475,0.0,360.0,325,7,,,ZR 7668,CAPE TOWN,9147318.0,5.2
2026-09-30T12:02:34.542204+00:00,224337930,Unknown,37.48912,-0.8601133333333333,8.8,243.8,511,7,,,Unknown,Unknown,,
2026-09-30T12:02:34.739130+00:00,244130690,BORE SONG,56.24583833333334,18.181391666666666,18.4,63.2,62,0,79.0,48921.0,PDFS,ROSTOCK,9443566.0,7.0
2026-09-30T12:02:34.739554+00:00,477714700,DARYA HEERA,54.325680000000006,-130.326655,0.0,115.7,205,1,70.0,65280.0,VRUC9,CA PRR,9909077.0,7.1
2026-09-30T12:02:34.739689+00:00,636022285,PARALOS,-29.643898333333333,31.456793333333334,11.6,77.2,81,0,79.0,44323.0,5LIA9,ZADUR,9325099.0,5.5
2026-09-30T12:02:34.740687+00:00,563108700,IMOGEN,49.294014999999995,-123.22149666666665,0.0,8.3,105,1,70.0,51840.0,9V6601,CA VAC,9884370.0,6.5
2026-09-30T12:02:34.741213+00:00,636025785,PAN SKY,37.467705,126.60878,0.0,352.4,37,5,70.0,65280.0,5LZD7,INC PALMI PS,1072567.0,7.2
2026-09-30T12:02:34.813419+00:00,636014168,AITOLIKOS,34.469768333333334,-7.238686666666666,12.0,32.0,33,0,73.0,89510.0,A8RV3,MACAS,9386483.0,9.6
2026-09-30T12:02:34.814464+00:00,356680000,ZHENG RUN,57.50880666666667,11.362716666666667,11.4,157.9,150,0,70.0,74745.0,3FFV2,UST LUGA RU,9593816.0,7.2
2026-09-30T12:02:34.814569+00:00,636020750,PACIFIC PIONEER,47.267255,-122.37000333333334,0.0,121.0,313,5,70.0,51840.0,5LAN5,US TIW,9902392.0,6.8
2026-09-30T12:02:34.815224+00:00,414446000,Unknown,26.429415,120.92329333333333,12.5,33.5,35,0,,,Unknown,Unknown,,
2026-09-30T12:02:35.011493+00:00,538012993,VAN ORCHID,25.49665,120.39481500000001,11.2,187.0,187,0,79.0,58368.0,V7B3596,AU.BUY,9551674.0,6.5
2026-09-30T12:02:35.011662+00:00,352004564,PONTUS HIGHWAY,39.250545,-76.58062166666667,0.0,258.0,32,5,70.0,72595.0,3E6848,USBAL,9974113.0,10.0
2026-09-30T12:02:35.012352+00:00,338931000,US GOV VESSEL,-37.949936666666666,144.83678166666667,0.1,326.9,356,1,70.0,99878.0,NEHM,PER ORDERS,9145449.0,9.1
2026-09-30T12:02:35.012655+00:00,525012357,MV PRILLY,-10.094574999999999,123.49386666666666,8.5,318.0,511,5,79.0,,YBDL2,KUPANG,8816364.0,6.3
2026-09-30T12:02:35.157354+00:00,636021192,BULK MANARA,25.461988333333334,121.56758166666667,12.1,124.1,124,0,70.0,58368.0,5LCS7,PH SUG,9478951.0,6.3
2026-09-30T12:02:35.158187+00:00,440019220,GLOBAL STAR,37.450116666666666,126.59419,0.0,0.0,320,0,,,093237,@@@@@@@@@@@@@@@@@@,,
2026-09-30T12:02:35.159105+00:00,538012014,SINCERE SMART,51.16422,3.7801683333333336,0.0,178.3,257,5,70.0,73440.0,V7A3829,BEGNE,9311177.0,12.3
2026-09-30T12:02:35.159308+00:00,431012888,IZUMI MARU,34.150886666666665,132.95457,11.1,307.5,300,0,79.0,44352.0,JD4490,>JP SMJ N-8,9846213.0,6.5
2026-09-30T12:02:35.316922+00:00,538009015,ARIADNE,54.131605,7.627513333333334,13.2,116.7,117,0,70.0,58368.0,V7A4200,HAMBURG,9492907.0,6.5
2026-09-30T12:02:35.318320+00:00,525018380,PUSRI INDONESIA 1,-5.601343333333333,109.01379333333333,6.5,310.9,311,8,70.0,,JZXM,PALEMBANG,9711640.0,4.6
2026-09-30T12:02:35.318556+00:00,636017989,STAR SUZANNA,49.30562666666666,-123.19856333333334,0.1,248.1,224,1,70.0,74745.0,D5NR6,CAVAN,9650872.0,8.2
2026-09-30T12:02:35.464661+00:00,413471970,RU YI SONG,2.2632383333333332,101.80638166666667,12.1,128.2,128,0,70.0,46656.0,BOEG,CN SHG,9608934.0,9.3
2026-09-30T12:02:35.464914+00:00,636015892,AFRICAN KALMIA,51.122778333333336,1.5788499999999999,9.8,235.1,231,0,79.0,45360.0,D5DI9,ES LPA,9666431.0,8.9
2026-09-30T12:02:35.465715+00:00,311038300,ADELIE,-35.32031166666666,118.71831,12.2,87.1,85,0,70.0,53568.0,C6YM9,AU MEL,9207807.0,9.1
2026-09-30T12:02:35.466386+00:00,316023339,THUNDER BAY,42.29429833333334,-83.08894333333333,0.1,118.6,39,0,70.0,54590.0,CFN6288,WINDSOR,9601039.0,7.1
2026-09-30T12:02:35.605603+00:00,538005698,URSA MINOR,45.660025000000005,13.762188333333334,0.0,352.8,339,0,70.0,55296.0,V7GD9,ITTRS,9711767.0,7.3
2026-09-30T12:02:35.605793+00:00,355398000,SINLAU BULKER,46.15824166666666,-124.84740833333333,1.8,152.3,71,0,70.0,51840.0,H3GM,CAVAN,9749960.0,6.4
2026-09-30T12:02:35.787369+00:00,373142000,GOLDEN FLAME,35.609905000000005,139.79260333333335,0.0,320.5,326,5,70.0,43804.0,HOKY,JP TYO OFF,9605059.0,5.6
2026-09-30T12:02:35.788205+00:00,236755000,DARYA SINDHU,-33.28540666666667,115.550395,0.5,190.1,223,1,70.0,51840.0,ZDSU5,BD CGP,9844992.0,9.7
2026-09-30T12:02:36.005696+00:00,209543000,THETIS D,50.19466666666666,-0.6449116666666667,14.8,75.0,74,0,72.0,41932.0,5BEU5,GBGRK,9372274.0,7.7
2026-09-30T12:02:36.006439+00:00,305042300,INASE,55.170791666666666,18.89294,0.9,286.5,224,0,70.0,43804.0,V2B2042,PLGCY,9445148.0,5.5
2026-09-30T12:02:36.006541+00:00,441788000,KMTC ULSAN,25.48258333333333,120.52527666666667,17.1,51.9,52,0,72.0,43286.0,DSRD9,TH LCH,9131864.0,6.8
2026-09-30T12:02:36.364381+00:00,255804860,BG RED,54.36083333333333,9.789735,6.1,63.8,67,0,70.0,44064.0,CQSK,DEBRV,9976965.0,7.4
2026-09-30T12:02:36.522566+00:00,563295000,CEMTEX FORTUNE,-19.222328333333333,147.57721666666666,11.1,311.9,314,0,70.0,83721.0,9V3578,SINGAPORE PEBGB,9727106.0,11.7
2026-09-30T12:02:36.637825+00:00,414289000,BEI LUN HAI SHI,26.226086666666667,121.01136,13.2,35.5,40,0,70.0,73440.0,BPDY6,SHAKHTERSK,9207766.0,7.1
2026-09-30T12:02:36.834129+00:00,636023590,LAKE SAINT ANNE,25.302221666666664,120.45913833333334,16.2,214.8,213,0,70.0,72595.0,5LOL3,AU BNE,9994113.0,8.3
2026-09-30T12:02:36.834925+00:00,636021814,WAN HAI 178,22.313348333333334,114.08006333333333,0.0,322.7,114,1,72.0,46233.0,5LFU8,CN_SKU,9555175.0,8.3
2026-09-30T12:02:36.835250+00:00,657132800,Unknown,4.695246666666667,7.162391666666666,0.4,307.5,66,8,,,Unknown,Unknown,,
2026-09-30T12:02:36.835492+00:00,249605000,CSL THAMES,53.55840333333333,8.548615000000002,8.3,149.4,147,0,70.0,43680.0,9HVS9,"BREMEN,GERMANY",9440447.0,10.0
2026-09-30T12:02:37.015886+00:00,211833390,NILS HOLGERSSON,54.34059166666667,12.083995,15.8,203.0,200,0,70.0,72409.0,DKLZ2,DE RSK,9865685.0,6.6
2026-09-30T12:02:37.016163+00:00,563220900,WAN HAI 370,35.601925,139.76886166666665,0.0,127.0,328,5,74.0,72828.0,9V7859,HKHKG,9958092.0,10.8
2026-09-30T12:02:37.312547+00:00,210736000,MARATHON,-34.77314333333334,18.860008333333333,11.4,281.7,279,0,70.0,74745.0,5BZE6,RIO GRANDE,1094656.0,10.4
2026-09-30T12:02:37.313548+00:00,316001637,CSL LAURENTIEN,43.21659666666667,-79.21313,0.0,272.2,344,0,70.0,55080.0,VCJW,QUEBEC CITY SEC106,7423108.0,8.1
2026-09-30T12:02:37.425706+00:00,352004846,STR VIGOR,35.670235000000005,139.9795883333333,0.0,110.6,351,5,70.0,44064.0,3E7079,JP FNB FS,9615145.0,5.3
2026-09-30T12:02:37.630922+00:00,244630391,PRESENT,51.81167166666667,4.655565,0.0,279.4,511,0,,,PD3635,LIER,,2.4
2026-09-30T12:02:37.756199+00:00,244710057,KOOPHANDEL,52.20561,4.406623333333333,0.0,360.0,511,15,,,PB8354,BRUINISSE,,
2026-09-30T12:02:37.756592+00:00,244700375,RIVIERA,51.80725666666667,4.647881666666667,0.0,123.2,37,0,79.0,43776.0,PE6186,SCHWELGERN,,1.9
2026-09-30T12:02:37.897275+00:00,271042433,MUSTAFA DAYI,36.70394666666667,34.72154166666667,0.0,180.0,180,1,71.0,49190.0,TCZF2,TRMER,9365855.0,10.7
2026-09-30T12:02:37.898141+00:00,205717000,LA TONDA,-34.44512666666667,-58.41350666666666,10.5,150.6,150,0,70.0,61132.0,ONIY,ARSLO,9748485.0,6.6
2026-09-30T12:02:38.022962+00:00,357211000,TAI KINGDOM,53.484339999999996,9.983495,0.0,328.0,353,0,70.0,83721.0,3EFD3,DE HAM,9789855.0,10.0
2026-09-30T12:02:38.023180+00:00,538090641,AS NINA,35.894846666666666,-5.6534,5.0,86.0,84,0,79.0,74419.0,V7A6237,ITSPE>ESVLC,9401178.0,10.0
2026-09-30T12:02:38.023421+00:00,219816000,NORD COPENHAGEN,53.282943333333336,4.612841666666667,11.6,21.8,26,0,70.0,51552.0,OUUY2,ANTWERP BELGIUM,9979486.0,10.0
2026-09-30T12:02:38.023830+00:00,367276000,WASHINGTON CHAMBERS,32.80983833333333,-117.65542,6.2,80.1,85,0,,70686.0,NCHA,0,9551997.0,8.8
2026-09-30T12:02:38.024735+00:00,431101148,FUOU MARU,33.67747166666667,136.31170166666666,17.6,56.3,57,0,70.0,44841.0,JD2268,>JP WAK,9367798.0,6.7
2026-09-30T12:02:38.490380+00:00,225996440,Unknown,42.25420666666666,-8.729446666666666,0.4,346.5,94,0,,,Unknown,Unknown,,
2026-09-30T12:02:38.634312+00:00,210226000,AKAKI,-33.458913333333335,152.10754333333335,3.0,153.4,93,0,70.0,76704.0,5BUD3,SG SIN,9591143.0,13.6
2026-09-30T12:02:38.635489+00:00,636024024,VELA LEADER,22.472618333333333,113.75242666666666,14.0,172.6,173,0,70.0,65280.0,5LQO9,THLCH,9158288.0,7.5
2026-09-30T12:02:38.791798+00:00,366302562,LCM ANGELIQUE,48.10813666666666,-88.54623166666667,0.0,234.8,511,0,70.0,,WRB4124,H0UGHTON MI,,2.0
2026-09-30T12:02:38.792082+00:00,316026694,CSL ST-LAURENT,46.69907666666666,-92.01867833333334,0.0,83.0,180,0,70.0,55324.0,CFK5152,SUPERIOR,9665281.0,7.1
2026-09-30T12:02:38.792769+00:00,244650849,CAMARO II,51.959065,4.013308333333333,0.0,360.0,511,5,79.0,40128.0,PF2429,PRINSES MARGRIETHAVE,,3.0
2026-09-30T12:02:38.793607+00:00,247241800,EUROCARGO PALERMO,37.498995,15.091173333333334,0.0,324.2,151,5,74.0,53040.0,IBAU,MTMLA>ITCTA,9465538.0,6.5
2026-09-30T12:02:38.952887+00:00,565380000,MAX SCHULTE,26.091945,-80.05700166666666,12.0,287.2,285,0,70.0,54432.0,9V3052,USPHL,9676711.0,7.8
2026-09-30T12:02:38.953087+00:00,636018191,MSC PORTO III,45.578133333333334,13.655521666666667,11.7,332.3,337,0,73.0,63648.0,A8IY9,SIKOP,9299020.0,8.2
2026-09-30T12:02:38.953540+00:00,219170000,VAGA MAERSK,52.76531666666666,4.1316,8.9,36.5,37,0,71.0,73440.0,OWAO2,GBTIL->NLROT1,9778545.0,10.4
2026-09-30T12:02:39.114631+00:00,431012888,IZUMI MARU,34.151163333333336,132.95412833333333,11.0,306.7,299,0,79.0,44352.0,JD4490,>JP SMJ N-8,9846213.0,6.5
2026-09-30T12:02:39.115601+00:00,352004173,AH GLOBE,55.16381166666667,5.489786666666666,10.4,195.0,195,4,70.0,73440.0,3E7669,PORT_SAID,9294111.0,14.6
2026-09-30T12:02:39.116007+00:00,242430400,CASABLANCA A,35.970530000000004,-5.349253333333333,6.3,70.0,60,0,74.0,40800.0,CNA6001,MACAS,9330903.0,7.6
2026-09-30T12:02:39.192819+00:00,244700312,MICHAELANGELO,51.85525166666666,5.960185,7.2,291.5,511,0,79.0,42624.0,PD2483,SCHWELGERN,,2.0
2026-09-30T12:02:39.337470+00:00,636020651,KEY KNIGHT,39.22287166666667,-76.57733166666667,0.0,294.1,271,5,70.0,74745.0,5LAA8,US BAL,9512317.0,7.0
2026-09-30T12:02:39.337951+00:00,255916529,POLSTEAM WIGRY,10.343566666666668,-75.50583,0.0,302.0,118,5,70.0,48960.0,CQ2778,CO CTG,1027184.0,10.2
2026-09-30T12:02:39.563576+00:00,244670320,CANDESSO,51.948445,4.119728333333333,0.0,24.9,359,5,79.0,41289.0,PI3924,DINTELHAVEN,,1.7
2026-09-30T12:02:39.563787+00:00,255806048,NORDORINOCO,57.57101333333333,11.585291666666667,0.1,75.2,182,1,70.0,51072.0,CQIR7,NGLAG,9741712.0,10.8
2026-09-30T12:02:39.564583+00:00,636093213,AS STINE,10.34582,-75.92357833333334,2.0,217.2,111,0,70.0,45964.0,5LMJ8,COCTG,9825403.0,9.3
2026-09-30T12:02:39.677016+00:00,657319700,Unknown,4.683548333333333,7.156764999999999,0.1,264.2,11,8,,,Unknown,Unknown,,
2026-09-30T12:02:39.677237+00:00,657193200,Unknown,4.6956,7.157601666666666,0.0,37.8,62,1,,,Unknown,Unknown,,
2026-09-30T12:02:39.677342+00:00,657934000,Unknown,4.69032,7.158586666666666,0.1,286.2,511,13,,,Unknown,Unknown,,
2026-09-30T12:02:39.678131+00:00,441511000,GLOVIS SONIC,51.35275,4.244361666666666,12.4,115.1,115,0,70.0,75072.0,D7QT,BEANR,9798387.0,9.1
2026-09-30T12:02:39.678450+00:00,247304600,GRANDE GABON,51.27525166666667,4.2160866666666665,0.0,224.0,203,5,70.0,68870.0,IBNV,DEHAM>BEANR,9437933.0,9.0
2026-09-30T12:02:39.678799+00:00,311000416,DOLE CARIBBEAN,32.64863166666667,-117.22572,10.2,176.6,182,0,70.0,54720.0,C6CA4,US SAN DIEGO,9703071.0,9.4
2026-09-30T12:02:39.678997+00:00,376485000,Unknown,4.683168333333333,7.1578333333333335,0.6,358.6,180,0,,,Unknown,Unknown,,
2026-09-30T12:02:39.743641+00:00,710004636,LOGIN ENDURANCE,-3.16088,-59.991125000000004,0.0,197.8,324,0,71.0,69523.0,PU6073,BR - MANAUS,9571296.0,11.0
2026-09-30T12:02:39.914495+00:00,636093203,LAGO DI LEDRO,56.77939166666667,19.161635,11.9,209.0,208,0,70.0,52896.0,5LMF4,EETLL,9471654.0,6.7
2026-09-30T12:02:39.914794+00:00,316025676,OCEANEX CONNAIGRA,47.558616666666666,-52.7077,0.0,47.6,48,5,79.0,64260.0,XJBI,CAMTR,9649718.0,8.1
2026-09-30T12:02:40.052157+00:00,311002227,SHUN FU WANG,50.75647333333333,0.9545883333333334,9.3,235.2,236,0,70.0,73440.0,C6LB8,SUEZ,9244788.0,14.1
2026-09-30T12:02:40.052708+00:00,525005316,Unknown,-6.162481666666666,110.29393166666667,9.8,281.4,511,0,,,Unknown,Unknown,,
2026-09-30T12:02:40.130522+00:00,255916591,ESPERANCE,53.62488666666666,5.402458333333333,18.7,252.7,252,0,79.0,41932.0,CQ2840,NLRTM,9491484.0,10.2
2026-09-30T12:02:40.174692+00:00,255915662,PANDA 003,36.54409333333333,-9.195901666666666,8.8,105.5,103,0,70.0,42432.0,CQ2120,ESCAD,9968891.0,7.5
2026-09-30T12:02:40.209065+00:00,636022118,ULSAN,-34.435399999999994,151.43718333333334,10.0,353.0,355,0,71.0,88819.0,5LHG7,AUBTB,9243306.0,9.7
2026-09-30T12:02:40.209236+00:00,209184000,IMAVERE,59.45454666666667,24.667285,0.0,283.9,321,5,70.0,48211.0,5BWV4,EEBEK,9612325.0,6.0
2026-09-30T12:02:40.209594+00:00,367408580,Unknown,48.75566666666667,-122.50319666666665,0.0,291.8,511,15,,,Unknown,Unknown,,
2026-09-30T12:02:40.513245+00:00,209888000,CAPE ALTIUS,-29.72639666666667,31.201326666666667,0.1,212.9,127,1,70.0,62496.0,5BLF5,ZADUR,9848730.0,11.0
2026-09-30T12:02:40.514419+00:00,440591000,GLOVIS COMPANION,-6.098574999999999,106.91333166666666,0.0,218.6,92,5,70.0,65280.0,D8FD,IDJKT,9460899.0,8.1
2026-09-30T12:02:40.625526+00:00,566780000,MAERSK IZMIR,37.82111833333333,-9.606448333333333,15.0,345.9,346,0,74.0,78427.0,9V2004,EGPSD > GBTBY,9348168.0,12.2
2026-09-30T12:02:41.498193+00:00,636091487,PONTRESINA,33.76221,-118.27619333333334,0.0,302.9,335,0,70.0,69523.0,A8OK4,CNZOS,9334521.0,8.7
2026-09-30T12:02:41.602134+00:00,255727000,NANJING CONFIDENCE,54.602563333333336,-1.1567133333333333,0.0,317.0,136,5,70.0,55296.0,CQIR,GBTEE,9769697.0,9.5
2026-09-30T12:02:41.602954+00:00,367782790,Unknown,48.993563333333334,-122.755505,0.0,360.0,511,15,,,Unknown,Unknown,,
2026-09-30T12:02:42.028105+00:00,538006707,JAG ANJALI,46.03916166666667,-124.42379833333332,5.7,56.9,53,0,70.0,74745.0,V7QK4,USVAN,9723136.0,7.4
2026-09-30T12:02:42.305264+00:00,247610800,GRENDI HORIZON,43.81133833333333,9.89288,15.3,31.7,30,0,70.0,54100.0,IBQJ,ITOLB,1077000.0,6.9
2026-09-30T12:02:42.785798+00:00,244700375,RIVIERA,51.80725833333334,4.647881666666667,0.0,123.2,37,0,79.0,43776.0,PE6186,SCHWELGERN,,1.9
2026-09-30T12:02:43.512910+00:00,249242000,RYAN BAY,36.71129166666666,-4.4180633333333335,0.0,1.5,252,5,70.0,74745.0,9HA6192,ES AGP,9480540.0,12.5
2026-09-30T12:02:43.771596+00:00,416492000,YM IMMENSE,25.141326666666664,121.75354999999999,0.0,308.0,239,5,74.0,44582.0,BLHP,TW KEL > JP TYO,9319131.0,9.0
2026-09-30T12:02:44.077539+00:00,247186300,GRANDE DETROIT,36.90806166666667,-9.581735,17.2,168.7,168,0,70.0,52377.0,ICCK,ITSAL>PTSET,9293272.0,8.4
2026-09-30T12:02:44.674501+00:00,636020647,ACRUX AMELIA,36.27285166666666,-3.852935,10.6,253.0,260,0,70.0,74745.0,5LAA4,DZ DJE,9909194.0,11.7
2026-09-30T12:02:44.797146+00:00,352001656,ETG UBUNTU,55.45621333333334,14.691133333333333,9.9,241.2,244,0,70.0,61132.0,3E2684,LV RIX,9952907.0,13.5
2026-09-30T12:02:44.938026+00:00,563142900,SEA PRAJNA,-28.866483333333335,15.609116666666667,10.3,163.0,165,0,70.0,56217.0,9V7428,MU PLU,9401958.0,12.5
2026-09-30T12:02:45.521714+00:00,265697950,PIRAYA 12,56.15768333333333,15.57219,0.0,360.0,511,15,,,Unknown,Unknown,,
2026-09-30T12:02:45.663999+00:00,563190300,WAN HAI 363,35.53854,139.86301999999998,5.0,314.3,320,0,72.0,72828.0,9V7395,JP TYO,9930404.0,10.6
2026-09-30T12:02:45.765641+00:00,636026492,TOP WEATHER,-20.291705,-40.24560833333333,0.0,43.0,237,0,70.0,60518.0,A8XK2,TUBARAO,9631462.0,11.9
2026-09-30T12:02:46.225932+00:00,311744000,POPLAR ARROW,30.077949999999998,-94.08693333333333,0.0,271.0,271,5,70.0,58368.0,C6TQ3,BRPCL,9235141.0,7.0
2026-09-30T12:02:46.485469+00:00,256334000,APAGEON,49.465424999999996,0.243005,0.0,106.8,55,5,70.0,58368.0,9HRM8,FR LEH,9278870.0,9.9
2026-09-30T12:02:46.485671+00:00,356680000,ZHENG RUN,57.50783833333333,11.363516666666667,11.2,153.8,146,0,70.0,74745.0,3FFV2,UST LUGA RU,9593816.0,7.2
2026-09-30T12:02:46.695233+00:00,209538000,MAGNA GRAECIA,-20.297016666666664,-40.235654999999994,0.0,265.1,60,5,70.0,74745.0,5BET5,ARZCU,9841885.0,7.5
2026-09-30T12:02:46.769404+00:00,338446072,Unknown,48.75676333333333,-122.49729,0.0,48.5,196,15,,,Unknown,Unknown,,
2026-09-30T12:02:46.769791+00:00,413297610,YIN HUA 1,-2.1429366666666665,104.96434666666667,0.1,0.0,133,1,70.0,58368.0,BPOD,SINGAPORE,9673501.0,10.9
2026-09-30T12:02:47.079321+00:00,235111726,BERGE DAISETSU,49.29882666666666,-123.07085166666667,0.2,360.0,353,1,70.0,51840.0,2IPO5,CA VAN,9713179.0,6.4
2026-09-30T12:02:47.116184+00:00,228480800,DURANDE,51.377206666666666,4.149656666666667,12.8,238.1,240,0,71.0,44582.0,FNYS,FRLEH,1025540.0,10.0
2026-09-30T12:02:47.768619+00:00,636017533,YANGZE 905,-33.159145,152.22546666666668,10.1,60.0,53,0,70.0,88760.0,D5LK6,AUNTL,9574444.0,9.8
2026-09-30T12:02:47.769164+00:00,226018490,Unknown,51.84832333333333,5.81758,6.1,28.1,511,0,,,Unknown,Unknown,,
2026-09-30T12:02:47.857303+00:00,212205000,UBC SALERNO,51.895779999999995,4.298663333333334,6.4,296.6,296,0,70.0,48652.0,5BPN6,NLRTM>FRURO,9652519.0,6.9
2026-09-30T12:02:47.858024+00:00,538004093,PELLA,48.47705666666666,-125.62200333333334,9.4,98.5,95,0,70.0,74745.0,V7VD4,USKAM,9510321.0,6.7
2026-09-30T12:02:48.120219+00:00,255806448,MSC BASEL V,39.871293333333334,-73.846775,17.0,183.3,182,0,70.0,90201.0,CQEP5,USNYC,9360764.0,11.7
2026-09-30T12:02:48.597190+00:00,636022855,MINORCA,54.71914,-1.033925,5.3,261.4,250,0,70.0,74745.0,5LKT2,GBPTL-GBTEE,9956214.0,10.0
2026-09-30T12:02:49.151055+00:00,249152000,MURGASH,34.608285,33.296501666666664,10.7,238.2,238,0,70.0,41731.0,9HA6131,GARGOUB,9996965.0,6.8
2026-09-30T12:02:49.228709+00:00,636025608,NOBLE SALUTE,-34.73607833333333,152.26464833333333,4.7,162.3,118,0,70.0,91086.0,5LYG8,NTL AU,9602734.0,7.6
2026-09-30T12:02:49.229043+00:00,538007730,CHARISMA,40.64868333333333,-74.04801666666667,0.1,327.0,239,0,70.0,58368.0,V7PH7,NY USA,9409132.0,12.6
2026-09-30T12:02:49.497737+00:00,351400000,MSC HANNAH III,38.46299666666666,15.909945,0.0,360.0,214,5,72.0,68870.0,3FCK6,ITGIT,9316347.0,10.5
2026-09-30T12:02:50.288097+00:00,477254600,JW MIA,32.52251666666667,29.064433333333334,1.0,174.0,174,15,70.0,55948.0,VRYB9,LIMASSOL CYPRUS,9343534.0,12.2
2026-09-30T12:02:50.288213+00:00,352003103,CTM ISTMO,39.356655,-0.00044666666666666666,0.2,222.3,158,0,70.0,47308.0,3E5989,ITGOA,9430870.0,7.6
2026-09-30T12:02:50.463978+00:00,414114000,LONG QUAN,-23.820685,151.24371333333332,0.0,220.0,135,5,70.0,91086.0,BPTA,AU GLT,9532654.0,7.3
2026-09-30T12:02:50.729884+00:00,207072483,CARPE DIEM 1,51.090795,3.7283866666666667,0.0,27.2,511,0,79.0,,LZG2483,BRUGE,,2.5
2026-09-30T12:02:50.774214+00:00,563141600,X-PRESS KAVERI,38.698750000000004,-9.169966666666665,0.0,191.0,257,5,70.0,46233.0,9V7544,PTLIS,9470765.0,8.8
2026-09-30T12:02:50.774427+00:00,636023525,ANJI ANSHENG,53.52853833333334,8.151315,0.1,74.4,182,5,70.0,88372.0,5LOD2,BEZEE,1021386.0,9.9
2026-09-30T12:02:51.068422+00:00,352426000,WECO KAROLINE,27.633126666666666,-82.56071,0.0,157.0,90,5,70.0,51840.0,3EET8,US_PME,9803417.0,8.0
2026-09-30T12:02:51.068894+00:00,244850126,Unknown,51.48672833333333,6.167788333333333,0.0,360.0,511,3,,,Unknown,Unknown,,
2026-09-30T12:02:51.069163+00:00,636092734,GOLDEN GRAINS,53.482751666666665,6.831798333333333,10.5,138.7,139,0,70.0,52128.0,D5LY3,NLDZL,9777723.0,6.5
2026-09-30T12:02:51.299807+00:00,248105000,PIERRE A,45.26325666666666,12.58858,11.8,57.2,58,0,73.0,69849.0,9HA6515,SIKOP,9308182.0,10.2
2026-09-30T12:02:51.300363+00:00,538009398,IPPOKRATIS,31.820856666666668,34.64256666666667,0.1,220.1,316,5,70.0,47174.0,V7A4684,ILASH,9585663.0,8.3
2026-09-30T12:02:51.300694+00:00,310760000,QUEBEC EXPRESS,53.54289166666667,9.866768333333333,6.8,103.5,101,0,70.0,92966.0,ZCEU7,DEHAM.,9294836.0,8.8
2026-09-30T12:02:51.300889+00:00,310760000,QUEBEC EXPRESS,53.54289000000001,9.866766666666667,6.7,103.0,101,0,70.0,92966.0,ZCEU7,DEHAM.,9294836.0,8.8
2026-09-30T12:02:51.825433+00:00,215672000,MALYOVITSA,51.14940333333333,1.73087,7.1,35.7,34,0,70.0,58368.0,9HA5238,SE GOT,9835795.0,6.8
2026-09-30T12:02:52.010036+00:00,230989440,MEYER PROOMU,60.455670000000005,22.120381666666667,0.0,125.0,511,8,70.0,53040.0,OI4754,Unknown,,
2026-09-30T12:02:52.010287+00:00,636015094,TINA S,45.78361833333334,13.555846666666667,0.0,209.7,148,5,70.0,51840.0,A8YO6,IT>MNF,9498432.0,9.7
2026-09-30T12:02:52.061105+00:00,563306400,LIBERTY ISLAND,43.11634333333333,-70.81006833333332,0.0,247.9,326,5,70.0,58368.0,9V3086,USPSM,9520986.0,10.7
2026-09-30T12:02:52.061413+00:00,356242000,MEDI CHIBA,-33.75572666666667,151.57409166666667,2.3,233.4,275,0,70.0,74745.0,3FUD5,TW TXG > AU NTL,9781970.0,7.2
2026-09-30T12:02:52.154423+00:00,255806257,MSC VALA II,59.70400333333334,19.932356666666667,10.8,310.9,312,0,74.0,48115.0,CQAR7,FIRAU,9344722.0,9.8
2026-09-30T12:02:52.154518+00:00,230700000,FINNECO III,51.31245833333333,3.2152499999999997,0.0,265.8,71,5,79.0,84966.0,OJTQ,ZEEBRUGGE,9856854.0,6.2
2026-09-30T12:02:52.332170+00:00,215869000,SEASTAR VALIANT,35.90801833333333,-5.645025,9.9,83.0,82,0,70.0,51840.0,9HA5342,CEUTA SPAIN,9462768.0,9.6
2026-09-30T12:02:52.332334+00:00,563232400,ASIAN ETERNITY,36.133273333333335,-7.750643333333333,11.8,277.6,276,0,70.0,65280.0,9V8961,US MSY,9991472.0,13.5
2026-09-30T12:02:52.332679+00:00,538010586,LIU JIANG KOU,45.67561166666667,13.638756666666666,14.8,1.1,0,0,70.0,72595.0,V7A6257,SGSIN PEBGB,9991795.0,8.0
2026-09-30T12:02:52.399372+00:00,369357000,JANET MARIE,37.79556,-122.52686666666666,17.5,67.5,65,0,79.0,84609.0,WDK4357,USHON,9837107.0,10.8
2026-09-30T12:02:52.400019+00:00,209761000,ONE OCEAN,26.56225,121.48875,11.6,226.0,224,0,79.0,74745.0,5BJW5,HONGAI VIETNAM,9460904.0,13.1
2026-09-30T12:02:52.626519+00:00,352004282,NORSE YOKOSHIMA,-37.65960666666667,176.18105666666668,0.0,144.2,8,5,70.0,55296.0,3E7764,NZ WLG  > NZ TRG,9970193.0,7.5
2026-09-30T12:02:52.648386+00:00,565402000,MATSON MAUI,33.704005,-118.48109333333333,10.0,298.6,298,0,70.0,90201.0,9VBR6,USLGB,9340764.0,10.7
2026-09-30T12:02:52.648916+00:00,538008902,FEDERAL RUHR,46.49833,-84.397885,5.1,72.4,73,0,70.0,48960.0,V7GT6,CATHU-->CAMTR,9766176.0,7.9
2026-09-30T12:02:52.649056+00:00,370152000,NORSE ANTWERP,38.12582666666666,24.907985,9.5,60.6,51,0,70.0,51264.0,H8RO,TR NEM,9909663.0,9.5
2026-09-30T12:02:52.739097+00:00,636022222,BULK SACHUEST,10.377916666666666,-61.53788,6.3,269.8,275,0,70.0,57753.0,A8VD4,TT PTS,9483231.0,6.6
2026-09-30T12:02:52.739474+00:00,538012750,CS YUNFAN,37.503595000000004,24.101805000000002,11.6,204.9,202,0,70.0,73440.0,V7B3274,FOR ORDER,9283655.0,9.8
2026-09-30T12:02:52.761700+00:00,538011643,YASA CAMELLIA,-38.10501333333333,144.36204,0.0,283.8,98,5,70.0,51552.0,V7A3240,AUGEX,9991666.0,6.8
2026-09-30T12:02:52.903362+00:00,538006850,DEVBULK BEGUM,53.221055,3.4108483333333335,12.0,197.1,197,0,70.0,48115.0,V7SA8,MACAS,9625607.0,10.7
2026-09-30T12:02:53.109301+00:00,311000101,RCC ANTWERP,-29.763535,31.374286666666666,8.9,214.1,213,0,79.0,65280.0,C6AO2,ZA DUR,9441623.0,9.9
2026-09-30T12:02:53.110147+00:00,636024258,WANTAI,-6.065081666666667,110.12294833333334,14.9,100.2,98,0,70.0,68544.0,5LRT2,CNYTN,9168207.0,9.9
2026-09-30T12:02:53.110294+00:00,215654000,TONGALA,-37.85669666666667,144.91372666666666,4.6,327.0,330,0,79.0,65280.0,9HA2776,AUFRE,9605786.0,10.3
2026-09-30T12:02:53.362740+00:00,538012332,GLOVIS LIGHTHOUSE,48.51705666666667,-125.13886000000001,12.8,269.0,269,0,70.0,93840.0,V7B2691,KR USN,1044340.0,8.2
2026-09-30T12:02:53.427944+00:00,538008266,FEDERAL YUKINA,45.40787666666667,-73.58327833333333,4.2,98.2,92,0,70.0,46920.0,V7A2165,US DET,9476977.0,8.2
2026-09-30T12:02:53.428484+00:00,636017264,ALKYONIS,38.675781666666666,-9.237011666666666,0.1,133.6,89,5,70.0,51840.0,D5KB7,LISBON,9709465.0,10.3
2026-09-30T12:02:53.500259+00:00,352929000,OREGON HIGHWAY,51.27421666666667,-4.244195,7.9,65.0,68,0,70.0,61132.0,3ENO7,GB BRS,9381665.0,8.7
2026-09-30T12:02:53.587064+00:00,636019033,MEDI ATLANTICO,-23.929188333333332,-46.321553333333334,7.9,289.2,290,0,70.0,65280.0,D5SQ3,SANTOS,9774446.0,12.9
2026-09-30T12:02:53.962977+00:00,636016791,AQUAPROSPER,49.331784999999996,-123.23710833333332,0.1,14.1,90,1,70.0,63043.0,D5HU9,CA VAN/WM,9713416.0,8.2
2026-09-30T12:02:53.964042+00:00,538012872,NORD BERGEN,-36.823528333333336,174.72277833333334,0.0,81.5,62,5,70.0,54460.0,V7B3431,NZ AKL,1103237.0,8.6
2026-09-30T12:02:53.964377+00:00,352006255,NORSE TESHIMA,39.93495,-75.13230666666666,0.0,216.4,6,5,70.0,54374.0,3E7859,USCDE,9986271.0,9.8
2026-09-30T12:02:54.261219+00:00,636025801,MUZAFFER ESENER,55.19635666666667,14.25265,9.0,218.1,215,0,70.0,40560.0,5LZF4,ESGIJ,9381861.0,8.2
2026-09-30T12:02:54.499754+00:00,367060910,WOLF RIVER,29.73528333333333,-93.87337333333333,15.8,327.8,317,0,,,Unknown,Unknown,,
2026-09-30T12:02:54.578460+00:00,374270000,CRIMSON TURACO,51.492435,-2.7205966666666668,0.0,181.2,336,5,70.0,61132.0,3FJS8,GB BRS,9701700.0,8.9
2026-09-30T12:02:54.775951+00:00,538011706,NEGMAR YAKO I,40.68374166666667,-74.07332,0.0,300.2,133,5,70.0,51840.0,V7A3332,US NYC,9625463.0,6.1
2026-09-30T12:02:54.811417+00:00,258872000,HOEGH TRAPPER,-27.210665,153.339,17.5,191.0,192,0,79.0,68774.0,LAUM7,AU PKL>AU BNE,9706918.0,9.0
2026-09-30T12:02:54.831957+00:00,657350000,Unknown,4.700618333333334,7.157556666666666,0.0,360.0,511,2,,,Unknown,Unknown,,
2026-09-30T12:02:54.832531+00:00,368038210,Unknown,48.754554999999996,-122.50693500000001,0.0,360.0,511,15,,,Unknown,Unknown,,
2026-09-30T12:02:54.931523+00:00,312000097,LILY OCEAN,59.872688333333336,25.277013333333333,10.9,261.4,264,0,70.0,58368.0,V3SD5,SE GOT,9347944.0,12.8
2026-09-30T12:02:55.127113+00:00,219053000,VOLGA MAERSK,51.95498333333333,3.9947166666666667,0.1,346.3,34,5,74.0,73440.0,OWJV2,DEBRV>NLRTM,9775749.0,9.5
2026-09-30T12:02:55.232144+00:00,261182698,ONDERNEMING,52.48928,13.483123333333333,0.0,337.8,511,15,,,SR2698,BERLIN RUMESBURG,,
2026-09-30T12:02:55.359422+00:00,219550000,ICELAND BULKER,-37.47966833333333,176.13045666666667,0.0,287.5,206,1,70.0,51840.0,OUST2,TAURANGA,9738739.0,8.2
2026-09-30T12:02:55.551955+00:00,431010248,HIMAWARI 9,35.60416333333333,139.79617833333333,0.0,74.4,211,5,79.0,44889.0,JD4230,>JP TMK E,9806184.0,6.8
2026-09-30T12:02:56.334726+00:00,212578000,POWER GLOBE,46.21361,-123.78548333333333,0.0,155.9,280,1,70.0,73440.0,5BPJ6,USA KAM,9479319.0,6.8
2026-09-30T12:02:56.457114+00:00,247318300,EUROCARGO RAVENNA,39.14642,9.17578,17.2,301.5,301,0,71.0,53040.0,ICNF,ITCAG>ITLIV,9471056.0,6.9
2026-09-30T12:02:56.457338+00:00,352004869,ROYAL GALAXY,-32.77035166666666,-60.718113333333335,1.6,50.5,5,0,70.0,44064.0,3E7098,AR SLO,9589229.0,6.3
2026-09-30T12:02:57.679678+00:00,247039400,GRAND BENELUX,51.35471,4.244248333333333,13.4,293.1,294,0,70.0,52675.0,IBTB,BEANR-GBBRS,9227900.0,8.3
2026-09-30T12:02:57.680353+00:00,477856900,AAI PRELUDE,57.567458333333335,8.299296666666667,12.2,73.4,74,0,70.0,74745.0,VRUZ6,NO SVG,9952361.0,7.6
2026-09-30T12:02:57.809176+00:00,249940000,MERSIN EXPRESS,35.87853666666667,-5.595908333333333,0.1,47.0,44,0,71.0,62496.0,9HA4444,ITGOA,9740653.0,10.0
2026-09-30T12:02:57.809593+00:00,636022045,PRIGIPOS,51.252271666666665,4.35723,0.0,354.4,236,5,79.0,86424.0,5LGX6,BE ANR,9343883.0,7.3
2026-09-30T12:02:58.036122+00:00,636022810,LODESTAR DE MAR,53.78076,4.953681666666666,13.2,21.0,21,0,79.0,44064.0,5LKO5,ESCAS,9449792.0,10.2
2026-09-30T12:02:58.139149+00:00,525110465,TB CAHAYA ATLANTIC 7,-2.03993,105.09739166666667,0.0,210.9,511,15,,,YDD3548,Unknown,1160285.0,
2026-09-30T12:02:58.366126+00:00,244660053,A'NOUS,52.51528833333334,6.059641666666667,0.0,309.4,511,0,70.0,,PH2041,GENEMUIDEN,,2.9
2026-09-30T12:02:58.410690+00:00,352986134,TAC SUZUKA,49.304491666666664,-123.21152666666667,0.1,328.9,222,1,70.0,51552.0,3E3903,CA VAN,9880128.0,6.3
2026-09-30T12:02:58.667074+00:00,367717120,MASTER DAULTON,27.929,-82.42732333333333,0.0,35.4,511,15,,,WDI6286,Unknown,,
2026-09-30T12:02:58.758106+00:00,366231000,CAPE ARUNDEL,36.83465,-76.29376833333335,0.0,0.0,298,5,79.0,58368.0,WCAD,USPGL,9126297.0,7.6
2026-09-30T12:02:58.918638+00:00,538010328,VENTURE,54.602108333333334,11.026333333333334,11.5,274.8,275,4,70.0,61132.0,V7A5898,CN XMG,9714721.0,13.3
2026-09-30T12:02:58.919326+00:00,311040800,HARMONY LEADER,51.30122166666667,3.232003333333333,0.0,170.3,153,5,70.0,65280.0,C6YP3,BE ZEE,9441568.0,9.7
2026-09-30T12:02:58.919719+00:00,538012392,GLBS THALIA,34.108648333333335,132.970145,0.0,346.6,183,5,70.0,61132.0,V7B2790,NEW SHIP/IMABARI3012,1103287.0,6.0
2026-09-30T12:02:59.000115+00:00,563385000,CAMELLIA BLISS,47.27325333333333,-122.44059999999999,0.0,182.1,299,1,70.0,74745.0,9V2953,USTIW,9544085.0,7.2
2026-09-30T12:02:59.000357+00:00,538090723,ULTRA BOSQUE,-1.5375366666666668,-48.75337833333333,0.0,87.4,220,5,70.0,51552.0,V7A4053,BRVDC,9880013.0,7.1
2026-09-30T12:02:59.133649+00:00,311001727,STRAIT PEARL,27.817726666666665,-97.46130666666666,0.0,284.7,85,5,70.0,57974.0,C6IO8,USCRP,9607576.0,5.8
2026-09-30T12:02:59.716384+00:00,636025764,QUEEN B III,27.630245,-82.56385333333333,1.7,342.5,347,0,79.0,48115.0,5LZA9,MXTUX,9333369.0,9.2
2026-09-30T12:02:59.781274+00:00,636016432,MSC ARUSHI R.,35.95572333333334,-5.715878333333333,17.3,268.0,269,0,70.0,96768.0,A8RL3,ESVLC,9244881.0,10.7
2026-09-30T12:03:00.217574+00:00,538006713,RICSEA,-33.600280000000005,151.67848,1.9,234.7,283,0,79.0,88760.0,V7QL4,AU NTL,9574432.0,8.0
2026-09-30T12:03:00.261506+00:00,373148000,M.V.SIDER MADEIRA,35.199735000000004,-7.063941666666667,11.1,221.8,224,0,70.0,67320.0,3FTQ6,EGSUZ,9853620.0,7.1
2026-09-30T12:03:00.436927+00:00,257433580,Unknown,43.32054666666667,-1.9107699999999999,0.0,0.0,89,3,,,Unknown,Unknown,,
2026-09-30T12:03:01.140313+00:00,352212000,ROYAL KALEIDO,50.767563333333335,1.3841716666666666,12.9,13.8,12,0,70.0,74745.0,3FNI9,SELLA,9851505.0,14.3
2026-09-30T12:03:01.140604+00:00,255916277,CAPE SERRAT,-35.340385,151.11508999999998,16.6,198.2,199,0,70.0,59875.0,CQ2706,AUMEL,9950143.0,9.5
2026-09-30T12:03:01.253526+00:00,215148000,CMA CGM AMBER,35.899454999999996,-5.493253333333333,4.5,205.3,208,0,71.0,97113.0,9HA4980,SGSIN>CNNSA,9350381.0,13.2
2026-09-30T12:03:01.604113+00:00,563304700,SIEM CICERO,39.24138333333334,-76.56578333333333,0.0,142.9,143,5,79.0,65280.0,9V8512,US BAL,9762534.0,7.3
2026-09-30T12:03:01.829716+00:00,538008683,LOUISA BOLTEN,50.37547166666666,-0.270195,10.0,238.9,240,0,70.0,48115.0,V7A2655,FRURO,9406049.0,6.4
2026-09-30T12:03:02.470636+00:00,477077800,COSCO GENOA,-37.81433333333334,144.91461833333332,0.0,6.3,182,5,71.0,90201.0,VRKT3,AUMEL,9484326.0,10.7
2026-09-30T12:03:02.471005+00:00,373556000,LUFFY,57.24080333333333,11.827265,11.1,136.7,137,0,70.0,58368.0,3EZZ9,RU ULU,9609249.0,6.6
2026-09-30T12:03:02.662234+00:00,248592000,FADIQ,37.91018333333333,24.6078,15.1,34.2,32,0,71.0,55692.0,9HA4716,FRSET,9809590.0,6.8
2026-09-30T12:03:03.140935+00:00,477768700,TAIHUA STAR,-32.033366666666666,115.66783333333333,0.1,199.8,229,1,70.0,43804.0,VRCT4,SHARK BAY,9384851.0,4.4
2026-09-30T12:03:03.293447+00:00,209262000,ASTERION II,37.94573666666667,23.636726666666668,0.0,0.0,179,5,,50025.0,5BYX4,PIRAEUS-HERAKLION,8922163.0,6.9
2026-09-30T12:03:03.585796+00:00,564306000,MAERSK COTONOU,35.937464999999996,-5.509355,6.4,68.8,69,0,74.0,93972.0,9V9268,ITVDL,9525297.0,11.3
2026-09-30T12:03:03.649624+00:00,232051710,OCEAN BAY,54.90469666666667,5.644094999999999,9.4,206.0,207,0,70.0,58368.0,MOMV2,SE GOT,9460863.0,12.0
2026-09-30T12:03:03.924081+00:00,538002629,BAOSHAN SUCCESS,36.168245,-7.60644,10.5,105.7,105,0,70.0,74745.0,V7KJ8,EG PSD,9361225.0,14.1
2026-09-30T12:03:04.235623+00:00,538010586,LIU JIANG KOU,45.676383333333334,13.63876,14.7,1.0,359,0,70.0,72595.0,V7A6257,SGSIN PEBGB,9991795.0,8.0
2026-09-30T12:03:04.258706+00:00,368374720,MISSCAROL,30.04445666666667,-94.029565,28.4,17.1,511,0,,,WDP6671,VICKSBOURG_MS,,
2026-09-30T12:03:04.416409+00:00,636015646,EM KEA,54.37773833333333,18.655089999999998,0.0,360.0,202,5,70.0,74052.0,A8NN6,PLGDN,9334351.0,8.3
2026-09-30T12:03:05.040615+00:00,352003758,KITAKAMI RIVER,46.108985,-122.96139333333333,0.0,83.1,129,5,70.0,52704.0,3E5858,CN TAG,9972024.0,10.2
2026-09-30T12:03:05.040940+00:00,226009990,EDITH PIAF,48.86168833333333,2.295605,0.0,360.0,511,3,79.0,,FM6096,Unknown,,
2026-09-30T12:03:05.041101+00:00,352002238,SPRING LOTUS,27.629175,-83.05292166666666,0.0,86.0,127,1,70.0,65280.0,3E2228,US TPA,9942110.0,10.9
2026-09-30T12:03:05.041355+00:00,255806459,MSC ANUSHA III,-32.920833333333334,152.71992,8.3,30.7,27,0,73.0,79641.0,CQEQ8,AUMEL,9323041.0,10.5
2026-09-30T12:03:05.300018+00:00,225996440,Unknown,42.25426166666667,-8.729436666666667,0.2,15.5,97,0,,,Unknown,Unknown,,
2026-09-30T12:03:05.300164+00:00,267010088,PV VAH,48.115199999999994,17.140018333333334,0.0,127.3,511,15,,,OMDU,Unknown,,
2026-09-30T12:03:05.438175+00:00,357381000,HWA LAND,56.32825833333333,17.385181666666664,11.9,53.7,55,0,70.0,73440.0,3FHP9,ST PETERSBURG,9187722.0,7.0
2026-09-30T12:03:05.610725+00:00,249881000,ELEFSIS,54.520113333333335,18.675040000000003,0.2,340.0,102,1,70.0,61132.0,9HA6421,GDYNIA  POLAND,1043968.0,13.0
2026-09-30T12:03:05.767095+00:00,229606000,ANL WARRNAMBOOL,-37.66355,176.17505,0.0,255.6,9,5,71.0,90547.0,9HA5535,TAURANGA,9440772.0,9.4
2026-09-30T12:03:05.959587+00:00,525199988,STS.TG BUYUT,-2.32084,104.91460833333333,0.0,297.8,511,15,,,Unknown,Unknown,,
2026-09-30T12:03:06.097737+00:00,357405000,MSC POH LIN,51.28146666666667,4.253495,0.0,88.8,32,5,71.0,98431.0,H8FC,BEANR,9279977.0,12.6
2026-09-30T12:03:06.259736+00:00,525005285,TB.TRI KHARISMA 01,-1.2147383333333333,116.77464166666667,0.0,176.1,511,0,,,YDB4487,KALIORANG,9721607.0,1.8
2026-09-30T12:03:06.368740+00:00,636023494,EMERALD LIUHENG,41.19376166666667,-8.686485000000001,0.0,299.9,232,5,70.0,65280.0,5LNZ6,LEIXOES,9991513.0,11.3
2026-09-30T12:03:06.591492+00:00,538007863,SSI MAGNIFICENT,40.68476666666666,-74.13946,0.0,290.2,214,5,70.0,47577.0,V7RQ9,CEMENTON,9391828.0,7.4
2026-09-30T12:03:07.012787+00:00,477987800,CA MANILA,22.322285,114.10474666666667,6.8,254.9,249,0,71.0,44889.0,VRWF4,CN SHK,9987598.0,8.9
2026-09-30T12:03:07.282178+00:00,563160600,FABIA SCHULTE,-1.5347416666666667,-48.782513333333334,0.1,217.3,138,1,79.0,55296.0,9V8111,BRVDC,9697155.0,6.5
2026-09-30T12:03:07.282413+00:00,636017649,LILA,-34.37265166666667,18.13726,6.9,357.0,0,0,70.0,65280.0,D5MB5,"BASUO,CHINA",9748837.0,11.3
2026-09-30T12:03:07.282801+00:00,636090971,MONTPELLIER,37.87055333333333,23.57678333333333,1.4,266.2,323,0,70.0,67932.0,A8IG2,ESBCN,9314973.0,9.0
2026-09-30T12:03:07.485509+00:00,256708000,CMA CGM MERMAID,54.60148166666667,-1.1518333333333333,0.0,104.6,136,5,71.0,62730.0,9HA5943,LVRIX,9961283.0,8.5
2026-09-30T12:03:07.629080+00:00,352986187,LOTUS BLOSSOM,-33.083345,152.04757666666669,2.5,246.7,291,0,70.0,74745.0,3E3930,AU NTL,9897597.0,7.3
2026-09-30T12:03:07.629508+00:00,373076000,NEW PINNACLE,48.22711666666667,-123.64878,13.6,90.3,94,0,70.0,51840.0,3FJD7,CA VAN,9865013.0,8.5
2026-09-30T12:03:07.789602+00:00,352898762,COSMO GLORIA,-37.65661333333333,176.18166666666667,0.0,258.8,189,0,70.0,51840.0,3E2047,NZ TRG,9898993.0,8.0
2026-09-30T12:03:07.790206+00:00,229255000,KOM,-1.47638,-48.751578333333335,0.0,19.9,230,1,70.0,43776.0,9HA5314,BRVDC,9905708.0,10.8
2026-09-30T12:03:07.937700+00:00,636021403,THETIS,36.05058333333333,-5.306218333333334,3.3,267.8,268,0,70.0,61132.0,5LDT9,GI GIB,9738208.0,6.6
2026-09-30T12:03:07.937834+00:00,305059300,YUAN HAI,55.73729,15.983773333333334,11.6,255.2,255,0,79.0,58368.0,V2B2059,IDGRE,9229697.0,12.8
2026-09-30T12:03:07.938124+00:00,538005605,XIN HAI TONG 809,51.363211666666665,2.581445,5.7,89.0,90,0,70.0,73440.0,V7FJ8,NL VLI,9669342.0,7.5
2026-09-30T12:03:08.143647+00:00,314303000,NJ SIRIUS,49.29349666666667,-4.544878333333333,10.5,238.6,235,0,70.0,58368.0,8PWE,LIEPAJA,9237113.0,6.4
2026-09-30T12:03:08.244046+00:00,256575000,NEPTUNE HELLAS,49.1254,-4.740799999999999,8.0,65.0,66,0,70.0,45158.0,9HA3957,GBSHS,9440148.0,8.7
2026-09-30T12:03:08.244445+00:00,563281300,SEASPAN YINGKOU,26.908916666666666,121.75305666666667,15.4,43.8,43,0,71.0,75398.0,9VMY8,HONG KONG,9403011.0,10.2
2026-09-30T12:03:08.455796+00:00,538005154,CAPETAN GIORGIS,46.141843333333334,-123.33074166666667,12.7,90.0,89,0,70.0,73440.0,V7BJ9,"LONGVIEW,USA",9288423.0,6.8
2026-09-30T12:03:08.456306+00:00,227102030,AIS<A>PLOUZ,48.35924833333333,-4.567201666666667,0.0,360.0,511,6,,,AAAAAAA,Unknown,,
2026-09-30T12:03:09.710924+00:00,266037000,KARLSKRONAVARVET,56.15949333333333,15.574573333333332,0.1,191.3,511,5,,,7SA2213,Unknown,100000000.0,
2026-09-30T12:03:10.030046+00:00,636020830,RICHLAND BEIJING,1.2838183333333333,103.91792000000001,0.0,70.5,223,1,70.0,74419.0,5LAX7,CN ZUH,9929041.0,7.5
2026-09-30T12:03:10.264775+00:00,503345600,SCARBOROUGH,-33.86067,151.21186666666665,0.0,360.0,180,0,,,16814,Unknown,,
2026-09-30T12:03:10.957291+00:00,229710000,THALATTA,53.57721333333333,8.55064,0.0,259.9,184,5,70.0,75480.0,9HA3538,BREMERHAVEN,9702455.0,8.9
2026-09-30T12:03:11.509417+00:00,263231000,JOAO PINTO,36.780925,-8.368205,2.2,277.9,511,15,,,CURE5,Unknown,,
2026-09-30T12:03:12.176213+00:00,636019847,AQUAGEMINI,48.93248333333334,-123.61574999999999,0.2,26.8,328,1,70.0,60825.0,D5WK9,CA VAN,9757010.0,6.5
2026-09-30T12:03:12.923846+00:00,572960220,TAICHUNG,26.642733333333336,122.7877,15.5,56.0,60,0,74.0,49190.0,T2LJ6,JPOSA,9194505.0,8.4
2026-09-30T12:03:12.924150+00:00,701006740,GUILLERMO C,-32.63348333333333,-60.72511166666666,0.0,141.1,511,0,,,LW3468,SANTA FE,,2.1
2026-09-30T12:03:12.924645+00:00,636021003,BULL,57.78621833333333,9.422104999999998,10.7,236.0,233,0,70.0,74745.0,5LBT8,TR ISK,9582489.0,14.3
2026-09-30T12:03:13.219921+00:00,538009438,GENCO ENTERPRISE,28.58735666666667,-121.49887,11.4,170.4,166,0,70.0,65280.0,V7A4743,US PDX,9707699.0,8.9
2026-09-30T12:03:13.978611+00:00,367677380,PACIFIC HARVESTER,48.754185,-122.50589333333333,0.0,159.0,511,0,,,WDI2363,Unknown,1073741823.0,
2026-09-30T12:03:14.540973+00:00,636026299,MSC DONATA,-33.90173166666667,151.823575,2.1,181.2,281,0,70.0,88819.0,A8QY9,SYDNEY PORT BOTANY,9237151.0,11.1
2026-09-30T12:03:14.792215+00:00,538011982,JAG AMOL,53.661678333333334,4.1067833333333335,11.6,52.9,53,0,70.0,74745.0,V7A3764,DEBRB,9676113.0,14.6
2026-09-30T12:03:15.095968+00:00,563239300,ADMIRAL QUEEN,39.428576666666665,-27.468996666666666,11.8,268.6,270,0,70.0,74745.0,9V9378,NEW ORLEANS,9970258.0,13.6
2026-09-30T12:03:15.096190+00:00,565936000,MAERSK JABAL,31.83415,34.64937666666666,0.0,321.7,271,5,79.0,67932.0,9V5003,ILASH>EGPSD,9343077.0,9.2
2026-09-30T12:03:15.218191+00:00,538010392,SAFEEN AL NASR,51.895175,4.293016666666667,0.0,277.2,511,5,70.0,49555.0,V7A5983,ROTTERDAM,9612296.0,7.9
2026-09-30T12:03:15.351847+00:00,244110544,STENA FORETELLER,53.62952666666667,-0.19538,0.0,47.5,129,5,71.0,48921.0,PHCS,GBIMM<>NLRTM,9214666.0,7.1
2026-09-30T12:03:15.429818+00:00,249671000,VESPERTINE,53.54237833333333,-3.3733866666666668,16.7,283.4,282,0,79.0,48921.0,9HA4331,IEDUB,9376713.0,6.4
2026-09-30T12:03:15.430293+00:00,247294700,EUROCARGO MALTA,39.21116333333334,9.106316666666666,0.0,51.6,148,0,71.0,53040.0,IBKU,ITCAG>ESSAG,9465514.0,6.8
2026-09-30T12:03:15.480111+00:00,416438000,KANWAY GLOBAL,22.346883333333334,114.00871666666667,14.6,267.4,268,0,70.0,51878.0,BLEP,CNSHK,9167461.0,6.7
2026-09-30T12:03:15.611342+00:00,440585000,KMTC KEELUNG,26.507763333333333,120.90590833333334,16.0,210.2,210,0,70.0,43545.0,DSOF3,SG SIN,9157741.0,9.1
2026-09-30T12:03:15.611911+00:00,525123454,KT.SELAT LEGUNDI1212,-2.0414266666666667,104.97636333333334,0.4,313.0,511,15,,,YDA431,Unknown,9099949.0,
2026-09-30T12:03:15.689332+00:00,357211000,TAI KINGDOM,53.484339999999996,9.98341,0.0,328.5,353,0,70.0,83721.0,3EFD3,DE HAM,9789855.0,10.0
2026-09-30T12:03:15.790478+00:00,367691290,FV MISS LEXY,27.928855,-82.42748833333333,0.0,360.0,511,15,,,WDI3727,Unknown,,
2026-09-30T12:03:15.908557+00:00,255916259,SEA ARROW,26.153941666666665,122.49896833333334,11.5,60.0,63,0,70.0,60825.0,CQ2688,SGSIN,9792034.0,12.6
2026-09-30T12:03:15.908736+00:00,563239300,ADMIRAL QUEEN,39.42859166666666,-27.460359999999998,12.0,263.3,271,0,70.0,74745.0,9V9378,NEW ORLEANS,9970258.0,13.6
2026-09-30T12:03:15.908935+00:00,215776000,EKATERINA,37.65328833333333,-28.451331666666665,11.7,273.6,269,0,70.0,41731.0,9HAH8,MXVER,9158458.0,9.6
2026-09-30T12:03:16.317109+00:00,229955000,CMA CGM SEATTLE,37.75466166666667,-122.707635,8.3,226.6,221,0,71.0,89856.0,9HA5642,USOAK,9290098.0,11.1
2026-09-30T12:03:16.317369+00:00,352004630,RUI AN YANG,35.8934,-5.501918333333333,0.0,239.6,214,0,70.0,58368.0,3E6911,TANGER MED,9211145.0,9.1
2026-09-30T12:03:16.318381+00:00,352005894,SACHI,51.960953333333336,4.125238333333333,0.0,9.9,153,5,70.0,65280.0,3E9067,NLRTM,9826457.0,12.2
2026-09-30T12:03:16.318602+00:00,366575000,GOPHER STATE,39.886275,-75.17625,0.0,4.7,354,5,70.0,42854.0,WCJV,SEA,7226689.0,7.6
2026-09-30T12:03:16.318699+00:00,247453600,ECO NAPOLI,37.490655,15.09323,0.0,343.7,94,5,71.0,82538.0,ICPN,ITCTA>ITGOA,9985540.0,6.3
2026-09-30T12:03:16.718030+00:00,538006720,DSI ALTAIR,43.44759,-3.8142349999999996,0.1,26.4,185,5,70.0,60825.0,V7NM5,ES SDR,9749245.0,12.0
2026-09-30T12:03:16.728374+00:00,373121000,LADY EVINA,-29.771515,31.215161666666667,0.6,74.7,136,1,70.0,44323.0,3FHM3,ZA DUR,9561916.0,10.1
2026-09-30T12:03:16.728706+00:00,636093128,INCE TOKYO,43.14379833333333,28.385181666666664,8.9,25.7,30,0,70.0,61132.0,5LHQ5,AUALH,9730438.0,6.9
2026-09-30T12:03:17.396932+00:00,636023944,MSC KYUNGMIN,57.688311666666664,11.860301666666667,0.0,102.2,269,5,70.0,46233.0,5LQE8,SEGOT,9967005.0,8.0
2026-09-30T12:03:17.531846+00:00,352006643,SAPPHIRE ACE,51.93112333333333,1.70083,0.0,67.9,55,1,70.0,77520.0,3E7980,GB_TYN,1047017.0,9.9
2026-09-30T12:03:17.840484+00:00,352006188,NORSE LOLLAND,29.721071666666667,-95.23934166666666,0.0,246.8,246,5,70.0,55296.0,3E7812,US HOU,1033547.0,6.3
2026-09-30T12:03:18.066066+00:00,477940700,GW DELTA,46.18574833333333,-124.622445,1.1,96.9,65,0,70.0,74745.0,VRVY6,AU HPT,9442483.0,7.2
2026-09-30T12:03:18.066377+00:00,338145000,ARC DEFENDER,53.56705,8.562328333333333,0.0,6.1,15,0,70.0,65280.0,WDM6793,USBAL>DEBRV,9375264.0,9.5
2026-09-30T12:03:18.066563+00:00,636026321,SUB ROSA,48.40203833333333,-123.24057166666667,7.4,242.3,240,0,70.0,74745.0,A8RG9,CAVAN,1094709.0,7.6
2026-09-30T12:03:18.077183+00:00,352005165,LUCKY BELLA,59.866735,25.97795,0.1,175.3,42,1,70.0,73440.0,3E8328,UST LUGA,9286970.0,7.2
2026-09-30T12:03:18.362515+00:00,563077100,SELINA H,47.27938666666667,-122.436115,0.1,169.0,291,1,70.0,74745.0,9V6018,USTIW,9858515.0,7.3
2026-09-30T12:03:18.453387+00:00,314001039,DSM FERRO,50.20697666666667,-0.6727566666666667,13.5,73.3,74,0,70.0,58368.0,8P2575,DK SKA,9236092.0,6.4
2026-09-30T12:03:18.488374+00:00,538009008,GOLDEN DAY,36.11673333333333,-4.5690599999999995,9.2,273.6,265,0,70.0,73440.0,V7A4193,TR EMBA,9209128.0,14.0
2026-09-30T12:03:18.792278+00:00,2444059,HOEK VAN HOLLAND,51.98092833333333,4.112608333333333,0.0,19.0,511,15,,,Unknown,@@@@@@@@@@@@@@@@@@@,,
2026-09-30T12:03:19.583841+00:00,636015131,MALIAKOS,-26.757845,-48.239871666666666,14.9,351.1,354,0,79.0,90547.0,A8YT7,BRSSZ,9464247.0,10.4
2026-09-30T12:03:19.584167+00:00,316018477,ALGOMA DISCOVERY,46.04937333333333,-73.11558833333333,0.0,335.0,258,5,70.0,52315.0,CFK9796,SOREL,8505848.0,7.9
2026-09-30T12:03:19.584271+00:00,538012438,WELLNESS DIVA,-32.630363333333335,-60.745401666666666,0.0,186.1,338,1,70.0,73766.0,V7B2850,AR SLO,1049352.0,6.6
2026-09-30T12:03:19.871727+00:00,373283000,C.S.PRINCESS,48.47250833333333,-126.00811,4.8,86.9,84,0,70.0,56217.0,3EYW3,KR TJI,9515199.0,8.0
2026-09-30T12:03:20.156956+00:00,244620677,AMICE,51.854675,5.84766,3.4,112.7,511,0,79.0,40848.0,PE7162,DINTELHAVEEN,,2.0
2026-09-30T12:03:20.457893+00:00,636025269,RIYADH MUKAAB,55.23751166666667,14.312325,16.6,217.5,216,0,70.0,70828.0,5LWP8,CNTAO,9399806.0,10.9
2026-09-30T12:03:20.834586+00:00,440152000,MAPLE MARINA,34.71541333333333,-76.69848833333334,0.0,251.5,263,5,70.0,49996.0,D7FH,MOREHEAD USA,9626376.0,10.3
2026-09-30T12:03:21.459208+00:00,356242000,MEDI CHIBA,-33.75584166666667,151.57378500000002,2.1,250.7,270,0,70.0,74745.0,3FUD5,TW TXG > AU NTL,9781970.0,7.2
2026-09-30T12:03:21.573588+00:00,257073000,LIVITA,-29.881848333333334,31.044486666666668,0.8,212.2,27,0,70.0,65280.0,LACG8,ZA DUR,9801299.0,12.6
2026-09-30T12:03:21.574007+00:00,412326470,Unknown,25.282556666666668,120.04789000000001,13.1,12.7,10,0,,,Unknown,Unknown,,
2026-09-30T12:03:21.574215+00:00,563246800,EVER VERT,26.955123333333333,122.29092666666666,19.8,36.9,38,0,74.0,74970.0,9V7818,TWKHH>PHMNN,9950985.0,11.5
2026-09-30T12:03:22.461984+00:00,511100869,MAYSORA,-1.4693483333333333,-48.76763666666667,0.0,337.9,229,1,70.0,52684.0,T8A4084,BR VDC,8310542.0,9.0
2026-09-30T12:03:22.462093+00:00,311001626,SAGA PIONEER,46.155231666666666,-123.05407666666666,12.9,121.2,128,0,70.0,57312.0,C6IB7,US LOG,9380764.0,6.6
2026-09-30T12:03:23.130809+00:00,261187390,Unknown,53.19495666666667,17.965356666666665,0.0,114.5,268,5,,,Unknown,Unknown,,
2026-09-30T12:03:23.131255+00:00,227300000,F/V MIREN,43.32322833333333,-1.925535,0.0,329.3,199,0,,,FHZV,PASAJES,8229353.0,
2026-09-30T12:03:23.131389+00:00,567017000,SARITA NAREE,46.19071666666667,-123.89599166666667,12.3,265.1,265,0,70.0,61132.0,HSDA,GRARY HARBOR,9726413.0,6.9
2026-09-30T12:03:23.131554+00:00,538009870,SDTR GLORIA,53.91959666666666,7.80268,0.0,228.0,159,1,70.0,83354.0,V7A5273,ES FRO>DE WVN,9877896.0,7.9
2026-09-30T12:03:24.248319+00:00,538012107,S-BOUND,31.857845,34.61895833333333,4.2,77.1,79,0,70.0,49276.0,V7A3981,ILASH,9610200.0,10.7
2026-09-30T12:03:24.375124+00:00,538011775,SHANDONG XIN SHENG,46.21063166666667,-123.94924666666667,13.4,132.8,134,0,70.0,74745.0,V7A3444,PEBGC,1026594.0,14.3
2026-09-30T12:03:24.488733+00:00,563122300,X-PRESS SAGARMALA,36.223058333333334,-4.601591666666667,0.9,52.6,105,0,71.0,46233.0,9V2572,ITNAP,9862736.0,9.0
2026-09-30T12:03:25.159420+00:00,209717000,CONTAINERSHIPSARCTIC,51.45865333333334,0.333585,0.0,202.3,163,5,71.0,44064.0,5BJD5,GBTIL,9818400.0,8.4
2026-09-30T12:03:25.346546+00:00,244860916,BRAVENES,51.45813,3.6754866666666666,0.0,348.2,153,5,,41664.0,PDCF,NL VLI,9756200.0,5.8
2026-09-30T12:03:26.105176+00:00,636093322,CHIQUITA HARVESTER,50.370239999999995,-0.6935233333333334,10.3,257.1,254,0,70.0,46233.0,5LSP2,CRMOB,9976226.0,8.1
2026-09-30T12:03:26.365082+00:00,636019184,PSARROS D,52.404199999999996,4.874578333333333,0.0,325.1,231,5,70.0,74745.0,D5TI3,NLAMS,9855642.0,11.2
2026-09-30T12:03:26.527810+00:00,211701881,Unknown,0.0,-163.21194666666668,33.9,0.0,0,0,,,Unknown,Unknown,,
2026-09-30T12:03:26.780165+00:00,636022998,SAIC ANJI HARMONY,28.95095,-118.89229666666667,15.3,331.3,331,0,70.0,77520.0,5LLL4,USSEA,9955064.0,8.1
2026-09-30T12:03:26.856763+00:00,657200700,Unknown,4.691391666666666,7.159841666666667,7.1,354.6,511,8,,,Unknown,Unknown,,
2026-09-30T12:03:27.357875+00:00,440095870,YUN STAR,37.450453333333336,126.59434,0.0,12.6,511,8,,,101 Y S,@@@@@@@@@@@@@@@@@@,,
2026-09-30T12:03:27.587656+00:00,636019396,SWEET LYDIA,-2.0754783333333333,104.99535833333333,0.0,228.9,79,1,70.0,74745.0,D5UH9,MUARA BANYUASIN,9567166.0,6.9
2026-09-30T12:03:27.962177+00:00,636020004,IRIS WAVE,35.4942,139.72051166666668,0.0,323.4,61,5,70.0,89148.0,D5XE9,JP KWS,9875173.0,12.8
2026-09-30T12:03:27.962917+00:00,352006572,NORSE ADVANCE,-32.62516333333333,-60.753455,0.0,90.9,350,5,70.0,61132.0,3E7934,ARSLO,1086049.0,6.7
2026-09-30T12:03:27.963416+00:00,636026136,CLEAN STAR,25.304733333333335,122.72893833333333,16.8,180.4,184,0,70.0,77520.0,A8LL5,EGPSD,1030466.0,8.0
2026-09-30T12:03:27.963516+00:00,477254200,FENG DA HAI,27.636908333333334,-82.56327666666667,0.0,73.2,185,5,70.0,61132.0,VRYA5,MANATEE,1133787.0,7.9
2026-09-30T12:03:27.963740+00:00,311001645,UNITY TRITON,35.787945,-7.26941,1.4,154.0,187,0,70.0,65280.0,C6IE2,US PME,9764104.0,11.6
2026-09-30T12:03:28.199928+00:00,211517420,KURT,54.17337,12.108306666666666,0.0,170.0,511,0,,,DGOA2,@@@@@@@,,
2026-09-30T12:03:28.200682+00:00,416440000,TAIPOWER PROSPERITYV,25.15908,121.26135666666667,0.0,245.6,76,1,70.0,91086.0,BDAB,LKO TW,9567594.0,14.5
2026-09-30T12:03:28.200844+00:00,219281000,HUMBRIA SEAWAYS,51.11538666666667,3.7570633333333334,0.0,244.8,335,0,79.0,82538.0,OXOC2,SEGOT,9832597.0,6.5
2026-09-30T12:03:28.435892+00:00,244850128,Unknown,51.45911833333333,6.17321,2.5,291.8,511,3,,,Unknown,Unknown,,
2026-09-30T12:03:28.436058+00:00,241195000,ANNA MARIA,46.20500666666667,-123.80535499999999,0.2,205.9,312,1,79.0,74745.0,SVBN8,KALAMA WA. USA,9622679.0,6.5
2026-09-30T12:03:28.436210+00:00,258192000,HOEGH SUNRISE,41.056133333333335,2.19571,0.5,4.5,21,0,70.0,77520.0,LAUM8,CNTAC-ESBCN,9971264.0,10.0
2026-09-30T12:03:28.436706+00:00,416006663,JIA CHANG,25.17972,121.84540166666667,0.9,315.2,511,15,,,Unknown,Unknown,,
2026-09-30T12:03:28.437305+00:00,417222410,CEYLON PRINCESS,-1.9752383333333334,105.01111166666666,9.9,353.5,354,0,70.0,61132.0,4REB,TANJUNG KAMPEH,9734575.0,6.9
2026-09-30T12:03:28.765732+00:00,369950000,US GOV VESSEL,32.68091833333333,-117.130695,0.0,360.0,511,0,,,Unknown,Unknown,,
2026-09-30T12:03:28.914095+00:00,630001279,HUA DONG 811,25.481533333333335,120.27236500000001,11.8,33.6,34,0,72.0,40185.0,J5BF4,MY PKG,8530350.0,9.0
2026-09-30T12:03:29.234822+00:00,636020244,VITA FUTURE,36.172815,-5.0584549999999995,5.5,247.9,252,0,70.0,74745.0,D5YH8,GIBRALTAR,9697870.0,12.8
2026-09-30T12:03:29.609360+00:00,356680000,ZHENG RUN,57.506051666666664,11.365413333333333,11.0,146.5,141,0,70.0,74745.0,3FFV2,UST LUGA RU,9593816.0,7.2
2026-09-30T12:03:29.609958+00:00,636015208,LILA II,55.722031666666666,21.104598333333335,0.0,227.7,309,5,70.0,50112.0,A8ZG8,"KLAIPEDA, LITHUANIA",9498315.0,6.0
2026-09-30T12:03:29.610197+00:00,477464100,CHINA SPIRIT,55.42111333333333,12.656421666666667,11.7,197.6,192,0,70.0,48384.0,VRLC4,RIGA,9655846.0,6.2
2026-09-30T12:03:29.610835+00:00,414446000,Unknown,26.432318333333335,120.92548166666667,12.6,34.2,34,0,,,Unknown,Unknown,,
2026-09-30T12:03:29.835794+00:00,244674249,Unknown,53.19407666666667,5.437568333333333,0.0,298.7,304,0,,,Unknown,Unknown,,
2026-09-30T12:03:29.836247+00:00,538011295,MANTA URAZ,51.136788333333335,1.70401,12.7,36.8,36,0,70.0,51840.0,V7A6922,NLRTM,9749996.0,6.3
2026-09-30T12:03:29.836511+00:00,440019220,GLOBAL STAR,37.4501,126.594195,0.0,160.9,321,0,,,093237,@@@@@@@@@@@@@@@@@@,,
2026-09-30T12:03:29.837612+00:00,538009229,NORDIC ORION,53.77906666666667,6.0483666666666664,11.8,250.0,250,0,79.0,73440.0,V7A4481,DE HAM>BR TMT,9529463.0,7.2
2026-09-30T12:03:30.062456+00:00,538011232,AM OCEAN PRIDE,-2.084538333333333,104.97142833333334,0.0,221.2,78,1,70.0,60192.0,V7A6832,TANJUNG KEMPEH,9427330.0,10.7
2026-09-30T12:03:30.063746+00:00,212714000,VANCOUVER,35.60599333333333,139.783155,0.0,44.2,326,5,71.0,89856.0,C4ZL2,JPTYO R,9363364.0,11.2
2026-09-30T12:03:30.268280+00:00,538010446,AQUAVITA TRUST,22.368616666666664,113.92206833333333,0.0,59.1,293,5,70.0,60211.0,V7A6051,HKHKG,9826445.0,12.1
2026-09-30T12:03:30.268540+00:00,205539990,VERA PAX,51.813918333333326,5.135581666666667,8.8,274.2,277,0,79.0,41952.0,OT5399,SCHWELGERN,,3.6
2026-09-30T12:03:30.269159+00:00,538011832,UNI HORIZON,-37.65203666666666,176.18251666666666,0.0,293.6,9,5,70.0,51840.0,V7A3542,NZ TRG,9811517.0,8.8
2026-09-30T12:03:30.269307+00:00,725001411,Unknown,-34.680825,-72.27254333333333,11.1,9.9,8,0,,,Unknown,Unknown,,
2026-09-30T12:03:30.269521+00:00,525401930,Unknown,-1.21069,116.78336333333333,0.0,211.8,511,5,,,Unknown,Unknown,,
2026-09-30T12:03:30.269764+00:00,538006802,MARIA TOPIC,49.292008333333335,-123.18836,0.0,225.7,120,1,79.0,61132.0,V7RI3,CA VAN,9726267.0,7.7
2026-09-30T12:03:30.269824+00:00,414662000,Unknown,26.84170333333333,121.16475999999999,8.5,209.1,208,0,,,Unknown,Unknown,,
2026-09-30T12:03:30.269974+00:00,367609770,ST LOUIS RIVER,35.219455,-75.69478166666666,0.0,38.0,511,0,,,WDH3679,Unknown,,
2026-09-30T12:03:30.270210+00:00,636025120,HONEY BADGER,2.3259433333333335,101.80839166666667,9.9,306.9,308,0,70.0,65280.0,5LVX2,INVTZ>SGSIN(PEBGB),9711315.0,6.4
2026-09-30T12:03:30.582418+00:00,352004869,ROYAL GALAXY,-32.77021,-60.71789833333333,1.6,49.8,2,0,70.0,44064.0,3E7098,AR SLO,9589229.0,6.3
2026-09-30T12:03:30.582525+00:00,636093302,THE WHALE ORCA,39.82653666666667,-75.37521333333333,13.3,229.7,228,0,70.0,48384.0,A8TV8,US PHL,9509607.0,7.4
2026-09-30T12:03:30.583031+00:00,316023339,THUNDER BAY,42.29428333333333,-83.088915,0.1,87.1,39,0,70.0,54590.0,CFN6288,WINDSOR,9601039.0,7.1
2026-09-30T12:03:30.583459+00:00,636018491,MSC KAYLA,59.828920000000004,25.654476666666667,0.1,176.6,320,0,70.0,46396.0,D5PX6,FIKTK,9242637.0,9.0
2026-09-30T12:03:30.583821+00:00,538011000,TWIN DELIGHT,-19.252343333333332,146.83253000000002,0.0,197.8,18,5,70.0,54460.0,V7A6433,SG SIN PEBGB,9984481.0,10.5
2026-09-30T12:03:31.399762+00:00,244002632,Unknown,66.46529833333334,-19.004773333333333,77.8,322.0,24,8,,,Unknown,Unknown,,
2026-09-30T12:03:31.400110+00:00,368286880,Unknown,48.75571333333333,-122.50942833333333,0.0,3.3,511,15,,,Unknown,Unknown,,
2026-09-30T12:03:32.101600+00:00,416087000,WAN HAI 272,25.16343,121.38878333333334,0.1,322.2,244,5,70.0,44582.0,BHLT,TWTPE,9493262.0,9.7
2026-09-30T12:03:32.816657+00:00,209543000,THETIS D,50.195818333333335,-0.6385483333333333,14.7,76.0,74,0,72.0,41932.0,5BEU5,GBGRK,9372274.0,7.7
2026-09-30T12:03:32.816756+00:00,538006278,FEDERAL BALTIC,51.25729666666667,4.403691666666666,0.0,36.4,183,5,70.0,48960.0,V7DS8,BEANR,9697806.0,8.9
2026-09-30T12:03:33.207536+00:00,636024014,MSC EAGLE III,31.842579999999998,34.64944,0.0,100.5,269,5,71.0,63342.0,5LQN7,ASHDOD,9302449.0,8.5
2026-09-30T12:03:33.207645+00:00,255804860,BG RED,54.361491666666666,9.792315,6.0,67.2,71,0,70.0,44064.0,CQSK,DEBRV,9976965.0,7.4
2026-09-30T12:03:33.207800+00:00,248164000,TRUSTEE,52.36757333333333,4.29736,13.3,188.5,511,0,79.0,99603.0,9HA6538,NLSCE,8902955.0,8.5
2026-09-30T12:03:33.447318+00:00,636092744,CORNELIE OLDENDORFF,-23.805803333333333,151.21710333333334,0.0,109.4,109,5,70.0,88760.0,A8YF9,AUGLT,9498846.0,7.5
2026-09-30T12:03:33.447641+00:00,352005142,CL SPRUCE,22.36553,113.783265,11.1,153.3,151,0,70.0,61132.0,3E8308,PECHY,1021374.0,13.5
2026-09-30T12:03:33.447752+00:00,265012000,TRAVIATA,51.3164,3.2252666666666667,0.0,80.4,332,5,70.0,73440.0,SBJH,DEBRV,9700524.0,9.4
2026-09-30T12:03:33.448097+00:00,477842700,SITC CHUNMING,27.565123333333336,121.298335,14.3,208.8,204,0,71.0,64281.0,VRUU9,PH MNS,9932828.0,11.0
2026-09-30T12:03:33.979223+00:00,636023412,SEATRADE CHILE,51.75767333333333,3.325946666666667,0.0,93.5,59,1,79.0,46233.0,5LNP3,BEANR,9976202.0,9.0
2026-09-30T12:03:33.980533+00:00,636017109,GOLDEN SUCCESSFUL 82,58.752118333333335,4.443741666666667,6.5,134.2,133,0,70.0,73440.0,D5JI5,EGSUZ,9174634.0,14.1
2026-09-30T12:03:34.104289+00:00,636025269,RIYADH MUKAAB,55.23678666666667,14.311325,16.6,217.6,216,0,70.0,70828.0,5LWP8,CNTAO,9399806.0,10.9
2026-09-30T12:03:34.105429+00:00,636018656,FENG MAY,-33.393985,151.98512333333335,2.6,188.2,118,0,70.0,83721.0,D5QT3,AU NTL,9838553.0,7.3
2026-09-30T12:03:34.105535+00:00,630001194,PHOTON,56.43844,18.962461666666666,12.0,27.4,27,0,70.0,53222.0,J5AW3,RU LED,9230220.0,10.4
2026-09-30T12:03:34.506270+00:00,209786000,VENUS HORIZON,-23.84886,151.31169,1.5,81.8,95,0,70.0,91086.0,5BNP3,AU GLT,9604952.0,12.5
2026-09-30T12:03:34.507032+00:00,368293340,Unknown,48.755160000000004,-122.50799333333333,0.0,360.0,511,15,,,Unknown,Unknown,,
2026-09-30T12:03:34.507164+00:00,352002433,ROYAL PEARL,27.66757,-13.870428333333333,12.7,215.2,212,0,70.0,61132.0,3E4088,TR ISK,9941972.0,10.4
2026-09-30T12:03:34.507395+00:00,244130690,BORE SONG,56.248423333333335,18.190513333333335,18.5,62.8,62,0,79.0,48921.0,PDFS,ROSTOCK,9443566.0,7.0
2026-09-30T12:03:35.119468+00:00,316001637,CSL LAURENTIEN,43.2166,-79.21313,0.0,2.5,344,0,70.0,55080.0,VCJW,QUEBEC CITY SEC106,7423108.0,8.1
2026-09-30T12:03:35.119760+00:00,563230700,WAN HAI 376,-6.349496666666667,110.70232166666666,13.4,69.2,72,0,71.0,72471.0,9V7867,IDSUB,9954503.0,9.3
2026-09-30T12:03:35.119937+00:00,440694000,MORNING CELINE,51.301633333333335,3.237216666666667,0.0,308.0,333,5,70.0,61132.0,D7KX,BEZEE,9519133.0,9.1
2026-09-30T12:03:35.120352+00:00,219358000,FLANDRIA SEAWAYS,55.01681333333333,5.949378333333333,16.6,198.5,200,0,72.0,82538.0,OYEN2,GOT-ZEE-GOT,9860142.0,7.0
2026-09-30T12:03:35.120535+00:00,636023461,FIONA,41.30352833333333,2.2032533333333335,0.1,45.3,161,1,70.0,44160.0,5LNV4,ESBCN,9149885.0,7.6
2026-09-30T12:03:35.258712+00:00,355953000,SEA TREASURE,51.815131666666666,3.359243333333333,0.0,167.7,72,1,70.0,65280.0,3EUC8,NL FIU,9885427.0,7.1
2026-09-30T12:03:36.650920+00:00,636016243,W-PACIFIC,-23.8981,151.58689833333335,1.0,15.0,77,1,70.0,74745.0,D5FE8,AU GLT,9596650.0,7.1
2026-09-30T12:03:36.651850+00:00,352986184,ROYAL STAR,54.371340000000004,10.089955,3.8,81.4,80,0,70.0,44428.0,3E3928,NLDZL,9223813.0,8.9
2026-09-30T12:03:36.652066+00:00,244630391,PRESENT,51.811656666666664,4.655551666666667,0.1,277.9,511,0,,,PD3635,LIER,,2.4
2026-09-30T12:03:36.652404+00:00,255803860,BOCS BREMEN,38.44418333333333,-9.809908333333334,11.8,359.7,356,0,70.0,49190.0,CQRT,SNDKR,9438389.0,9.6
2026-09-30T12:03:37.518849+00:00,367347670,SEASTREAK HIGHLANDS,40.67264,-74.04050666666667,30.9,24.9,26,15,,,WDE4031,Unknown,9270270.0,
2026-09-30T12:03:38.623075+00:00,244700661,VRIDO 1,51.959084999999995,4.010623333333333,0.0,82.4,511,5,70.0,42163.0,PD3185,ROTTERDAM/BASEL,,2.0
2026-09-30T12:03:38.623198+00:00,316029000,CSL NIAGARA,43.18801,-79.19955833333333,1.8,334.2,334,0,70.0,55080.0,VCGJ,HAMILTON,7128423.0,7.5
2026-09-30T12:03:38.623690+00:00,314118000,VIOLETTA K,-23.942906666666666,-46.31265333333333,0.0,0.2,169,5,79.0,74745.0,SVAX5,BR SSZ,9494137.0,8.5
2026-09-30T12:03:38.624766+00:00,538008394,AEOLIAN VISION,37.209923333333336,-76.102615,0.0,255.8,10,1,79.0,74745.0,V7A2311,US NNS,9483554.0,7.3
2026-09-30T12:03:38.625012+00:00,636026186,ASTROS,35.507333333333335,-7.9099683333333335,13.3,253.5,257,0,70.0,65280.0,A8NA6,TR ISK,9737060.0,13.2
2026-09-30T12:03:38.762489+00:00,353381000,FLOURISH B,55.13266,14.160888333333332,10.6,221.1,221,0,70.0,58368.0,3EVS9,RU LED,9237199.0,6.4
2026-09-30T12:03:39.140734+00:00,563028400,ALTAIR SKY,-20.762926666666665,-39.62535166666667,2.2,158.3,100,0,70.0,61132.0,9V5357,PRAIA BRAZIL,9811555.0,12.5
2026-09-30T12:03:39.140937+00:00,311000733,STAR ALTAIR,53.44246666666666,6.8492283333333335,0.0,259.3,107,5,70.0,74745.0,C6DO4,EEMSHAVEN,9828314.0,13.9
2026-09-30T12:03:39.141084+00:00,538006220,C FORCE,-32.70865833333333,-60.72497833333333,0.0,9.8,8,5,70.0,74745.0,V7KR8,RECALADA,9710543.0,7.6
2026-09-30T12:03:39.141244+00:00,368025040,Unknown,48.75654,-122.505715,0.0,108.6,511,15,,,Unknown,Unknown,,
2026-09-30T12:03:39.142065+00:00,431101148,FUOU MARU,33.680255,136.31669166666669,17.7,56.5,57,0,70.0,44841.0,JD2268,>JP WAK,9367798.0,6.7
2026-09-30T12:03:39.497044+00:00,311000235,LAWIN ARROW,39.07204333333333,15.062111666666668,11.9,309.8,309,0,70.0,65280.0,C6BD8,EG ALY,9687162.0,13.3
2026-09-30T12:03:39.498946+00:00,525016462,KT.BIMA 306,-6.953621666666667,110.42027,0.0,210.6,511,0,,,YDA4500,Unknown,9559913.0,
2026-09-30T12:03:39.968808+00:00,563231600,SINAR SULAWESI,-6.657030000000001,112.60365666666667,14.0,317.2,320,0,70.0,46233.0,9V9173,SIN PEBGA,1015363.0,10.9
2026-09-30T12:03:40.513678+00:00,244630034,MELLIZO,51.813901666666666,4.651321666666666,0.0,360.0,511,5,79.0,43776.0,PE3549,HOFPLEIN,,1.5
2026-09-30T12:03:40.514075+00:00,667001963,RAZONI,37.36607,-0.8505116666666667,11.9,227.0,226,0,70.0,44640.0,9LU2766,RO CND,9086526.0,5.8
2026-09-30T12:03:40.956315+00:00,244770321,DE MAURICE,53.09983166666667,5.824493333333334,0.0,0.0,511,15,,,PH9205,Unknown,,0.2
2026-09-30T12:03:40.957203+00:00,338131743,Unknown,48.75734166666667,-122.50557666666667,0.1,186.0,511,15,,,Unknown,Unknown,,
2026-09-30T12:03:41.677004+00:00,538005622,SASEBO GREEN,51.88422833333333,4.450568333333334,0.1,21.5,283,5,70.0,73440.0,V7FN3,NLRTM,9675468.0,11.3
2026-09-30T12:03:41.677445+00:00,636024051,CARLA C,55.1789,13.992795,10.7,94.3,96,0,70.0,52128.0,5LQS9,FI INK,9718442.0,6.9
2026-09-30T12:03:41.677817+00:00,311001572,LADY ANASTASIA,43.04617333333333,17.42674333333333,0.0,61.6,87,5,70.0,49996.0,C6HU7,HR PLE,9601948.0,6.5
2026-09-30T12:03:41.678515+00:00,636024024,VELA LEADER,22.468700000000002,113.75298666666666,14.1,172.6,173,0,70.0,65280.0,5LQO9,THLCH,9158288.0,7.5
2026-09-30T12:03:42.597971+00:00,636022640,SONGA PANTHER,35.83106166666666,-6.047323333333334,3.1,8.0,22,0,70.0,47884.0,5LJT6,MAAGA,9947732.0,7.4
2026-09-30T12:03:42.598331+00:00,564306000,MAERSK COTONOU,35.9378,-5.508333333333334,6.3,69.0,69,0,74.0,93972.0,9V9268,ITVDL,9525297.0,11.3
2026-09-30T12:03:42.598594+00:00,366302562,LCM ANGELIQUE,48.10814666666667,-88.54621333333333,0.0,230.9,511,0,70.0,,WRB4124,H0UGHTON MI,,2.0
2026-09-30T12:03:42.598891+00:00,316026694,CSL ST-LAURENT,46.69907833333333,-92.01867833333334,0.0,327.9,181,0,70.0,55324.0,CFK5152,SUPERIOR,9665281.0,7.1
2026-09-30T12:03:42.916424+00:00,224337930,Unknown,37.48791833333333,-0.86304,8.0,242.9,511,7,,,Unknown,Unknown,,
2026-09-30T12:03:42.916769+00:00,338471178,Unknown,48.756634999999996,-122.49814500000001,0.0,249.3,203,15,,,Unknown,Unknown,,
2026-09-30T12:03:42.917188+00:00,244660663,SPIRIT,51.83808166666667,5.4025316666666665,5.4,45.0,45,0,79.0,43776.0,PI9308,DINTELHAVEN,,1.3
2026-09-30T12:03:42.917261+00:00,311000421,CSL FRONTIER,48.405645,-123.44136666666667,0.0,348.4,243,1,70.0,60518.0,C6CA8,CA VAN > CA VIC,9228734.0,5.6
2026-09-30T12:03:43.253553+00:00,247275400,GRANDE BENIN,49.56103333333333,-0.11290666666666667,0.0,200.3,263,1,79.0,69196.0,ICEX,FRLEH>>PTLEI,9343170.0,9.5
2026-09-30T12:03:43.718711+00:00,636019674,KESTREL S,51.87379833333333,3.4896983333333336,0.0,246.5,51,1,70.0,47577.0,A8VG5,NL RTM,9489211.0,10.4
2026-09-30T12:03:43.718905+00:00,563164400,COPENHAGEN COMMERCE,51.88623666666667,4.274043333333334,0.0,21.5,162,5,70.0,61132.0,9V7574,NLRTM,9950296.0,12.1
2026-09-30T12:03:43.834723+00:00,565380000,MAX SCHULTE,26.093043333333334,-80.06070833333334,12.2,286.2,279,0,70.0,54432.0,9V3052,USPHL,9676711.0,7.8
2026-09-30T12:03:43.929273+00:00,636018191,MSC PORTO III,45.581145,13.653836666666667,11.7,342.8,339,0,73.0,63648.0,A8IY9,SIKOP,9299020.0,8.2
2026-09-30T12:03:44.391960+00:00,538012993,VAN ORCHID,25.493098333333332,120.39427500000001,11.1,187.0,187,0,79.0,58368.0,V7B3596,AU.BUY,9551674.0,6.5
2026-09-30T12:03:44.527523+00:00,440022230,SOUTHERN CASTLE,37.450500000000005,126.59393333333334,0.0,103.8,511,0,,,101 S C,@@@@@@@@@@@@@@@@@@,9777228.0,
2026-09-30T12:03:44.700611+00:00,267010042,BD DEVIN,48.10562166666667,17.12919,0.0,181.6,511,15,,,OMDJ,BRATISLAVA,,
2026-09-30T12:03:44.804283+00:00,477066300,CORAL CHIEF,-33.96861666666667,151.21304999999998,0.0,252.8,254,5,74.0,47308.0,VROC5,AUSYD,9689938.0,7.5
2026-09-30T12:03:46.153901+00:00,211833390,NILS HOLGERSSON,54.336130000000004,12.080721666666667,16.1,203.0,200,0,70.0,72409.0,DKLZ2,DE RSK,9865685.0,6.6
2026-09-30T12:03:46.267416+00:00,255805689,RIVA,-32.69609666666666,-60.72282,0.0,309.9,350,5,70.0,55296.0,CQEM,ARSLO,9693331.0,6.3
2026-09-30T12:03:46.525134+00:00,431012888,IZUMI MARU,34.152915,132.95104333333333,11.0,303.1,300,0,79.0,44352.0,JD4490,>JP SMJ N-8,9846213.0,6.5
2026-09-30T12:03:47.350716+00:00,538011247,MUROVDAG,49.41108666666666,1.01367,0.0,258.6,198,5,70.0,51840.0,V7A6850,FRURO,9791042.0,6.6
2026-09-30T12:03:48.553792+00:00,367397090,LITTLE LADY II,40.709745,-74.03992,0.0,360.0,511,0,,,WDE7746,WFC/LLM,,
2026-09-30T12:03:48.553913+00:00,259895000,TIRRANNA,38.96624,-75.12271166666666,15.5,156.2,157,0,70.0,77356.0,LAFU7,JP YOK,9377523.0,8.6
2026-09-30T12:03:48.830451+00:00,242430400,CASABLANCA A,35.97118666666667,-5.347091666666667,6.4,70.0,61,0,74.0,40800.0,CNA6001,MACAS,9330903.0,7.6
2026-09-30T12:03:48.966214+00:00,413558710,FENG XIN DA 29,26.396781666666666,120.81749333333333,9.5,212.8,211,0,70.0,40080.0,BPKE9,PHMNS,1025174.0,8.4
2026-09-30T12:03:49.113186+00:00,538008283,THALIS,38.604434999999995,-9.644826666666667,12.0,278.6,278,0,70.0,49996.0,V7A2187,ROUEN,9616747.0,6.1
2026-09-30T12:03:49.741553+00:00,636022332,JASMINE LEADER,53.33448333333333,7.162310000000001,0.0,178.9,268,5,70.0,72595.0,5LIG8,DE BRV,9925368.0,8.5
2026-09-30T12:03:49.742212+00:00,563315700,INCE EREGLI,57.474336666666666,8.770396666666667,11.1,58.4,60,0,70.0,61132.0,9VMP3,RULED,1044039.0,7.3
2026-09-30T12:03:50.183784+00:00,209543000,THETIS D,50.196000000000005,-0.6376666666666666,15.0,74.0,74,0,72.0,41932.0,5BEU5,GBGRK,9372274.0,7.7
2026-09-30T12:03:50.864843+00:00,212205000,UBC SALERNO,51.896431666666665,4.29624,6.9,292.8,295,0,70.0,48652.0,5BPN6,NLRTM>FRURO,9652519.0,6.9
2026-09-30T12:03:50.865025+00:00,563184400,CL BANYAN,51.89240666666667,4.272773333333333,0.0,52.1,162,5,70.0,81141.0,9V8024,NL RTM,9936836.0,13.3
2026-09-30T12:03:50.865257+00:00,636093213,AS STINE,10.345271666666667,-75.92400333333333,1.6,218.0,112,0,70.0,45964.0,5LMJ8,COCTG,9825403.0,9.3
2026-09-30T12:03:50.866610+00:00,538006959,ERSOZ EAST,59.845614999999995,24.968216666666667,10.8,260.5,259,0,70.0,63043.0,V7TF9,RULED,9710531.0,7.0
2026-09-30T12:03:51.486723+00:00,368455440,Unknown,48.75720833333333,-122.49915333333334,0.0,360.0,511,15,,,Unknown,Unknown,,
2026-09-30T12:03:51.488136+00:00,525005285,TB.TRI KHARISMA 01,-1.2147366666666668,116.77464166666667,0.1,176.1,511,0,,,YDB4487,KALIORANG,9721607.0,1.8
2026-09-30T12:03:51.488339+00:00,525401239,Unknown,-1.2003549999999998,116.77925499999999,3.4,352.6,511,8,,,Unknown,Unknown,,
2026-09-30T12:03:51.911005+00:00,338058000,ARC INTEGRITY,27.81220666666667,-97.40228166666667,0.0,231.1,89,0,70.0,74419.0,KINQ,US SSI,9332949.0,9.0
2026-09-30T12:03:51.911109+00:00,538090726,CAPE AGULHAS,29.72601166666667,-95.265065,0.0,343.1,69,5,70.0,54988.0,V7B2672,USHOU,1096226.0,7.9
2026-09-30T12:03:52.244504+00:00,311038300,ADELIE,-35.31990833333334,118.723125,12.5,84.1,84,0,70.0,53568.0,C6YM9,AU MEL,9207807.0,9.1
2026-09-30T12:03:52.245344+00:00,636016436,MSC ZLATA R,10.437835,-75.72769166666667,18.8,184.0,183,0,71.0,96768.0,D5GE5,COCTG,9227314.0,12.0
2026-09-30T12:03:53.160662+00:00,636025754,BELUGA,-24.059085,-46.356905,6.5,27.7,22,0,70.0,74745.0,5LYZ6,SANTOS IN BRAZIL,9764037.0,8.9
2026-09-30T12:03:53.162015+00:00,538005936,SAGITTARIUS,65.00018333333334,25.403399999999998,0.0,0.0,288,5,70.0,43804.0,V7IF9,FI OUL,9550254.0,8.6
2026-09-30T12:03:53.162313+00:00,414643000,JIANG YUAN HANG ZHOU,-2.0116266666666665,104.94594166666667,0.0,143.6,85,1,70.0,60518.0,BPAJ5,TANJUNG KAMPEH,9638472.0,6.4
2026-09-30T12:03:55.520745+00:00,419002077,MP POSTPANAMAX 1,38.88799166666667,-76.42232166666666,0.0,311.6,236,1,70.0,91086.0,ATFS2,USBAL,9615171.0,7.3
2026-09-30T12:03:56.666898+00:00,368133380,Unknown,48.752140000000004,-122.48754833333334,0.0,316.1,511,15,,,Unknown,Unknown,,
2026-09-30T12:03:56.667301+00:00,538011814,ASTERIUS,43.193785000000005,27.91514833333333,0.1,244.3,334,5,70.0,48384.0,V7A3516,BGVAR,9810769.0,5.8
2026-09-30T12:03:57.276113+00:00,311000416,DOLE CARIBBEAN,32.64555333333333,-117.22595,10.0,183.3,188,0,70.0,54720.0,C6CA4,US SAN DIEGO,9703071.0,9.4
2026-09-30T12:03:57.276768+00:00,710006963,LOG-IN EVOLUTION,-9.869106666666665,-35.37897666666667,17.8,20.0,19,0,79.0,66864.0,PU8468,BRSUA,9961960.0,10.3
2026-09-30T12:03:57.276934+00:00,229296000,POL STELLA,43.317411666666665,5.35979,0.0,238.5,239,5,71.0,48172.0,9HA5323,TNRDS,9457165.0,5.8
2026-09-30T12:03:57.277133+00:00,710004636,LOGIN ENDURANCE,-3.1608783333333337,-59.991125000000004,0.1,234.0,324,0,71.0,69523.0,PU6073,BR - MANAUS,9571296.0,11.0
2026-09-30T12:03:57.277890+00:00,636093203,LAGO DI LEDRO,56.77645166666667,19.158775,11.9,207.6,207,0,70.0,52896.0,5LMF4,EETLL,9471654.0,6.7
2026-09-30T12:03:57.699376+00:00,353321000,GHALA,56.795001666666664,19.20725333333333,10.6,210.5,211,0,70.0,56217.0,3FFK6,RU ULU,9687069.0,6.5
2026-09-30T12:03:57.699487+00:00,311058500,SOLINA,51.921389999999995,3.565186666666667,0.0,129.8,80,1,70.0,43545.0,C6ZL4,NLRTM,9496252.0,7.0
2026-09-30T12:03:57.701041+00:00,311053400,PANTHER MAX,-20.295413333333332,-40.23292,0.0,122.9,58,5,70.0,74745.0,C6ZD8,BRPRM,9593402.0,14.5
2026-09-30T12:03:58.075949+00:00,657934000,Unknown,4.6903283333333325,7.158585,0.0,286.2,511,13,,,Unknown,Unknown,,
2026-09-30T12:03:58.077100+00:00,255915667,ELBINSEL,53.824981666666666,9.359715,17.5,146.0,147,0,70.0,44064.0,CQ2125,DEHAM VIA DENOK,9977426.0,9.3
2026-09-30T12:03:58.077973+00:00,563176800,WAN HAI 356,22.293499999999998,114.10084666666667,9.3,337.4,335,0,73.0,72828.0,9V7385,HK HKG,9554078.0,10.4
2026-09-30T12:03:58.557220+00:00,244050850,Unknown,-55.33331833333333,82.687865,67.1,133.0,129,0,,,Unknown,Unknown,,
2026-09-30T12:03:58.557835+00:00,636023817,CSPC TAURUS,37.93873333333333,-8.85837,0.0,108.4,127,5,70.0,82620.0,5LPO5,SINES,1051927.0,8.4
2026-09-30T12:03:58.911066+00:00,538006304,VICTORIA,51.87611833333334,3.5064216666666668,0.1,344.0,53,1,70.0,65280.0,V7LN2,NL RTM,9738466.0,13.4
2026-09-30T12:03:58.912002+00:00,271002571,SUMELA SEAWAYS,38.167881666666666,15.58984,15.2,193.3,193,0,71.0,59139.0,TCTD3,TRYLA,9356749.0,6.5
2026-09-30T12:03:59.258360+00:00,525005316,Unknown,-6.16195,110.29124,9.7,280.8,511,0,,,Unknown,Unknown,,
2026-09-30T12:03:59.259613+00:00,368095940,Unknown,48.757061666666665,-122.50633166666667,0.0,123.3,511,15,,,Unknown,Unknown,,
2026-09-30T12:03:59.471690+00:00,219034956,ODIN R,55.466339999999995,8.435806666666666,0.0,0.0,144,5,70.0,64512.0,OULV2,DK EBJ,9991379.0,5.2
2026-09-30T12:03:59.471873+00:00,255916591,ESPERANCE,53.623315000000005,5.394135,18.7,252.3,252,0,79.0,41932.0,CQ2840,NLRTM,9491484.0,10.2
2026-09-30T12:03:59.723575+00:00,255915662,PANDA 003,36.543438333333334,-9.193008333333333,8.8,106.8,103,0,70.0,42432.0,CQ2120,ESCAD,9968891.0,7.5
2026-09-30T12:03:59.723794+00:00,256434000,SLAVYANKA,48.40781333333334,-89.18688833333334,0.9,184.7,178,0,70.0,43545.0,9HA5837,CA THU,9937309.0,6.8
2026-09-30T12:03:59.724113+00:00,226010780,AMAZONE,49.427195,0.864445,0.0,32.0,511,0,79.0,,FM6182,BOUAFLES,,2.4
2026-09-30T12:03:59.724323+00:00,247453500,ECO SALERNO,45.63076,13.775996666666666,0.0,149.0,245,5,71.0,82538.0,ICPB,TRAMB>ITTRS,9985538.0,6.7
2026-09-30T12:03:59.725393+00:00,564895000,CRIMSON KINGDOM,51.41160166666667,2.642996666666667,0.1,36.5,39,1,70.0,81396.0,9V3468,BE GNE,9748033.0,14.4
2026-09-30T12:03:59.726040+00:00,636019661,MOSEL ACE,51.25304666666667,4.354380000000001,0.0,0.0,237,5,70.0,52377.0,D5VN7,BEANR,9177052.0,7.0
2026-09-30T12:03:59.949109+00:00,657132800,Unknown,4.695378333333333,7.162255,0.6,308.3,57,8,,,Unknown,Unknown,,
2026-09-30T12:04:00.208967+00:00,538009101,FUAT BEY,-33.87233166666667,18.304621666666666,0.8,160.8,188,0,70.0,51552.0,V7A4315,ES LPA,9663817.0,10.1
2026-09-30T12:04:00.431714+00:00,538006707,JAG ANJALI,46.04011666666667,-124.421935,5.7,52.4,54,0,70.0,74745.0,V7QK4,USVAN,9723136.0,7.4
2026-09-30T12:04:00.432245+00:00,352003382,OSCAR,59.82514833333333,25.502125,0.1,212.4,51,1,70.0,51840.0,3E7535,RUULU,9545510.0,7.5
2026-09-30T12:04:00.636049+00:00,416002927,YU LIN NO 6,25.396681666666666,121.99122000000001,11.7,236.5,511,15,,,SSD,@@@@@@@@@@,,
2026-09-30T12:04:00.636529+00:00,477885100,SITC SHUNDE,35.58754666666667,139.801205,0.1,286.4,306,5,71.0,46233.0,VRVG2,JP TYO CW,9940239.0,8.9
2026-09-30T12:04:00.636626+00:00,277574000,ACACIA SEAWAYS,51.89533166666667,2.9841433333333334,17.1,86.9,84,0,71.0,55692.0,LYBX,GB FXT <-> NL VLA,9809112.0,6.4
2026-09-30T12:04:00.636991+00:00,262007000,BAR      :,51.497656666666664,-2.7183133333333336,0.0,243.7,315,5,70.0,51840.0,4OCS,BRISTOL,9693496.0,10.0
2026-09-30T12:04:00.637819+00:00,636015791,MARIA S,26.638938333333332,121.49673666666666,10.9,40.3,42,0,70.0,73440.0,D5CW2,SG SIN PEBGC,9642368.0,14.0
2026-09-30T12:04:00.638112+00:00,229699000,CMA CGM SYDNEY,39.43134666666666,-0.314335,0.0,214.3,25,0,79.0,91238.0,9HA5567,MTMLA>ESVLC,9315953.0,10.1
2026-09-30T12:04:00.793085+00:00,244710057,KOOPHANDEL,52.20559333333333,4.406601666666666,0.0,360.0,511,15,,,PB8354,BRUINISSE,,
2026-09-30T12:04:00.793270+00:00,367336730,Unknown,48.75546,-122.50449499999999,0.0,133.3,511,15,,,Unknown,Unknown,,
2026-09-30T12:04:00.793441+00:00,255804790,Unknown,-22.892025,-43.191336666666665,0.1,89.2,91,0,,,Unknown,Unknown,,
2026-09-30T12:04:00.793621+00:00,212006000,JUDITH,59.79150666666667,24.457015000000002,12.2,256.2,255,0,71.0,40800.0,5BKY2,DEHAM,9359260.0,9.2
2026-09-30T12:04:00.793720+00:00,354701000,ALAMO,-33.32241333333334,151.997555,2.7,184.7,129,0,70.0,54163.0,3EXZ4,AU BNE> AU NTL,9851335.0,6.1
2026-09-30T12:04:01.007557+00:00,413326330,Unknown,27.160645,121.03974666666666,9.5,35.8,40,0,,,Unknown,Unknown,,
2026-09-30T12:04:01.007768+00:00,563310500,SHAKESPEARE BAY,34.18479166666667,-77.956525,0.0,149.3,3,5,70.0,48720.0,9V9202,USILM,9542661.0,10.4
2026-09-30T12:04:01.008810+00:00,366563000,MAHIMAHI,37.79338666666667,-122.30024333333334,0.0,24.5,272,5,70.0,90547.0,WHRN,USOAK,7907996.0,9.3
2026-09-30T12:04:01.009815+00:00,352001358,NORD AQUARIUS,53.48831499999999,9.954591666666666,0.0,263.1,334,5,70.0,74745.0,3E2118,DEHAM,9941398.0,7.8
2026-09-30T12:04:01.164055+00:00,338145000,ARC DEFENDER,53.56704666666667,8.562328333333333,0.0,6.1,15,0,70.0,65280.0,WDM6793,USBAL>DEBRV,9375264.0,9.5
2026-09-30T12:04:01.164729+00:00,314800000,AK KARAM,56.08192,17.986146666666667,11.1,239.0,240,0,70.0,44064.0,8PTO2,DKSKA,9276731.0,10.0
2026-09-30T12:04:01.164836+00:00,261182698,ONDERNEMING,52.48928,13.483123333333333,0.0,337.8,511,15,,,SR2698,BERLIN RUMESBURG,,
2026-09-30T12:04:01.165235+00:00,316013980,RADCLIFFE R LATIMER,43.872150000000005,-78.68550333333333,0.0,273.7,64,5,70.0,55080.0,VCPK,BOWMANVILLE,7711725.0,8.1
2026-09-30T12:04:01.165897+00:00,366999510,VISE,27.761938333333333,-82.62827,0.0,195.9,88,0,,,Unknown,Unknown,,
2026-09-30T12:04:01.606795+00:00,525000028,Unknown,-1.258785,117.03744833333333,4.6,240.4,511,0,,,Unknown,Unknown,,
2026-09-30T12:04:01.607022+00:00,525011051,TB. PATRA TUNDA 3001,-1.35273,116.98623500000001,0.3,254.0,511,0,,,YHBN,Unknown,8892356.0,3.6
2026-09-30T12:04:01.607764+00:00,241075000,MAGDA P,55.940353333333334,12.713831666666666,12.8,147.7,148,0,70.0,60192.0,SVBE4,RU LED,9476692.0,6.3
2026-09-30T12:04:02.037002+00:00,563040700,ULTRALAZ,48.172423333333334,-125.54427666666668,12.8,60.0,54,0,70.0,65280.0,9V3208,CN NSA,9781085.0,12.2
2026-09-30T12:04:02.038176+00:00,247383700,ECO CATANIA,38.22059,21.642525,13.2,93.1,92,0,74.0,82538.0,IBZR,GRGPA>ITBRI,9859571.0,6.9
2026-09-30T12:04:02.038641+00:00,245897000,PLYCA,59.739465,23.060193333333334,16.2,140.4,140,0,71.0,54366.0,PBNN,DELBC,9345398.0,7.0
2026-09-30T12:04:02.433143+00:00,636020454,MSC ERMINIA III,39.43506333333333,-0.32976,0.0,186.6,112,0,70.0,62413.0,A8DM9,MACAS=>ESVLC,9246346.0,8.8
2026-09-30T12:04:03.662589+00:00,352929000,OREGON HIGHWAY,51.27519333333333,-4.241006666666666,7.9,64.0,68,0,70.0,61132.0,3ENO7,GB BRS,9381665.0,8.7
2026-09-30T12:04:04.269553+00:00,413228580,Unknown,26.517356666666668,120.49265999999999,10.7,34.1,35,0,,,Unknown,Unknown,,
2026-09-30T12:04:04.270664+00:00,209766000,ALTUS,35.60637333333333,140.08270166666668,0.0,283.0,319,5,70.0,62409.0,5BJY5,CHIBA,9650169.0,11.9
2026-09-30T12:04:04.271284+00:00,366557000,MATSON ANCHORAGE,47.26746833333333,-122.41601,0.0,150.0,138,5,70.0,52876.0,KGTX,ANCHORAGE,8419142.0,9.0
2026-09-30T12:04:04.271416+00:00,720915000,IB PARAGUAY,-32.547353333333334,-60.79607,0.1,360.0,511,5,70.0,,CPY3020,ASUNCION,,2.7
2026-09-30T12:04:05.130839+00:00,265697950,PIRAYA 12,56.157675000000005,15.572185,0.0,360.0,511,15,,,Unknown,Unknown,,
2026-09-30T12:04:05.132169+00:00,367640280,Unknown,48.75655,-122.50621500000001,0.0,192.4,511,15,,,Unknown,Unknown,,
2026-09-30T12:04:06.055433+00:00,657350000,Unknown,4.700616666666666,7.157558333333333,0.0,360.0,511,2,,,Unknown,Unknown,,
2026-09-30T12:04:06.725991+00:00,354123000,AQUARIUS ACE,49.47209,0.20939,0.0,115.7,99,5,70.0,48720.0,3FHB8,GBTYN,9150339.0,6.4
2026-09-30T12:04:06.726830+00:00,311055400,SZCZECIN,49.39115833333334,1.0115916666666667,0.0,132.5,186,5,70.0,51072.0,C6ZH3,FRURO,9594224.0,6.1
2026-09-30T12:04:07.429224+00:00,215672000,MALYOVITSA,51.15127666666667,1.7330016666666666,7.1,35.5,35,0,70.0,58368.0,9HA5238,SE GOT,9835795.0,6.8
2026-09-30T12:04:07.429553+00:00,657189900,Unknown,4.694565,7.1696550000000006,0.0,73.4,291,5,,,Unknown,Unknown,,
2026-09-30T12:04:08.117881+00:00,440342000,JAKARTA VOYAGER,27.081183333333335,122.79536666666667,19.4,179.0,178,0,71.0,61132.0,D7JE,HKHKG,9532288.0,11.2
2026-09-30T12:04:08.118068+00:00,538004093,PELLA,48.47675166666667,-125.61747833333334,9.2,94.6,94,0,70.0,74745.0,V7VD4,USKAM,9510321.0,6.7
2026-09-30T12:04:08.118397+00:00,352002095,DAFENGGANGLIMINGHAO,1.20371,103.86517333333333,11.8,239.4,241,0,70.0,43814.0,3E3777,FUJAIRAH,9188790.0,8.5
2026-09-30T12:04:08.118558+00:00,636090971,MONTPELLIER,37.87057166666667,23.576348333333332,1.5,278.7,330,0,71.0,67932.0,A8IG2,GRPIR,9314973.0,9.7
2026-09-30T12:04:08.119033+00:00,477769400,YUSHEN,25.040218333333332,120.94288833333333,11.0,216.0,214,0,70.0,44582.0,VROS5,TXG TW,9140530.0,9.5
2026-09-30T12:04:08.119501+00:00,354408000,NORD DUBAI,53.407235,14.606643333333333,1.0,316.9,175,0,70.0,49833.0,3FTP2,PL SZZ,9894612.0,8.5
2026-09-30T12:04:08.362197+00:00,636026486,TOP FAIR,-1.5250766666666666,-48.78096333333334,0.1,137.6,162,1,70.0,60192.0,A8WT7,BR VDC,9574846.0,7.3
2026-09-30T12:04:08.362609+00:00,256214000,CMA CGM CONSTANZA,47.280456666666666,-3.88475,15.9,111.8,111,0,71.0,93376.0,9HA5745,FRMTX,9471202.0,10.4
2026-09-30T12:04:09.116959+00:00,636022810,LODESTAR DE MAR,53.78421,4.9558816666666665,13.2,20.3,21,0,79.0,44064.0,5LKO5,ESCAS,9449792.0,10.2
2026-09-30T12:04:09.698771+00:00,657319700,Unknown,4.683548333333333,7.1567783333333335,0.0,264.2,11,8,,,Unknown,Unknown,,
2026-09-30T12:04:09.699425+00:00,563181000,RACHA BHUM,13.09493,80.30173333333333,0.0,221.1,202,5,70.0,68870.0,9VNL9,INVTZ,9236561.0,12.5
2026-09-30T12:04:09.699745+00:00,525110465,TB CAHAYA ATLANTIC 7,-2.0399233333333333,105.09738,0.0,192.1,511,15,,,YDD3548,Unknown,1160285.0,
2026-09-30T12:04:09.700596+00:00,636018191,MSC PORTO III,45.58228333333333,13.653245,11.6,340.0,339,0,73.0,63648.0,A8IY9,SIKOP,9299020.0,8.2
2026-09-30T12:04:10.111103+00:00,367717120,MASTER DAULTON,27.929001666666668,-82.427315,0.0,35.9,511,15,,,WDI6286,Unknown,,
2026-09-30T12:04:10.111697+00:00,256547000,STANLEY A,41.18117666666667,2.4726183333333336,0.6,56.1,120,0,71.0,67932.0,9HA3946,TRAMR,9303807.0,10.3
2026-09-30T12:04:10.112983+00:00,538010328,VENTURE,54.60245333333333,11.020843333333334,11.5,279.0,280,4,70.0,61132.0,V7A5898,CN XMG,9714721.0,13.3
2026-09-30T12:04:10.770659+00:00,563295000,CEMTEX FORTUNE,-19.219258333333336,147.57368499999998,11.1,312.8,314,0,70.0,83721.0,9V3578,SINGAPORE PEBGB,9727106.0,11.7
2026-09-30T12:04:10.771407+00:00,477664500,EVER OCEAN,-6.097078333333333,106.88910833333333,0.0,259.0,93,5,74.0,59904.0,VRTV9,SGSGP-IDDKT,9872389.0,9.2
2026-09-30T12:04:11.252821+00:00,211162610,PRINCESS,53.53945,9.951316666666665,6.2,339.9,511,0,,,DF4518,@@@@@@@@@C?ZO>4_?;Q<,,
2026-09-30T12:04:11.254245+00:00,538012866,SAKIZAYA KALON,50.04389833333333,-1.6225616666666667,11.9,76.1,77,0,70.0,74745.0,V7B3423,DECUX,9749908.0,12.0
2026-09-30T12:04:11.254386+00:00,477244100,XIN HAI TONG 22,50.31196166666667,-0.07990166666666668,13.8,76.1,77,0,70.0,58368.0,VRSI9,ST PETERSBURG,9453250.0,6.5
2026-09-30T12:04:11.254816+00:00,636015891,AFRICAN HHB,57.05726333333334,11.725988333333333,10.2,345.2,344,0,70.0,45360.0,D5DI8,ES LPA,9666429.0,8.8
2026-09-30T12:04:11.910105+00:00,636023332,THOR HIGHWAY,51.296821666666666,3.241156666666667,0.0,11.3,334,5,70.0,72595.0,5LNE6,ZEEBRUGGE,9948164.0,9.3
2026-09-30T12:04:11.911030+00:00,230697000,FINNECO II,60.216499999999996,25.190726666666666,0.0,64.5,140,5,71.0,84966.0,OJTP,FIKTK,9856842.0,6.5
2026-09-30T12:04:11.911159+00:00,356167000,MSC ELEONORA III,45.630160000000004,13.765063333333334,0.0,346.4,250,5,71.0,64188.0,HPVY,TRIESTE,9064750.0,8.6
2026-09-30T12:04:13.226278+00:00,255916486,ELBSPRING,53.894415,9.146821666666666,0.0,209.1,227,0,73.0,43804.0,CQ2755,DEBRV VIA NOK,9462794.0,9.3
2026-09-30T12:04:13.226603+00:00,373148000,M.V.SIDER MADEIRA,35.19745,-7.0664283333333335,11.1,220.4,224,0,70.0,67320.0,3FTQ6,EGSUZ,9853620.0,7.1
2026-09-30T12:04:13.227224+00:00,636018535,BULK JAMAICA,39.932561666666665,-75.132785,0.0,169.3,6,5,70.0,65280.0,D5QD5,US CDE,9792450.0,12.2
2026-09-30T12:04:13.518073+00:00,232018048,BERGE GALDHOPIGGEN,57.150009999999995,11.906873333333333,12.2,161.7,162,0,70.0,55296.0,MDWB4,KARMOY NORWAY,9753284.0,10.7
2026-09-30T12:04:13.518416+00:00,538007353,FEDERAL KATSURA,55.89868333333333,17.164466666666666,12.5,253.0,252,0,70.0,43776.0,V7JT5,GDANSK POLAND,9293923.0,7.3
2026-09-30T12:04:13.869760+00:00,310760000,QUEBEC EXPRESS,53.54250833333333,9.870341666666667,6.5,97.8,97,0,70.0,92966.0,ZCEU7,DEHAM.,9294836.0,8.8
2026-09-30T12:04:13.870537+00:00,215148000,CMA CGM AMBER,35.89848833333333,-5.493906666666667,3.9,209.5,211,0,71.0,97113.0,9HA4980,SGSIN>CNNSA,9350381.0,13.2
2026-09-30T12:04:13.870885+00:00,352212000,ROYAL KALEIDO,50.771075,1.3855083333333333,13.0,13.6,12,0,70.0,74745.0,3FNI9,SELLA,9851505.0,14.3
2026-09-30T12:04:13.871063+00:00,255916277,CAPE SERRAT,-35.344831666666664,151.11336333333333,16.7,197.4,199,0,70.0,59875.0,CQ2706,AUMEL,9950143.0,9.5
2026-09-30T12:04:14.195342+00:00,354214000,ANTAKYA_M,36.264035,-7.993248333333333,11.6,100.4,104,0,70.0,58368.0,3FXB3,EG PSD,9302803.0,12.2
2026-09-30T12:04:14.195596+00:00,636025764,QUEEN B III,27.630778333333335,-82.56401333333334,1.9,343.8,348,0,79.0,48115.0,5LZA9,MXTUX,9333369.0,9.2
2026-09-30T12:04:14.196657+00:00,636019682,CASTOR,53.43127166666667,14.583955,0.0,311.1,194,5,79.0,73440.0,D5OO8,PL SZZ,9370197.0,8.7
2026-09-30T12:04:14.473789+00:00,413494710,TIAN YOU,59.44023666666667,21.467963333333334,12.5,289.1,288,0,70.0,51072.0,BOKI,GAVLE,9823625.0,7.6
2026-09-30T12:04:14.475004+00:00,259895000,TIRRANNA,38.964655,-75.12183,15.5,156.5,157,0,70.0,77356.0,LAFU7,JP YOK,9377523.0,8.6
2026-09-30T12:04:14.475430+00:00,538008683,LOUISA BOLTEN,50.37399833333333,-0.2739533333333333,10.2,238.4,240,0,70.0,48115.0,V7A2655,FRURO,9406049.0,6.4
2026-09-30T12:04:14.677459+00:00,636015536,ANDROS VIEW,-29.709743333333332,31.19544833333333,0.0,356.2,135,1,70.0,88760.0,D5BJ8,ZADUR,9548237.0,8.6
2026-09-30T12:04:14.677818+00:00,636017305,KEN MOONYS,22.083633333333335,114.428895,12.1,107.2,109,0,70.0,49833.0,D5KG8,AU TSV,9748382.0,6.9
2026-09-30T12:04:14.678606+00:00,477035500,TCLC QUANZHOU,-34.65835666666667,18.487466666666666,10.9,304.7,305,0,70.0,61132.0,VRQS8,MXLZC,9780615.0,11.7
2026-09-30T12:04:14.679039+00:00,636021246,MSC PAMIRA III,37.62085666666667,15.396081666666667,9.0,195.1,192,0,71.0,64872.0,5LCZ6,AUGUSTA,9239903.0,11.0
2026-09-30T12:04:15.200747+00:00,477991869,Unknown,22.291578333333334,114.02561833333333,0.0,360.0,9,15,,,Unknown,Unknown,,
2026-09-30T12:04:15.201258+00:00,373556000,LUFFY,57.238553333333336,11.831201666666667,11.1,136.6,137,0,70.0,58368.0,3EZZ9,RU ULU,9609249.0,6.6
2026-09-30T12:04:15.549698+00:00,246091000,LONGSTONE,51.481316666666665,1.2949666666666666,17.7,93.8,97,0,71.0,55426.0,PDRG,BEZEE <-> GBTIL,9848479.0,6.9
2026-09-30T12:04:15.550894+00:00,372924000,INLACO HARMONY,-26.675801666666665,153.21975666666668,11.2,51.4,52,0,70.0,47577.0,3FRR3,AU TSV,9658795.0,5.7
2026-09-30T12:04:15.552005+00:00,311259000,CEDAR ARROW,37.471554999999995,126.60900166666667,0.0,231.2,341,5,70.0,56544.0,C6RZ7,KR INC,9232802.0,6.6
2026-09-30T12:04:15.890209+00:00,477083800,MAERSK CHAMBAL,-22.904575,-43.148315000000004,12.0,160.2,160,0,71.0,93972.0,VRJT5,COCTG>BRSSZ,9525376.0,11.6
2026-09-30T12:04:15.890345+00:00,538005431,PALAIS,59.709833333333336,23.86637,10.5,253.9,254,0,70.0,73440.0,V7DT8,RU ULU,9646649.0,7.2
2026-09-30T12:04:15.891764+00:00,636019972,KIRSTEN OLDENDORFF,56.00236666666667,17.964845,14.7,61.7,62,0,70.0,74745.0,D5XA9,RU ULU,9863091.0,7.3
2026-09-30T12:04:16.281876+00:00,636015701,CHRYSANTHI S,59.82107166666666,25.934095,0.1,290.7,36,1,70.0,74745.0,D5CH5,RU VYS,9527441.0,6.6
2026-09-30T12:04:16.485398+00:00,269023000,AVENTICUM,54.319851666666665,-130.34069333333335,0.1,320.9,232,1,70.0,58368.0,HBLI,CAPRR,9493963.0,8.1
2026-09-30T12:04:16.486460+00:00,244050206,PRIVILEGE,51.82279833333334,4.745431666666667,7.7,275.1,270,0,79.0,43776.0,PD6559,ROTTERDAM DINTELHAVE,,1.4
2026-09-30T12:04:16.486589+00:00,440111000,SM TIANJIN,47.58006666666667,-122.34593333333333,0.0,14.0,180,5,74.0,89856.0,D7DG,USSEA,9464704.0,10.4
2026-09-30T12:04:16.486884+00:00,257527000,SAGA IKEBANA,55.088899999999995,14.097156666666667,11.9,225.0,221,0,70.0,59222.0,LAJK8,KARLSHAMN,9186209.0,9.0
2026-09-30T12:04:16.712746+00:00,538002629,BAOSHAN SUCCESS,36.167485000000006,-7.602948333333333,10.5,105.4,106,0,70.0,74745.0,V7KJ8,EG PSD,9361225.0,14.1
2026-09-30T12:04:16.712846+00:00,366904910,KAYE E BARKER,42.05795333333333,-83.13376,10.6,5.3,5,0,70.0,48837.0,WCF3012,MARQUETTE,5097450.0,7.0
2026-09-30T12:04:16.846789+00:00,219281000,HUMBRIA SEAWAYS,51.11538666666667,3.7570633333333334,0.0,244.8,335,0,79.0,82538.0,OXOC2,SEGOT,9832597.0,6.5
2026-09-30T12:04:16.846983+00:00,368926266,US GOV VESSEL,32.710633333333334,-117.5506,4.8,87.4,511,0,,,Unknown,Unknown,,
2026-09-30T12:04:16.848055+00:00,636023215,WEALTH CERES,55.3943,14.531933333333335,10.8,216.0,217,0,70.0,84088.0,5LMP6,ST.PETERSBURG,9469053.0,10.6
2026-09-30T12:04:16.848443+00:00,211517420,KURT,54.17337,12.10831,0.0,162.3,511,15,,,DGOA2,@@@@@@@,,
2026-09-30T12:04:17.088236+00:00,311001645,UNITY TRITON,35.78769,-7.269265,1.7,144.6,187,0,70.0,65280.0,C6IE2,US PME,9764104.0,11.6
2026-09-30T12:04:17.510495+00:00,356639000,COOL EAGLE,56.28952833333334,18.564664999999998,18.8,236.4,235,0,70.0,54720.0,H9PJ,>PACTB,9889801.0,8.4
2026-09-30T12:04:17.833281+00:00,636015646,EM KEA,54.377714999999995,18.655224999999998,0.0,343.9,202,5,70.0,74052.0,A8NN6,PLGDN,9334351.0,8.3
2026-09-30T12:04:17.834453+00:00,563205700,WAN HAI 368,22.038888333333333,114.088065,5.4,307.2,328,0,70.0,72471.0,9V7853,HKHKG,9954474.0,10.8
2026-09-30T12:04:18.345904+00:00,636091030,HELLE RITSCHER,51.87969666666667,4.398045,0.0,82.9,83,5,71.0,44428.0,A8IS6,GBTEE,9333371.0,9.5
2026-09-30T12:04:18.346204+00:00,249418000,S.SELIM,49.17251666666667,-123.90187333333333,0.0,56.6,352,1,70.0,65280.0,9HA6254,VANCOUVER BC,9774329.0,11.6
2026-09-30T12:04:18.712158+00:00,422000124,FLEXI 2,59.857033333333334,25.05430833333333,10.9,259.9,259,0,79.0,64566.0,EPA6447,SUEZ CANAL,9246322.0,10.2
2026-09-30T12:04:18.868677+00:00,636025604,SEA LIONS,41.647685,41.65181833333334,0.0,226.9,259,5,70.0,47577.0,5LYG5,GEBUS,9370147.0,10.3
2026-09-30T12:04:18.869097+00:00,667002375,GOLDEN MALAK,49.43936833333333,0.8093016666666667,12.8,223.4,227,0,70.0,44179.0,9LS2078,FRURO,9578995.0,6.2
2026-09-30T12:04:19.341169+00:00,248189000,DELPHINE,51.34346,3.2196700000000003,0.0,349.3,257,5,70.0,83538.0,9HA4553,GBKGH HST NO.3,9789245.0,7.2
2026-09-30T12:04:19.341508+00:00,636025286,LITTLE SYMPHONY,10.404781666666667,-75.53299333333332,0.0,49.0,211,5,71.0,47884.0,5LWR6,COBAQ,9944730.0,7.8
2026-09-30T12:04:19.666253+00:00,413530180,Unknown,26.693433333333335,120.66269333333334,12.0,37.0,38,0,,,Unknown,Unknown,,
2026-09-30T12:04:19.666430+00:00,255805360,NORDIC LUEBECK,53.518800000000006,9.943299999999999,0.0,282.0,282,5,70.0,51552.0,CQLU,DE HAM,9607459.0,10.1
2026-09-30T12:04:20.066878+00:00,308687000,CASTORO 10,51.903299999999994,4.392433333333333,0.0,41.3,292,5,70.0,42210.0,C6DD9,SCHIEDAM,7503166.0,4.5
2026-09-30T12:04:20.460684+00:00,352005225,VIET THUAN 56-06,-2.137983333333333,104.9757,0.1,127.0,123,0,70.0,58368.0,3E8373,TANJUNG_KAMPEH_INDO,9278820.0,6.5
2026-09-30T12:04:20.461514+00:00,477987800,CA MANILA,22.321785,114.10275333333334,7.0,255.2,250,0,71.0,44889.0,VRWF4,CN SHK,9987598.0,8.9
2026-09-30T12:04:20.462188+00:00,338217000,LIBERTY GLORY,26.07457,-80.122005,0.0,269.3,89,5,70.0,58368.0,WADP,USPEF,9228136.0,6.5
2026-09-30T12:04:20.462377+00:00,477066200,UNI PHOENIX,49.01764166666667,-123.75604333333334,0.1,147.4,275,1,70.0,51552.0,VROH4,CA VAN,9727285.0,6.5
2026-09-30T12:04:20.826468+00:00,314537000,NORD VIND,51.369725,4.1251050000000005,12.4,79.4,75,0,70.0,43804.0,8PAZ2,BE ANR,9573921.0,8.5
2026-09-30T12:04:20.827947+00:00,228480800,DURANDE,51.37494,4.142871666666667,12.6,247.4,248,0,71.0,44582.0,FNYS,FRLEH,1025540.0,10.1
2026-09-30T12:04:21.053174+00:00,538009011,ANQIFENG,36.06536666666667,-5.16385,0.8,349.0,120,0,70.0,58368.0,V7A4195,DJENDJEN,9519315.0,9.5
2026-09-30T12:04:21.054404+00:00,352898762,COSMO GLORIA,-37.65661,176.18166333333332,0.0,258.8,189,0,70.0,51840.0,3E2047,NZ TRG,9898993.0,8.0
2026-09-30T12:04:21.055176+00:00,352006095,NORD DELTA,37.919491666666666,-122.36708333333333,0.0,347.6,130,5,70.0,65280.0,3E8557,MX ESE>US SFO,1028205.0,6.9
2026-09-30T12:04:21.279923+00:00,255915663,PANDA 004,51.25230666666666,4.355101666666667,0.0,234.9,57,5,70.0,44064.0,CQ2121,BE ANR,9968906.0,7.2
2026-09-30T12:04:21.280441+00:00,538005605,XIN HAI TONG 809,51.36319,2.583988333333333,5.8,88.0,90,0,70.0,73440.0,V7FJ8,NL VLI,9669342.0,7.5
2026-09-30T12:04:21.484570+00:00,636090971,MONTPELLIER,37.87059166666666,23.57623,1.6,281.3,332,0,71.0,67932.0,A8IG2,GRPIR,9314973.0,9.7
2026-09-30T12:04:21.485042+00:00,563314500,GENERAL GUISAN,57.890985,18.202859999999998,12.3,29.9,30,0,70.0,60518.0,9V3077,FIUKI,9888027.0,7.0
2026-09-30T12:04:21.485766+00:00,255917339,LEGIONY POLSKIE,35.990003333333334,-5.394715000000001,4.5,323.7,289,0,70.0,51840.0,CQ2968,MA PTM,9708045.0,10.5
2026-09-30T12:04:21.485890+00:00,538012071,ESTRELLA,-33.84441833333333,18.206763333333335,1.1,45.3,90,0,70.0,61132.0,V7A3926,ZA CPT,9767766.0,6.6
2026-09-30T12:04:21.933666+00:00,563016700,ASIAN PROMINENCE,-23.851891666666667,151.31232166666666,0.0,140.3,81,5,70.0,65280.0,9V3660,AU GLT,9725017.0,6.9
2026-09-30T12:04:21.935045+00:00,538011907,ACHILLES,48.979283333333335,-123.78504,0.0,197.6,326,1,70.0,61132.0,V7A3644,CAVAN,1049168.0,8.7
2026-09-30T12:04:22.118038+00:00,416032000,EVER BASIS,22.328995000000003,114.12964166666667,0.0,71.9,73,5,74.0,71359.0,BKLG,HKHKG > TWTPE,9786968.0,11.1
2026-09-30T12:04:22.310166+00:00,257683700,BLOKALLEN,62.57442666666667,7.125616666666667,0.0,360.0,511,5,70.0,,LG9140,Unknown,,
2026-09-30T12:04:22.310937+00:00,235109009,EXTERMINATOR,51.50763166666666,-0.07989666666666667,0.1,97.2,511,0,,,2IEE9,Unknown,,1.0
2026-09-30T12:04:22.651271+00:00,636024484,SANTA MARTA EXPRESS,10.306611666666667,-75.55950333333334,0.0,265.0,346,1,79.0,64260.0,5LSV4,COCTG,9446104.0,7.3
2026-09-30T12:04:23.118949+00:00,538009438,GENCO ENTERPRISE,28.58427,-121.49824333333332,11.4,169.7,166,0,70.0,65280.0,V7A4743,US PDX,9707699.0,8.9
2026-09-30T12:04:23.119261+00:00,265054210,LIVE FIRING EXERCISE,55.76499166666667,14.19631,0.0,49.9,511,15,,,Unknown,Unknown,,
2026-09-30T12:04:23.120594+00:00,244740685,MARPIE,51.804155,4.634681666666666,0.0,0.0,511,0,79.0,,PF7380,@@H,,
2026-09-30T12:04:23.120933+00:00,701006703,Unknown,-38.045986666666664,-57.53172666666667,0.0,123.4,511,0,,,Unknown,Unknown,,
2026-09-30T12:04:23.152333+00:00,538009312,BUBBA BOOSH,45.348346666666664,12.485168333333332,0.0,235.0,42,1,70.0,58060.0,V7A4576,IT PMA,9674218.0,11.5
2026-09-30T12:04:23.153617+00:00,255806448,MSC BASEL V,39.86452333333333,-73.84716666666667,17.0,182.5,182,0,70.0,90201.0,CQEP5,USNYC,9360764.0,11.7
2026-09-30T12:04:23.153717+00:00,636027072,MSC NAGOYA V,22.329316666666667,114.11638333333333,0.0,252.0,41,5,70.0,89856.0,D5FU9,ZADUR>HKHKG,9380271.0,12.7
2026-09-30T12:04:23.358478+00:00,265083750,Unknown,58.94960666666667,18.263896666666668,0.0,0.0,511,15,,,Unknown,Unknown,,
2026-09-30T12:04:23.359242+00:00,256700000,CMA CGM MONACO,47.25843666666666,-122.38242333333332,0.0,17.0,132,5,70.0,72595.0,9HA5941,USTIW,9946075.0,9.0
2026-09-30T12:04:23.359784+00:00,636016437,MSC VIDISHA R.,37.18856666666667,-1.1080983333333334,17.6,225.3,225,0,74.0,97113.0,A8IY4,VALENCIA,9227326.0,10.8
2026-09-30T12:04:23.579639+00:00,701006390,Unknown,-38.04892666666667,-57.53587666666667,0.0,359.5,345,11,,,Unknown,Unknown,,
2026-09-30T12:04:23.580265+00:00,244750257,RAPIDE STONE 1,51.24034833333334,4.34426,7.4,124.8,511,0,79.0,,PE2166,Unknown,,
2026-09-30T12:04:23.581025+00:00,563239300,ADMIRAL QUEEN,39.42854,-27.473265,12.0,272.8,271,0,70.0,74745.0,9V9378,NEW ORLEANS,9970258.0,13.6
2026-09-30T12:04:23.581223+00:00,211516370,HAFENMUSIK,53.22626,7.45172,0.0,110.7,511,13,,,DA7318,8,,
2026-09-30T12:04:23.723754+00:00,538008902,FEDERAL RUHR,46.49890666666667,-84.39529999999999,4.8,71.5,73,0,70.0,48960.0,V7GT6,CATHU-->CAMTR,9766176.0,7.9
2026-09-30T12:04:23.724301+00:00,701000517,Unknown,-38.04524,-57.53789833333334,0.0,0.0,511,1,,,Unknown,Unknown,,
2026-09-30T12:04:23.724453+00:00,563106200,ARAUCARIA,55.64050666666667,10.789006666666667,12.6,347.1,354,0,79.0,51840.0,9V6732,SE GOT,9882994.0,10.1
2026-09-30T12:04:23.724812+00:00,440002170,SEVEN STAR,37.47503166666667,126.60728999999999,0.1,357.9,511,0,,,101 S S,INCHEON,32750.0,3.4
2026-09-30T12:04:23.725832+00:00,368369970,Unknown,48.755755,-122.50341166666666,0.0,360.0,511,15,,,Unknown,Unknown,,
2026-09-30T12:04:23.726078+00:00,357777000,BUENA VENTURA,49.29746,-123.013445,0.0,201.6,267,5,70.0,68217.0,3EEN,CAVAN,9687215.0,9.9
2026-09-30T12:04:23.726327+00:00,244850128,Unknown,51.458715,6.174031666666666,2.9,129.4,511,3,,,Unknown,Unknown,,
2026-09-30T12:04:24.062699+00:00,249671000,VESPERTINE,53.543503333333334,-3.380935,16.7,284.3,282,0,79.0,48921.0,9HA4331,IEDUB,9376713.0,6.4
2026-09-30T12:04:24.063579+00:00,416438000,KANWAY GLOBAL,22.34671666666667,114.00420000000001,14.8,267.5,268,0,70.0,51878.0,BLEP,CNSHK,9167461.0,6.7
2026-09-30T12:04:24.063699+00:00,366670000,CAPE DOUGLAS,32.850303333333336,-79.94021666666666,0.0,0.0,511,5,70.0,63342.0,WMHL,CHARLESTON,7228089.0,6.0
2026-09-30T12:04:24.064451+00:00,244700375,RIVIERA,51.807255000000005,4.647881666666667,0.0,318.7,37,5,79.0,43776.0,PE6186,SCHWELGERN,,1.9
2026-09-30T12:04:24.064505+00:00,244630391,PRESENT,51.81166333333333,4.655553333333333,0.1,280.0,511,0,,,PD3635,LIER,,2.4
2026-09-30T12:04:24.064664+00:00,244002195,THREANT,51.811058333333335,4.87269,2.3,224.6,511,0,79.0,42163.0,PG6447,HOEK VAN HOLLAND DI,,3.4
2026-09-30T12:04:24.177283+00:00,525123454,KT.SELAT LEGUNDI1212,-2.04135,104.97631666666666,0.4,247.2,511,15,,,YDA431,Unknown,9099949.0,
2026-09-30T12:04:24.177408+00:00,414283000,JINNING17,-2.04807,104.99982666666666,0.1,0.0,80,1,70.0,73440.0,BPDT8,IDPLM,9189108.0,7.0
2026-09-30T12:04:24.178055+00:00,256883000,CMA CGM TIVOLI,55.58441666666667,15.419441666666668,9.8,63.4,66,0,72.0,62730.0,9HA6016,LTKLJ,9961312.0,7.7
2026-09-30T12:04:24.385210+00:00,357211000,TAI KINGDOM,53.484339999999996,9.983460000000001,0.0,328.5,353,0,70.0,83721.0,3EFD3,DE HAM,9789855.0,10.0
2026-09-30T12:04:24.385639+00:00,203999428,WIENTANK 2,48.219366666666666,16.415398333333332,0.0,339.3,511,0,,,OED3013,Unknown,,1.0
2026-09-30T12:04:24.591792+00:00,538011293,DORA,37.8042,24.352195,11.6,236.3,234,0,79.0,58368.0,V7A6917,ROAGI,9387360.0,6.3
2026-09-30T12:04:24.592129+00:00,338514565,Unknown,48.75518666666667,-122.50840833333334,0.0,198.0,511,15,,,Unknown,Unknown,,
2026-09-30T12:04:24.592652+00:00,636023501,REGINA S,55.755829999999996,16.080338333333334,10.9,256.3,256,0,70.0,51840.0,5LOA3,BR VDC,9767041.0,10.5
2026-09-30T12:04:24.593777+00:00,231904000,SKIPANES,22.33255,114.08958666666668,0.0,97.4,200,5,70.0,49248.0,OZ2225,HKHKG,1052995.0,5.8
2026-09-30T12:04:24.762697+00:00,258014000,STAR LINDESNES,62.13903833333333,18.001011666666667,11.5,160.6,159,0,70.0,66585.0,LAQJ7,SESDL,9593878.0,7.7
2026-09-30T12:04:25.068773+00:00,538004891,XIN HAI TONG 31,56.960100000000004,19.360225,10.7,209.0,207,11,70.0,58368.0,V7ZQ3,SKAGEN,9635626.0,12.3
2026-09-30T12:04:25.144998+00:00,244660144,LUCCA,51.89559833333333,4.302385,6.8,113.9,106,0,79.0,,PH4812,HENDRIKIDOAMBACHT,,
2026-09-30T12:04:25.145369+00:00,311000557,JAMNO,51.358655,2.729805,10.8,92.6,90,0,79.0,48960.0,C6CS2,BE GNE,9767716.0,10.6
2026-09-30T12:04:25.145895+00:00,636024910,MARMARIS M,37.007795,-9.438746666666667,10.3,342.4,346,0,70.0,51840.0,5LUW6,GIGIB,9450791.0,10.3
2026-09-30T12:04:25.358596+00:00,538006326,HAWAIIAN HIGHWAY,53.57613833333333,8.556873333333334,0.0,65.5,242,5,70.0,72595.0,V7LW8,DE BRV,9712632.0,8.2
2026-09-30T12:04:25.358698+00:00,563095700,GREEN OCEAN,35.91686,-5.592408333333334,8.9,79.0,75,0,70.0,46233.0,9V6354,ITCAG,9865960.0,9.3
2026-09-30T12:04:25.359196+00:00,245419000,Unknown,51.76716666666667,4.178398333333333,0.0,0.0,511,0,,,Unknown,Unknown,,
2026-09-30T12:04:25.755219+00:00,255805672,GEORG OLDENDORFF,52.183458333333334,3.606691666666667,0.1,19.9,102,1,70.0,75072.0,CQGW,FOR ORDER,9702596.0,7.1
2026-09-30T12:04:25.755583+00:00,525199988,STS.TG BUYUT,-2.3208316666666664,104.91461166666666,0.0,297.8,511,15,,,Unknown,Unknown,,
2026-09-30T12:04:25.933994+00:00,477940700,GW DELTA,46.185695,-124.62202666666667,1.0,88.5,64,0,70.0,74745.0,VRVY6,AU HPT,9442483.0,7.2
2026-09-30T12:04:25.934826+00:00,210028000,CONTSHIPS BOREALIS,59.49120166666667,24.967813333333332,0.0,360.0,132,5,71.0,44064.0,5BQN5,EEMUG VIA NOK,9866249.0,7.0
2026-09-30T12:04:25.935205+00:00,563249700,WECO TATI,56.06728833333333,11.085558333333333,13.0,9.8,8,0,70.0,65280.0,9V9927,NEMRUT BAY,1027017.0,10.9
2026-09-30T12:04:25.935327+00:00,636026321,SUB ROSA,48.401043333333334,-123.24325833333334,7.5,241.7,241,0,70.0,74745.0,A8RG9,CAVAN,1094709.0,7.6
2026-09-30T12:04:25.935916+00:00,256621000,FERASET,51.79430166666667,4.635926666666666,0.0,202.9,27,5,70.0,40694.0,9HA3966,NLDOR,9747651.0,9.2
2026-09-30T12:04:25.936356+00:00,538012982,GRAND SAPPHIRE,12.82089,80.60337666666666,17.7,345.2,343,0,70.0,65280.0,V7B3583,SG SIN_AEW,9325233.0,9.1
2026-09-30T12:04:26.058588+00:00,373076000,NEW PINNACLE,48.22711,-123.64224166666666,13.7,90.0,95,0,70.0,51840.0,3FJD7,CA VAN,9865013.0,8.5
2026-09-30T12:04:26.210166+00:00,636020345,NEOKASTRO,22.4625,113.87766666666667,0.1,54.0,334,5,71.0,92966.0,A8SE6,CNSHK,9400215.0,11.2
2026-09-30T12:04:26.210815+00:00,314001039,DSM FERRO,50.208038333333334,-0.6671,13.5,73.7,74,0,70.0,58368.0,8P2575,DK SKA,9236092.0,6.4
2026-09-30T12:04:26.389974+00:00,563305900,JULES POINT,-6.148843333333334,111.42393333333332,9.9,91.3,92,0,70.0,51840.0,9V6630,ARSLO,9610690.0,6.6
2026-09-30T12:04:26.390773+00:00,2444059,HOEK VAN HOLLAND,51.980955,4.11263,0.0,19.0,511,15,,,Unknown,@@@@@@@@@@@@@@@@@@@,,
2026-09-30T12:04:26.391024+00:00,636021403,THETIS,36.050531666666664,-5.307501666666667,3.2,264.1,260,0,70.0,61132.0,5LDT9,GI GIB,9738208.0,6.6
2026-09-30T12:04:26.503365+00:00,477850200,FENG LI HAI,54.625186666666664,-1.1535166666666667,0.0,242.0,171,5,70.0,67320.0,VRQJ6,GBTEE,9747534.0,13.5
2026-09-30T12:04:26.504418+00:00,440001550,HAN CHANG 1,37.451159999999994,126.59432,0.0,339.9,322,0,,,101H C1,@@@@@@@@@@@@@@@@@@,171829.0,
2026-09-30T12:04:26.504983+00:00,338490035,Unknown,48.75698,-122.49848833333334,0.0,355.3,511,15,,,Unknown,Unknown,,
2026-09-30T12:04:27.003534+00:00,636014811,XIN TAI LONG,-2.0382766666666665,104.989945,0.1,320.7,83,1,70.0,74745.0,A8WR3,TANJUNG KAMPEH,9523495.0,7.1
2026-09-30T12:04:27.003646+00:00,257620000,FERMITA,-2.1224350000000003,104.97799,0.1,4.0,95,1,70.0,61132.0,LAKO8,TANJUNG KAMPEH,9881380.0,7.2
2026-09-30T12:04:27.004497+00:00,316278000,OCEANEX SANDERLING,44.666333333333334,-63.628505000000004,0.0,177.7,23,0,79.0,50025.0,VOLG,CAHFX,7603502.0,8.4
2026-09-30T12:04:27.004720+00:00,257073000,LIVITA,-29.882063333333335,31.044311666666665,1.0,220.4,31,0,70.0,65280.0,LACG8,ZA DUR,9801299.0,12.6
2026-09-30T12:04:27.014112+00:00,567017000,SARITA NAREE,46.19041166666667,-123.90093333333333,12.5,264.0,267,0,70.0,61132.0,HSDA,GRARY HARBOR,9726413.0,6.9
2026-09-30T12:04:27.014340+00:00,538012328,PANOCEANIS,-1.5051166666666667,-48.76428333333333,0.0,174.0,205,1,70.0,58060.0,V7B2685,BR VDC,9460320.0,9.2
2026-09-30T12:04:27.014727+00:00,563237100,WAN HAI 377,22.337915,114.12064666666667,2.3,169.4,169,0,71.0,72828.0,9V7868,CNDLC,9958133.0,8.5
2026-09-30T12:04:27.014899+00:00,268261100,AT 27,36.40250666666667,-7.91541,9.8,285.8,283,0,70.0,40800.0,T7DP7,LIMASSOL,9136539.0,10.1
2026-09-30T12:04:27.015429+00:00,477172600,DARYA RAMA,49.205275,-123.91712833333332,0.1,39.1,292,1,70.0,61132.0,VRRV6,CA VAN,9840790.0,6.8
2026-09-30T12:04:27.015723+00:00,256617000,PANEMORFI,51.832433333333334,-8.326468333333333,0.0,207.2,322,5,70.0,65280.0,9HA5907,IERIN,9660097.0,10.5
2026-09-30T12:04:27.016053+00:00,376485000,Unknown,4.683373333333334,7.157836666666666,0.7,5.0,185,0,,,Unknown,Unknown,,
2026-09-30T12:04:27.200467+00:00,538012107,S-BOUND,31.85811,34.620329999999996,4.3,77.3,80,0,70.0,49276.0,V7A3981,ILASH,9610200.0,10.7
2026-09-30T12:04:27.200650+00:00,247318300,EUROCARGO RAVENNA,39.149858333333334,9.168543333333334,17.1,301.7,302,0,71.0,53040.0,ICNF,ITCAG>ITLIV,9471056.0,6.9
2026-09-30T12:04:27.201262+00:00,248592000,FADIQ,37.914633333333335,24.611749999999997,14.8,34.5,33,0,71.0,55692.0,9HA4716,FRSET,9809590.0,6.8
2026-09-30T12:04:27.201474+00:00,538011775,SHANDONG XIN SHENG,46.20809666666666,-123.94533833333334,13.2,133.3,135,0,70.0,74745.0,V7A3444,PEBGC,1026594.0,14.3
2026-09-30T12:04:27.202103+00:00,563122300,X-PRESS SAGARMALA,36.22322,-4.601328333333333,0.9,53.4,105,0,71.0,46233.0,9V2572,ITNAP,9862736.0,9.0
2026-09-30T12:04:27.627410+00:00,267130705,BD JESETER,47.99844333333333,17.301565,0.0,154.2,511,15,,,OMGE,BRATISLAVA,,
2026-09-30T12:04:27.628547+00:00,367616790,Unknown,48.754326666666664,-122.50520666666667,0.0,208.3,511,15,,,Unknown,Unknown,,
2026-09-30T12:04:28.090913+00:00,572960220,TAICHUNG,26.645433333333337,122.79233333333333,15.5,56.0,60,0,74.0,49190.0,T2LJ6,JPOSA,9194505.0,8.4
2026-09-30T12:04:28.091904+00:00,657177000,GUARDIAN 8,4.695403333333333,7.157511666666666,0.0,163.5,511,0,,,5NKL8,Unknown,9870173.0,
2026-09-30T12:04:28.633609+00:00,366783820,MISS KATHI,27.928956666666668,-82.42719833333334,0.0,50.5,511,15,,,WCZ8756,@@@@@@@@@@,,
2026-09-30T12:04:28.986548+00:00,354998000,ATROTOS HERACLES,-23.86593,151.58763333333334,0.5,175.2,125,1,70.0,74745.0,3FFQ9,CN BAO > AU GLT,9668879.0,7.1
2026-09-30T12:04:28.986989+00:00,636021579,BUNUN TREASURE,-1.5368833333333332,-48.75282333333334,0.0,128.6,42,5,70.0,51840.0,5LEQ7,BRVDC,9894715.0,10.5
2026-09-30T12:04:28.987260+00:00,351983000,NIAGARA HIGHWAY,35.46836166666667,139.68066333333334,0.0,169.3,68,5,70.0,70684.0,3FVL9,JPHIC > JP YOK  DE,9832638.0,9.2
2026-09-30T12:04:29.799201+00:00,636011561,CARLOS FISCHER,27.627628333333334,-82.56322,0.0,289.2,351,5,70.0,66585.0,A8AC4,USPME,9230995.0,10.4
2026-09-30T12:04:29.799424+00:00,247383700,ECO CATANIA,38.22045666666667,21.645575,13.3,92.9,92,0,74.0,82538.0,IBZR,GRGPA>ITBRI,9859571.0,6.9
2026-09-30T12:04:29.989153+00:00,311002258,AIANTAS,52.40020833333333,4.863245,0.0,289.5,306,5,70.0,74745.0,C6LG7,NL AMS,9729879.0,13.7
2026-09-30T12:04:29.990176+00:00,368391510,FULLA,29.82158666666667,-93.33973666666667,0.0,223.3,511,15,,,WDP8553,Unknown,,3.0
2026-09-30T12:04:29.990283+00:00,311001645,UNITY TRITON,35.78758666666667,-7.2692,1.5,149.5,187,0,70.0,65280.0,C6IE2,US PME,9764104.0,11.6
2026-09-30T12:04:29.990500+00:00,538012841,DONA BIBI,-33.311875,152.22707166666666,4.3,179.6,111,0,79.0,74745.0,V7B3390,AU NTL,9600619.0,7.2
2026-09-30T12:04:29.990655+00:00,273127630,Unknown,49.221215,-4.595323333333334,10.9,53.8,60,0,,,Unknown,Unknown,,
2026-09-30T12:04:29.991111+00:00,548758000,DOLPHIN TRADER,53.102655,8.739853333333334,0.0,176.5,339,5,70.0,51552.0,DYOB,DE BRE,9989285.0,6.7
2026-09-30T12:04:30.194781+00:00,636021200,EVER COMMAND,25.16471,121.39186333333333,0.0,230.1,245,0,71.0,45964.0,5LCT7,TW TPE,9903267.0,7.8
2026-09-30T12:04:30.195215+00:00,248422000,ELBELLA,37.762971666666665,23.645381666666665,14.3,155.4,155,0,71.0,45619.0,9HA2358,GRPIR,9312640.0,10.8
2026-09-30T12:04:30.195739+00:00,341100002,MJ SOFIA,36.47652333333333,27.877706666666665,11.1,277.0,511,0,70.0,,V4RN6,TARTUS,9113381.0,9.8
2026-09-30T12:04:30.330105+00:00,244690405,BRANDARIS,51.904154999999996,4.466073333333333,0.0,360.0,511,0,,,PH4385,ROTTERDAM/STAD,,
2026-09-30T12:04:30.330891+00:00,538007820,TS OSAKA,-33.96065,151.19901333333334,0.0,40.5,167,5,74.0,46233.0,V7DC5,AUSYD,9810111.0,8.7
2026-09-30T12:04:30.331323+00:00,244660723,ARDITO,51.42420666666667,6.727681666666667,7.1,314.8,316,0,79.0,41289.0,PC5459,HAFEN KARLSRUHE,,3.6
2026-09-30T12:04:30.331455+00:00,258192000,HOEGH SUNRISE,41.05629333333333,2.195718333333333,0.5,1.4,21,0,70.0,77520.0,LAUM8,CNTAC-ESBCN,9971264.0,10.0
2026-09-30T12:04:30.746438+00:00,261187390,Unknown,53.19495833333334,17.965343333333333,0.0,315.1,266,5,,,Unknown,Unknown,,
2026-09-30T12:04:30.747206+00:00,416006663,JIA CHANG,25.179973333333333,121.84522,0.8,317.1,511,15,,,Unknown,Unknown,,
2026-09-30T12:04:30.747884+00:00,636022466,VANTAGE GEILO,50.44143833333333,-0.40416833333333335,7.6,252.3,250,0,70.0,49276.0,5LIX9,TR SSX,9726853.0,9.2
2026-09-30T12:04:30.962706+00:00,538007459,MALTO ELAN,35.40384666666667,139.821245,0.0,120.6,25,1,70.0,58368.0,V7OS7,JP KMT,9792436.0,8.0
2026-09-30T12:04:30.963172+00:00,538012089,PEKA PIONEER,46.20256833333334,-123.81269166666667,0.1,200.6,281,1,79.0,74745.0,V7A3952,USKAM,1147283.0,7.0
2026-09-30T12:04:30.963277+00:00,538002743,GENCO LANGUEDOC,49.19911666666667,-123.90441666666668,0.0,240.0,343,1,70.0,58368.0,V7GD5,CA VAN,9490686.0,6.5
2026-09-30T12:04:30.963632+00:00,636022285,PARALOS,-29.64246166666667,31.463968333333334,11.6,76.4,80,0,79.0,44323.0,5LIA9,ZADUR,9325099.0,5.5
2026-09-30T12:04:30.963839+00:00,413697720,ANTONGQUANZHOU,22.342825,113.79354166666667,5.9,349.3,350,0,70.0,48384.0,BPMN4,NAN SHA,,10.9
2026-09-30T12:04:31.229408+00:00,538012914,Unknown,1.2604083333333334,103.87943666666666,0.3,189.4,140,0,,,Unknown,Unknown,,
2026-09-30T12:04:31.230620+00:00,370732000,GLORIOUS MAPLE,41.118768333333335,-8.937888333333332,1.4,88.6,176,0,70.0,65280.0,3FYI3,PT LEI,9357925.0,10.7
2026-09-30T12:04:31.543612+00:00,271001058,TOMRIZ A,39.401178333333334,-0.2824666666666667,0.0,0.0,57,1,70.0,43545.0,TCRB8,ESVLC,9126754.0,6.0
2026-09-30T12:04:31.543815+00:00,636023442,CHAILEASE BLOSSOM,-32.233776666666664,115.725725,0.0,71.9,219,1,70.0,74745.0,5LNT2,AU KWI,9622540.0,8.9
2026-09-30T12:04:31.698922+00:00,376339000,PRINCESS GHAIDAA,-32.58432,-60.77988833333333,0.0,250.6,322,5,70.0,47577.0,J8B6908,ARSLO,9611577.0,6.3
2026-09-30T12:04:31.700805+00:00,538007475,PACIFIC WAVE,-37.49362333333333,176.14279166666665,0.0,131.5,232,1,70.0,51840.0,V7PM9,NZ TRG,9801275.0,5.8
2026-09-30T12:04:31.701051+00:00,219559000,STENA FORWARDER,54.6286,-5.888716666666666,0.0,0.0,60,5,70.0,48384.0,OUWT2,GB BEL - GB BRK,9645396.0,5.5
2026-09-30T12:04:31.915385+00:00,367609770,ST LOUIS RIVER,35.219476666666665,-75.69477666666667,0.0,34.0,511,0,,,WDH3679,Unknown,,
2026-09-30T12:04:32.093626+00:00,414662000,Unknown,26.83964166666667,121.16347999999999,8.5,209.2,208,0,,,Unknown,Unknown,,
2026-09-30T12:04:32.093739+00:00,249901000,CELINE,55.039854999999996,5.921736666666666,16.9,28.2,30,0,79.0,83538.0,9HA4424,BEZEE,9789233.0,7.3
2026-09-30T12:04:32.095230+00:00,316017110,ALGOMA ENDEAVOUR,45.86854833333334,-84.07862166666668,11.1,60.9,61,0,70.0,55080.0,VDAC,INDIANA HBR,9790141.0,8.1
2026-09-30T12:04:32.095369+00:00,316023339,THUNDER BAY,42.294288333333334,-83.08887166666666,0.0,146.3,38,0,70.0,54590.0,CFN6288,WINDSOR,9601039.0,7.1
2026-09-30T12:04:32.280048+00:00,352604000,GENEVA STAR,53.581921666666666,9.619321666666668,11.4,132.0,130,0,70.0,73440.0,3FWR,HAMBURG,9311191.0,9.7
2026-09-30T12:04:32.281332+00:00,477272500,Unknown,22.327383333333334,114.10543333333334,0.0,160.0,125,5,,,Unknown,Unknown,,
2026-09-30T12:04:32.437591+00:00,247046600,MARMORICA,43.554923333333335,10.301718333333334,0.0,43.5,511,5,,,ITGH,ITPIO-ITPTF,7717353.0,3.6
2026-09-30T12:04:32.438000+00:00,316001633,CSL ASSINIBOINE,45.682296666666666,-73.454665,7.3,184.7,186,0,70.0,55324.0,VCKQ,TOLEDO OH,7413218.0,8.1
2026-09-30T12:04:32.438305+00:00,247383600,ECO SAVONA,43.580439999999996,10.305641666666666,0.0,111.9,352,5,72.0,82538.0,IBZM,ESBCN>ITLIV,9859569.0,7.0
2026-09-30T12:04:32.833693+00:00,311000321,HELIOS RAY,54.05085833333333,7.4859816666666665,5.0,110.2,109,0,70.0,73440.0,C6BO7,DE BRV,9690547.0,9.0
2026-09-30T12:04:32.834062+00:00,255915882,MSC MONTEREY V,40.909728333333334,1.9314933333333333,16.2,206.2,205,0,71.0,98010.0,CQ2340,ESBCN,9349796.0,13.3
2026-09-30T12:04:32.834677+00:00,441788000,KMTC ULSAN,25.488401666666668,120.53350666666667,17.1,53.6,54,0,72.0,43286.0,DSRD9,TH LCH,9131864.0,6.8
2026-09-30T12:04:32.996092+00:00,352005075,STONEFISH,59.908521666666665,25.711866666666666,11.2,265.2,258,0,71.0,44083.0,3E7276,RULED,9106144.0,10.4
2026-09-30T12:04:32.996581+00:00,305042300,INASE,55.17094833333333,18.892113333333334,0.9,292.2,223,0,70.0,43804.0,V2B2042,FOR ORDERS,9445148.0,5.5
2026-09-30T12:04:32.997019+00:00,352005226,MERNA 2,51.23128,2.9309766666666666,0.0,115.6,310,5,70.0,46800.0,3E8374,BEOST,9165310.0,6.0
2026-09-30T12:04:33.110373+00:00,314303000,NJ SIRIUS,49.291405000000005,-4.550038333333333,10.4,237.9,236,0,70.0,58368.0,8PWE,LIEPAJA,9237113.0,6.4
2026-09-30T12:04:33.396212+00:00,267130624,BD VYZA,48.03433666666667,17.226516666666665,0.0,115.4,511,15,,,OMFX,BRATISLAVA,,
2026-09-30T12:04:33.396527+00:00,211162610,PRINCESS,53.5404,9.950681666666666,6.6,346.0,346,0,,,DF4518,@@@@@@@@@C?ZO>4_?;Q<,,
2026-09-30T12:04:33.396797+00:00,352005142,CL SPRUCE,22.362761666666664,113.78477500000001,11.0,152.9,152,0,70.0,61132.0,3E8308,PECHY,1021374.0,13.5
2026-09-30T12:04:33.397521+00:00,636018656,FENG MAY,-33.394708333333334,151.98500666666666,2.7,188.4,115,0,70.0,83721.0,D5QT3,AU NTL,9838553.0,7.3
2026-09-30T12:04:33.869779+00:00,354540000,MSC SHANNON III,56.738899999999994,18.167883333333336,11.7,230.0,230,0,71.0,77356.0,HPRY,ANTWERP,8913423.0,10.4
2026-09-30T12:04:34.109983+00:00,525020431,Unknown,-1.1975616666666666,117.09321333333334,8.9,232.2,511,0,,,Unknown,Unknown,,
2026-09-30T12:04:34.110905+00:00,538007856,IRENE,51.55589833333333,-8.410221666666667,2.7,216.9,209,0,70.0,65280.0,V7PB5,IE ORK,9757931.0,10.8
2026-09-30T12:04:34.111253+00:00,352002305,YASSIN BEY,4.696298333333333,7.161238333333333,0.0,21.7,102,5,79.0,44582.0,HOA7635,LIBYA,9220988.0,10.7
2026-09-30T12:04:34.635906+00:00,563991000,APIA CHIEF,-17.600466666666666,177.41974333333334,1.1,78.0,77,0,73.0,57120.0,9V9832,FJLTK,9614529.0,9.3
2026-09-30T12:04:34.748812+00:00,230358000,RAUTARUUKKI,65.44914166666666,22.478493333333333,0.0,196.1,144,1,79.0,43286.0,OJHM,SELLA,8418174.0,7.1
2026-09-30T12:04:35.122983+00:00,352986184,ROYAL STAR,54.37148166666667,10.091815,3.9,82.9,82,0,70.0,44428.0,3E3928,LVVNT,9223813.0,5.7
2026-09-30T12:04:35.123103+00:00,310133000,VALENCIA EXPRESS,25.76607166666667,-80.154915,0.0,169.4,92,5,70.0,70502.0,ZCBD4,USMIA,9108130.0,10.8
2026-09-30T12:04:35.123443+00:00,352004630,RUI AN YANG,35.89337666666667,-5.50193,0.0,239.6,214,0,70.0,58368.0,3E6911,TANGER MED,9211145.0,9.1
2026-09-30T12:04:35.366078+00:00,309955000,ISTRA ACE,-37.84388833333333,144.90490666666668,0.0,340.5,162,5,70.0,54067.0,C6WE7,AUMEL,9318503.0,8.9
2026-09-30T12:04:35.367771+00:00,477826400,FAR EASTERN JUPITER,57.69904333333333,9.367775,12.3,57.2,60,0,70.0,74745.0,VRGZ6,HAMBURG,9442768.0,10.3
2026-09-30T12:04:35.367945+00:00,259001000,MANON,51.317195,3.212593333333333,0.0,255.3,165,5,70.0,74419.0,LATJ8,BE ZEE,9179725.0,9.6
2026-09-30T12:04:35.368051+00:00,244710057,KOOPHANDEL,52.20560166666667,4.406625,0.0,360.0,511,15,,,PB8354,BRUINISSE,,
2026-09-30T12:04:35.755222+00:00,258009000,STAR LIVORNO,53.10061833333334,8.740874999999999,0.0,308.8,340,5,70.0,66585.0,LAQM7,DEBRE,9593907.0,7.5
2026-09-30T12:04:35.755637+00:00,636022031,AE VENUS,25.428005,121.689095,9.9,302.2,300,0,70.0,58368.0,5LGV8,SG SIN,9434711.0,12.3
2026-09-30T12:04:35.756090+00:00,244740685,MARPIE,51.804161666666666,4.634683333333333,0.0,0.0,511,0,79.0,,PF7380,@@H,,
2026-09-30T12:04:35.757340+00:00,205717000,LA TONDA,-34.45024333333333,-58.410043333333334,10.4,150.7,150,0,70.0,61132.0,ONIY,ARSLO,9748485.0,6.6
2026-09-30T12:04:35.758435+00:00,352005481,NORSE OGIJIMA,51.42883,3.562465,7.9,255.8,258,0,70.0,54460.0,3E8737,US PME,1035973.0,9.4
2026-09-30T12:04:36.227666+00:00,636093333,LIVORNO EXPRESS,40.498466666666666,13.978568333333333,11.5,289.5,288,0,70.0,86047.0,5LTO5,ITLIV,9610157.0,8.5
2026-09-30T12:04:36.228437+00:00,538010512,YASA JASMINE,26.09078,-80.12028166666667,0.0,334.6,269,5,70.0,51552.0,V7A6153,US PEF,9955636.0,10.2
2026-09-30T12:04:36.719719+00:00,256214000,CMA CGM CONSTANZA,47.279700000000005,-3.881715,15.5,111.5,111,0,71.0,93376.0,9HA5745,FRMTX,9471202.0,10.4
2026-09-30T12:04:36.719955+00:00,525016462,KT.BIMA 306,-6.953618333333334,110.42025166666667,0.0,210.6,511,0,,,YDA4500,Unknown,9559913.0,
2026-09-30T12:04:36.721160+00:00,356680000,ZHENG RUN,57.503296666666664,11.369388333333335,10.9,136.8,135,0,70.0,74745.0,3FFV2,UST LUGA RU,9593816.0,7.2
2026-09-30T12:04:37.006592+00:00,244770321,DE MAURICE,53.099835,5.8244983333333336,0.0,0.0,511,15,,,PH9205,Unknown,,0.2
2026-09-30T12:04:37.007664+00:00,538004890,VIGOROUS,-23.95883,-46.30328,8.9,331.5,329,0,70.0,51840.0,V7ZQ2,BRSSZ,9546239.0,10.6
2026-09-30T12:04:37.431062+00:00,357381000,HWA LAND,56.33123833333333,17.392343333333333,12.0,53.0,55,0,70.0,73440.0,3FHP9,ST PETERSBURG,9187722.0,7.0
2026-09-30T12:04:37.431702+00:00,366302562,LCM ANGELIQUE,48.108153333333334,-88.54620333333334,0.0,231.2,511,0,70.0,,WRB4124,H0UGHTON MI,,2.0
2026-09-30T12:04:37.501245+00:00,316026694,CSL ST-LAURENT,46.699083333333334,-92.018685,0.0,304.2,180,0,70.0,55324.0,CFK5152,SUPERIOR,9665281.0,7.1
2026-09-30T12:04:37.501476+00:00,215751000,GRANDE AFRICA,51.27846666666667,4.218473333333333,0.0,39.3,205,5,79.0,69849.0,9HA5268,GBTIL>BEANR,9130949.0,7.7
2026-09-30T12:04:37.564549+00:00,338403245,Unknown,48.99417833333334,-122.75670833333334,0.0,360.0,511,15,,,Unknown,Unknown,,
2026-09-30T12:04:37.564737+00:00,525701243,Unknown,-6.740318333333334,112.53833,102.3,360.0,287,0,,,Unknown,Unknown,,
2026-09-30T12:04:37.844959+00:00,538010005,STARSHIP DRACO,26.83783,121.84819333333333,17.5,39.3,40,0,70.0,44582.0,V7A5451,CNSHK,9939292.0,8.8
2026-09-30T12:04:38.234473+00:00,219800000,NORD OSLO,57.26554,16.480318333333333,0.0,205.8,309,5,70.0,51552.0,OWCO2,SEOSK,9979498.0,6.4
2026-09-30T12:04:38.234945+00:00,356660000,MARTIN ISLAND,45.537304999999996,-122.67912,0.0,12.9,131,5,70.0,50112.0,3ECD4,US PDX,9681704.0,9.8
2026-09-30T12:04:38.709329+00:00,352001076,BLUE WAVE HARMONY,10.65095,-61.51815,0.0,13.3,298,5,70.0,50112.0,3E2444,TTPOS,9007283.0,5.2
2026-09-30T12:04:38.888023+00:00,367397090,LITTLE LADY II,40.70974666666667,-74.03992166666667,0.0,360.0,511,0,,,WDE7746,WFC/LLM,,
2026-09-30T12:04:39.085725+00:00,477940700,GW DELTA,46.185705,-124.62190333333334,1.0,75.4,64,0,70.0,74745.0,VRVY6,US KAM,9442483.0,7.0
2026-09-30T12:04:39.085843+00:00,538008283,THALIS,38.604965,-9.649130000000001,12.3,278.9,279,0,70.0,49996.0,V7A2187,ROUEN,9616747.0,6.1
2026-09-30T12:04:39.085971+00:00,245179000,AEOLUS,52.41921833333333,4.7695083333333335,0.0,186.9,342,5,70.0,55044.0,PCRR,NLAMS,9612636.0,7.6
2026-09-30T12:04:39.167437+00:00,563190100,WAN HAI 365,35.541765000000005,139.89588833333335,0.1,127.9,21,1,74.0,72471.0,9V7846,JPTYO OFF,9954450.0,10.1
2026-09-30T12:04:39.167820+00:00,538008213,MANTA FATMA,55.696785,21.130845,0.0,139.9,233,5,70.0,51840.0,V7A2089,LTKLJ,9604809.0,6.4
2026-09-30T12:04:39.430264+00:00,370928000,MSC DAVAO III,-41.15904,173.27145333333334,0.0,106.4,190,1,79.0,63648.0,3EBK6,NZNSN,9243241.0,8.9
2026-09-30T12:04:39.641751+00:00,374155000,MEDI OITA,38.055036666666666,-28.920923333333334,9.5,91.1,80,0,70.0,74745.0,3FWG4,TR ERE,9836713.0,14.8
2026-09-30T12:04:39.641981+00:00,636093213,AS STINE,10.344875,-75.92433166666666,1.4,217.0,112,0,70.0,45964.0,5LMJ8,COCTG,9825403.0,9.3
2026-09-30T12:04:39.642106+00:00,212205000,UBC SALERNO,51.897178333333336,4.293216666666667,7.3,291.6,294,0,70.0,48652.0,5BPN6,NLRTM>FRURO,9652519.0,6.9
2026-09-30T12:04:39.833531+00:00,218028216,Unknown,53.46720166666667,0.0,9.8,98.0,98,9,,,Unknown,Unknown,,
2026-09-30T12:04:39.989113+00:00,431013119,KAI-OH MARU,35.63079666666667,139.75956666666667,0.0,350.2,359,5,70.0,49507.0,JD4503,>JP TYO S,9846172.0,6.2
2026-09-30T12:04:40.123842+00:00,257242000,SALOME,31.133761666666665,-81.53788666666667,0.0,133.1,132,5,70.0,91584.0,LATM8,PA PCN,9515412.0,8.2
2026-09-30T12:04:40.364767+00:00,311000416,DOLE CARIBBEAN,32.642585000000004,-117.2265,10.6,188.4,194,0,70.0,54720.0,C6CA4,US SAN DIEGO,9703071.0,9.4
2026-09-30T12:04:40.364991+00:00,636017533,YANGZE 905,-33.156641666666665,152.2309383333333,10.0,64.0,54,0,70.0,88760.0,D5LK6,AUNTL,9574444.0,9.8
2026-09-30T12:04:40.748135+00:00,246074892,Unknown,51.96108,4.140793333333333,0.0,346.3,43,0,,,Unknown,Unknown,,
2026-09-30T12:04:40.748438+00:00,636024932,ARMERIA,53.48727333333333,8.49328,0.0,186.9,30,5,70.0,61132.0,5LUZ4,DENHA,1041245.0,13.1
2026-09-30T12:04:40.748736+00:00,353321000,GHALA,56.79249,19.204493333333335,10.7,211.3,210,0,70.0,56217.0,3FFK6,RU ULU,9687069.0,6.5
2026-09-30T12:04:40.749165+00:00,657934000,Unknown,4.6903250000000005,7.158576666666666,0.0,286.2,511,13,,,Unknown,Unknown,,
2026-09-30T12:04:40.812714+00:00,255915667,ELBINSEL,53.82077833333334,9.364176666666667,17.5,151.0,155,0,70.0,44064.0,CQ2125,DEHAM VIA DENOK,9977426.0,9.3
2026-09-30T12:04:40.925665+00:00,563176800,WAN HAI 356,22.295855,114.099815,8.8,337.7,335,0,73.0,72828.0,9V7385,HK HKG,9554078.0,10.4
2026-09-30T12:04:41.354093+00:00,255916591,ESPERANCE,53.62176833333333,5.385800000000001,18.7,253.2,252,0,79.0,41932.0,CQ2840,NLRTM,9491484.0,10.2
2026-09-30T12:04:41.467564+00:00,352001920,SILVER SKY,34.45955,-7.314133333333333,15.3,33.0,32,0,70.0,56217.0,3E3734,SG SIN >> MA CAS,9448140.0,9.0
2026-09-30T12:04:41.914683+00:00,636093069,BF GIANT,-36.83142333333333,174.82435333333333,11.3,231.5,236,0,71.0,90547.0,A8UK9,NZAKL,9442172.0,12.0
2026-09-30T12:04:41.967375+00:00,354227000,SANTA EMILIA,-24.01502,-46.341300000000004,8.8,25.7,25,0,70.0,73113.0,H9XP,BR SPB,9609524.0,14.0
2026-09-30T12:04:42.329216+00:00,259307000,HOEGH STARLIGHT,54.98495333333334,-1.4634233333333335,0.0,32.6,123,5,70.0,77520.0,LAUN8,GBNCL>NLAMS,9971276.0,9.3
2026-09-30T12:04:42.515984+00:00,248164000,TRUSTEE,52.36315666666667,4.29621,13.3,188.8,511,0,79.0,99603.0,9HA6538,NLSCE,8902955.0,8.5
2026-09-30T12:04:42.576018+00:00,255916278,CAPE SCOTT,43.576905000000004,10.303975000000001,0.0,215.9,174,5,70.0,59875.0,CQ2707,LIVORNO ITLIV,9950117.0,10.0
2026-09-30T12:04:42.576178+00:00,246714000,HAPPY SKY,51.895048333333335,4.447806666666667,0.0,310.6,285,5,70.0,40176.0,PCCH,NLRTM,9457220.0,7.1
2026-09-30T12:04:42.689407+00:00,205333090,CHRISTARO,52.13397,5.037876666666667,8.9,131.1,511,11,,,OT3330,@@@@@@@@@@@@@@@@@@,,
2026-09-30T12:04:43.280170+00:00,636015430,AGAPI S,59.824735000000004,25.731943333333334,0.0,142.8,34,1,70.0,67564.0,D5AR6,TALLIN OPL,9514822.0,6.4
2026-09-30T12:04:43.280596+00:00,563098900,PAC SCHEDAR,39.212055,-76.47789166666666,0.0,11.4,265,5,70.0,46396.0,9V6224,US BAL,9443360.0,8.9
2026-09-30T12:04:43.281019+00:00,657132800,Unknown,4.695243333333334,7.1617750000000004,2.6,249.4,59,8,,,Unknown,Unknown,,
2026-09-30T12:04:43.357607+00:00,636023590,LAKE SAINT ANNE,25.294108333333334,120.45289833333332,16.2,215.0,213,0,70.0,72595.0,5LOL3,AU BNE,9994113.0,8.3
2026-09-30T12:04:43.470812+00:00,245578000,SCHIPPERSGRACHT,50.902368333333335,-1.42246,0.0,303.5,297,5,70.0,40320.0,PCGR,GBSOU,9197363.0,10.1
2026-09-30T12:04:43.595973+00:00,440585000,KMTC KEELUNG,26.50206166666667,120.90227499999999,16.0,209.7,209,0,70.0,43545.0,DSOF3,SG SIN,9157741.0,9.1
2026-09-30T12:04:43.596363+00:00,244700375,RIVIERA,51.807255000000005,4.647883333333334,0.1,116.9,38,5,79.0,43776.0,PE6186,SCHWELGERN,,1.9
2026-09-30T12:04:43.924961+00:00,636026236,AURIGA STAR,-32.58208833333334,-60.78188,0.0,6.6,329,5,70.0,74745.0,A8PB4,SANLORENZO,9865556.0,7.5
2026-09-30T12:04:43.936495+00:00,563224700,WAN HAI 371,14.53839,120.77807833333333,0.0,91.2,143,1,71.0,72828.0,9V7862,PHMNS,9958107.0,9.0
2026-09-30T12:04:44.202138+00:00,244010770,TEUNIS,51.39516666666667,3.7391333333333336,4.5,314.0,511,0,79.0,45158.0,PD3211,ZELZATE,,4.0
2026-09-30T12:04:45.080004+00:00,352003813,SW NORTH WIND I,49.2877,-123.21329999999999,0.0,210.0,110,1,79.0,58368.0,3E5889,CAVAN,9514004.0,6.4
2026-09-30T12:04:45.800303+00:00,538005278,NUNAVIK,54.959183333333335,10.932443333333334,11.7,236.0,235,0,70.0,48729.0,V7CK9,FIPOR,9673850.0,11.0
2026-09-30T12:04:46.170393+00:00,229955000,CMA CGM SEATTLE,37.751995,-122.71064833333334,8.6,217.6,212,0,71.0,89856.0,9HA5642,USOAK,9290098.0,11.1
2026-09-30T12:04:46.205016+00:00,220198000,OLGA MAERSK,39.667336666666664,-75.53114333333333,14.7,223.0,224,0,71.0,80110.0,OXBB2,NZ TRG > PANA CANAL,9251614.0,11.2
2026-09-30T12:04:46.205183+00:00,566211000,KRAKEN,59.49642333333334,24.952021666666667,0.0,306.4,315,5,70.0,58368.0,9V9439,GDYNIA,9618111.0,7.3
2026-09-30T12:04:46.205375+00:00,356680000,ZHENG RUN,57.50288833333333,11.370078333333334,10.9,136.7,135,0,70.0,74745.0,3FFV2,UST LUGA RU,9593816.0,7.2
2026-09-30T12:04:46.474717+00:00,338481291,Unknown,48.756643333333336,-122.50659833333334,0.0,360.0,511,15,,,Unknown,Unknown,,
2026-09-30T12:04:46.548209+00:00,247296500,EUROCARGO ALEXANDRIA,39.37490666666667,14.882798333333334,19.1,150.0,149,0,71.0,55080.0,IBLW,ITCTA,9465540.0,7.2
2026-09-30T12:04:46.548425+00:00,636023927,BLUE ASPIRE,36.35543166666666,-7.670181666666666,16.2,291.0,291,0,70.0,77520.0,5LQC5,BEZEE,9968607.0,8.3
2026-09-30T12:04:46.620803+00:00,247290000,GRAN BRETAGNA,45.564836666666665,13.739071666666666,0.0,0.3,88,5,79.0,56524.0,IBFB,TRGEM=>SIKOP,9143702.0,8.5
2026-09-30T12:04:47.048793+00:00,338145000,ARC DEFENDER,53.56705,8.562325,0.0,6.1,15,0,70.0,65280.0,WDM6793,USBAL>DEBRV,9375264.0,9.5
2026-09-30T12:04:47.049007+00:00,636019322,CL DALIAO HE,52.47326666666667,4.593843333333334,0.0,227.2,247,5,70.0,74419.0,D5TZ3,NL IJM,9880300.0,14.5
2026-09-30T12:04:47.049165+00:00,440022230,SOUTHERN CASTLE,37.450500000000005,126.5939,0.0,103.8,511,0,,,101 S C,@@@@@@@@@@@@@@@@@@,9777228.0,
2026-09-30T12:04:47.050187+00:00,405000306,MEGHNA PRINCESS,-35.034398333333336,117.89329500000001,0.0,38.8,117,5,70.0,65280.0,S2BG7,"ALBANY,AUSTRALIA",9805776.0,7.1
2026-09-30T12:04:47.081475+00:00,205539990,VERA PAX,51.814255,5.1304,8.8,282.6,290,0,79.0,41952.0,OT5399,SCHWELGERN,,3.6
2026-09-30T12:04:47.396785+00:00,314537000,NORD VIND,51.370250000000006,4.128698333333333,12.4,77.0,75,0,70.0,43804.0,8PAZ2,BE ANR,9573921.0,8.5
2026-09-30T12:04:47.397644+00:00,261182698,ONDERNEMING,52.48928,13.483123333333333,0.0,337.8,511,15,,,SR2698,BERLIN RUMESBURG,,
2026-09-30T12:04:47.397890+00:00,352005218,NORSE IKUCHI,34.04641,-7.831435,0.8,210.4,238,2,70.0,52704.0,3E8368,MA CAS,9990698.0,10.3
2026-09-30T12:04:47.418172+00:00,248265000,GRANDE NEW YORK,25.95752333333333,121.42978833333333,18.1,26.6,29,0,70.0,61132.0,9HA6579,ARZAE>MUPLU,9784049.0,8.7
2026-09-30T12:04:47.545658+00:00,413217180,Unknown,27.680999999999997,121.41018333333334,8.6,212.5,205,0,,,Unknown,Unknown,,
2026-09-30T12:04:47.664204+00:00,268255404,DANNY,-23.994795,-46.32786333333333,10.4,46.8,56,1,70.0,43804.0,T7DM5,CGPNR,932472200.0,9.5
2026-09-30T12:04:47.908672+00:00,563315700,INCE EREGLI,57.47620166666666,8.776106666666667,11.1,58.5,59,0,70.0,61132.0,9VMP3,RULED,1044039.0,7.3
2026-09-30T12:04:48.301378+00:00,657232000,Unknown,4.694891666666666,7.1681816666666665,0.0,44.3,104,5,,,Unknown,Unknown,,
2026-09-30T12:04:48.301501+00:00,257965000,HOEGH SUNLIGHT,53.578176666666664,8.552125,0.0,263.4,4,5,70.0,77520.0,LAUK8,DE BRV>SE GOT,9962706.0,8.5
2026-09-30T12:04:49.007758+00:00,227102030,AIS<A>PLOUZ,48.35924833333333,-4.567201666666667,0.0,360.0,511,6,,,AAAAAAA,Unknown,,
2026-09-30T12:04:49.113509+00:00,538008994,WHEAT WEIFANG,51.933461666666666,4.187688333333333,0.0,276.4,307,5,70.0,74745.0,V7A4172,NL RTM,9883766.0,12.8
2026-09-30T12:04:50.462342+00:00,311002227,SHUN FU WANG,50.753238333333336,0.9472416666666666,9.4,234.8,235,0,70.0,73440.0,C6LB8,SUEZ,9244788.0,14.1
2026-09-30T12:04:50.928764+00:00,266248000,THULELAND,51.89310166666667,3.130881666666667,16.6,87.7,86,0,79.0,47424.0,SKEI,GBHRW><NLRTM,9343261.0,6.5
2026-09-30T12:04:52.211350+00:00,244850126,Unknown,51.486625000000004,6.166291666666667,2.6,251.9,511,3,,,Unknown,Unknown,,
2026-09-30T12:04:52.212092+00:00,441511000,GLOVIS SONIC,51.34972333333334,4.2545383333333335,10.8,115.0,115,0,70.0,75072.0,D7QT,BEANR,9798387.0,9.1
2026-09-30T12:04:52.490376+00:00,232045475,GUARD DOG,51.51024666666667,-0.11591333333333333,3.5,58.7,511,0,,,MMWS5,Unknown,,
2026-09-30T12:04:52.799229+00:00,310760000,QUEBEC EXPRESS,53.542321666666666,9.872825,6.2,96.0,96,0,70.0,92966.0,ZCEU7,DEHAM.,9294836.0,8.8
2026-09-30T12:04:52.799553+00:00,636017109,GOLDEN SUCCESSFUL 82,58.750435,4.446785,6.2,137.7,133,0,70.0,73440.0,D5JI5,EGSUZ,9174634.0,14.1
2026-09-30T12:04:53.606197+00:00,636021246,MSC PAMIRA III,37.61882,15.395353333333333,9.1,195.0,192,0,71.0,64872.0,5LCZ6,AUGUSTA,9239903.0,11.0
2026-09-30T12:04:54.241738+00:00,243772080,Unknown,53.01448333333334,4.6562166666666664,3.5,247.7,242,7,,,Unknown,Unknown,,
2026-09-30T12:04:54.364899+00:00,256010000,NEPTUNE KALLOS,45.56688333333333,13.744383333333333,0.0,28.0,268,5,70.0,45696.0,9HA5657,SIKOP,9442122.0,8.8
2026-09-30T12:04:54.490469+00:00,563232400,ASIAN ETERNITY,36.134168333333335,-7.75864,11.8,278.0,276,0,70.0,65280.0,9V8961,US MSY,9991472.0,13.5
2026-09-30T12:04:54.579871+00:00,373938000,AG VALOR,-23.964418333333334,-46.30123833333334,0.0,280.2,323,5,70.0,43804.0,3FKD7,BR,9312327.0,5.5
2026-09-30T12:04:55.815485+00:00,353035000,ULTRA SERVAL,52.408141666666666,4.819945000000001,0.0,162.4,343,5,70.0,74745.0,3EEX2,AMSTERDAM,9874997.0,13.7
2026-09-30T12:04:55.815975+00:00,538006850,DEVBULK BEGUM,53.214725,3.407548333333333,12.0,197.3,197,0,70.0,48115.0,V7SA8,MACAS,9625607.0,10.7
2026-09-30T12:04:56.028046+00:00,538009101,FUAT BEY,-33.872573333333335,18.304741666666665,0.8,160.6,189,0,70.0,51552.0,V7A4315,ES LPA,9663817.0,10.1
2026-09-30T12:04:56.130066+00:00,311000101,RCC ANTWERP,-29.76759666666667,31.37111666666667,8.9,214.9,214,0,79.0,65280.0,C6AO2,ZA DUR,9441623.0,9.9
2026-09-30T12:04:56.130361+00:00,367721220,OCEAN GLORY,35.299708333333335,-8.686126666666667,7.1,87.7,89,0,70.0,41040.0,KOGH,USPAU,9681833.0,7.7
2026-09-30T12:04:56.253004+00:00,636015791,MARIA S,26.641691666666667,121.49925333333334,10.9,39.2,41,0,70.0,73440.0,D5CW2,SG SIN PEBGC,9642368.0,14.0
2026-09-30T12:04:56.419271+00:00,352005481,NORSE OGIJIMA,51.428675,3.5614616666666667,8.0,256.4,258,0,70.0,54460.0,3E8737,US PME,1035973.0,9.4
2026-09-30T12:04:56.939645+00:00,538008266,FEDERAL YUKINA,45.40786333333333,-73.58040166666666,3.7,91.1,85,0,70.0,46920.0,V7A2165,CA MTR,9476977.0,8.2
2026-09-30T12:04:56.940326+00:00,538012332,GLOVIS LIGHTHOUSE,48.51703666666666,-125.14957,12.7,269.8,268,0,70.0,93840.0,V7B2691,KR USN,1044340.0,8.2
2026-09-30T12:04:56.941655+00:00,477015800,EB GRAND,50.347076666666666,0.17410166666666665,13.3,75.7,77,0,70.0,51552.0,VRWF6,BEANR,9989340.0,8.5
2026-09-30T12:04:57.592684+00:00,316059017,ONTARIO VENTURE,48.00521333333334,-87.91824833333334,11.7,303.8,304,0,70.0,50673.0,VEOV,USDET,9305178.0,7.0
2026-09-30T12:04:57.592874+00:00,353780000,ALEXANDRIA BRIDGE,-29.866105,31.209971666666668,0.9,339.0,223,0,74.0,90547.0,3FNW4,ZADUR,9409039.0,12.1
2026-09-30T12:04:57.593035+00:00,352006814,Unknown,-32.904786666666666,151.770765,0.0,258.0,174,5,,,Unknown,Unknown,,
2026-09-30T12:04:57.593947+00:00,374155000,MEDI OITA,38.05513,-28.92003833333333,9.4,80.6,79,0,70.0,74745.0,3FWG4,TR ERE,9836713.0,14.8
2026-09-30T12:04:57.594267+00:00,538010871,PERA,55.72934,10.786675,9.8,202.4,196,0,70.0,51840.0,V7A7540,DK SKA,9633202.0,10.7
2026-09-30T12:05:00.131422+00:00,636014168,AITOLIKOS,34.47694,-7.233405,12.0,32.6,34,0,73.0,89510.0,A8RV3,MACAS,9386483.0,9.6
2026-09-30T12:05:00.944196+00:00,636022466,VANTAGE GEILO,50.441113333333334,-0.40568166666666666,7.6,252.5,251,0,70.0,49276.0,5LIX9,TR SSX,9726853.0,9.2
2026-09-30T12:05:01.421970+00:00,341698001,AL ZAHRAA,54.43245666666667,11.963631666666666,10.8,273.0,274,0,70.0,44582.0,V4CC6,LVRIX,9255062.0,6.2
2026-09-30T12:05:01.422683+00:00,314800000,AK KARAM,56.07629166666666,17.986953333333336,11.1,236.7,240,0,70.0,44064.0,8PTO2,DKSKA,9276731.0,10.0
2026-09-30T12:05:02.060290+00:00,538008691,INCEDA,1.270985,103.78547166666667,0.0,118.5,32,5,73.0,45964.0,V7A2661,SG SIN PEBGA,9825398.0,9.5
2026-09-30T12:05:02.060705+00:00,211833390,NILS HOLGERSSON,54.330555,12.077248333333333,16.2,197.0,192,0,70.0,72409.0,DKLZ2,DE RSK,9865685.0,6.6
2026-09-30T12:05:02.061837+00:00,538007935,ALIKI FORCE,-20.326916666666666,-40.17791666666667,0.5,292.0,10,1,70.0,60211.0,V7AL7,BRTUB,9498559.0,7.0
2026-09-30T12:05:02.062447+00:00,244660144,LUCCA,51.895134999999996,4.30438,7.1,108.5,103,0,79.0,,PH4812,HENDRIKIDOAMBACHT,,
2026-09-30T12:05:02.409714+00:00,255805620,GERDT OLDENDORFF,38.69074833333333,-9.121986666666666,0.4,123.8,28,1,70.0,74745.0,CQFS,PT LIS,9681950.0,11.0
2026-09-30T12:05:02.995945+00:00,538009164,DSI PHOENIX,49.180566666666664,-123.89737166666667,0.1,3.8,342,1,70.0,65280.0,V7A4399,CA VAN,9738337.0,7.0
2026-09-30T12:05:03.695452+00:00,352004736,AC VICTORY,54.54565,18.506618333333332,0.0,344.6,116,5,70.0,73440.0,3E6987,GDYNIA,9291119.0,7.6
2026-09-30T12:05:03.695623+00:00,229859000,LUCKY EFFIE,57.278443333333335,8.121313333333333,9.5,57.2,58,0,70.0,73440.0,9HA3669,IN PRT,9288461.0,13.6
2026-09-30T12:05:03.697161+00:00,538009015,ARIADNE,54.12761666666667,7.641758333333333,13.2,115.1,116,0,70.0,58368.0,V7A4200,HAMBURG,9492907.0,6.5
2026-09-30T12:05:04.812609+00:00,247039400,GRAND BENELUX,51.35772166666666,4.233288333333333,13.4,298.8,303,0,70.0,52675.0,IBTB,BEANR-GBBRS,9227900.0,8.3
2026-09-30T12:05:04.813056+00:00,636090971,MONTPELLIER,37.87072666666666,23.575756666666667,1.6,294.1,341,0,71.0,67932.0,A8IG2,GRPIR,9314973.0,9.7
2026-09-30T12:05:04.813613+00:00,412442314,Unknown,26.878866666666667,121.76738333333333,3.4,288.5,511,0,,,Unknown,Unknown,,
2026-09-30T12:05:05.691935+00:00,354408000,NORD DUBAI,53.407235,14.606304999999999,0.8,241.3,157,0,70.0,49833.0,3FTP2,PL SZZ,9894612.0,8.5
2026-09-30T12:05:05.693598+00:00,636024258,WANTAI,-6.066513333333333,110.13155333333334,14.9,99.7,99,0,70.0,68544.0,5LRT2,CNYTN,9168207.0,9.9
2026-09-30T12:05:05.694232+00:00,255915928,CAPE GULL,-32.736493333333335,-60.72636833333333,0.0,78.2,0,5,70.0,47577.0,CQ2386,ARSLO,9674804.0,7.0
2026-09-30T12:05:06.560795+00:00,244660053,A'NOUS,52.51528833333334,6.059641666666667,0.0,309.4,511,0,70.0,,PH2041,GENEMUIDEN,,2.9
2026-09-30T12:05:06.561245+00:00,477149600,PACIFIC PURITY,42.653598333333335,28.31665,9.4,36.3,36,0,70.0,61132.0,VRWX4,ZA RCB,1047495.0,7.7
2026-09-30T12:05:06.561348+00:00,367634530,Unknown,48.75586,-122.50326166666667,0.0,89.3,511,15,,,Unknown,Unknown,,
2026-09-30T12:05:07.955703+00:00,244620677,AMICE,51.85418833333333,5.8498,2.7,107.7,511,0,79.0,40848.0,PE7162,DINTELHAVEEN,,2.0
2026-09-30T12:05:09.834737+00:00,247383300,ECO VALENCIA,41.301096666666666,2.1720016666666666,15.0,169.8,168,0,71.0,82538.0,IBQD,ESBCN>ITSVN,9859533.0,6.8
2026-09-30T12:05:10.769602+00:00,567111000,SUNISA NAREE,1.262645,103.88710166666667,0.1,265.2,161,1,70.0,61132.0,HSLS,JPFKY/E,9751248.0,6.3
2026-09-30T12:05:11.472230+00:00,255916486,ELBSPRING,53.894415,9.14683,0.0,209.1,227,0,73.0,43804.0,CQ2755,DEBRV VIA NOK,9462794.0,9.3
2026-09-30T12:05:11.472877+00:00,373148000,M.V.SIDER MADEIRA,35.19512666666667,-7.068988333333333,11.1,222.2,222,0,70.0,67320.0,3FTQ6,EGSUZ,9853620.0,7.1
2026-09-30T12:05:11.473816+00:00,368490230,Unknown,48.75642166666667,-122.49528833333333,0.0,293.2,150,15,,,Unknown,Unknown,,
2026-09-30T12:05:11.474435+00:00,636022968,WEN JING KOU,59.69283666666667,10.358933333333333,7.7,306.8,307,0,70.0,77520.0,5LLH2,DE BRV,9997555.0,9.8
2026-09-30T12:05:11.916822+00:00,636022118,ULSAN,-34.42878333333333,151.4363,10.2,352.0,352,0,71.0,88819.0,5LHG7,AUBTB,9243306.0,9.7
2026-09-30T12:05:11.919341+00:00,414075000,HONG BAO SHI 3,33.997505000000004,133.28245333333334,0.1,281.5,204,1,70.0,58368.0,BPZJ9,JP NIIHAMA,9580455.0,8.0
2026-09-30T12:05:12.890576+00:00,636016990,RED ZED 1,51.076855,1.531145,5.9,226.0,221,0,70.0,95176.0,D5IU2,SCHEVENINGEN ANCHORG,9633977.0,8.3
2026-09-30T12:05:12.890706+00:00,354214000,ANTAKYA_M,36.263419999999996,-7.989325,11.6,101.1,107,0,70.0,58368.0,3FXB3,EG PSD,9302803.0,12.2
2026-09-30T12:05:12.890871+00:00,257328000,STAR JUVENTAS,50.816916666666664,0.9708950000000001,9.6,229.6,229,0,70.0,58924.0,LAZU5,ESFRO,9254642.0,9.9
2026-09-30T12:05:13.032032+00:00,227806400,FRENCH WARSHIP EGL,48.36796666666667,-4.5177233333333335,0.0,360.0,511,5,,,FBEG,0,,
2026-09-30T12:05:13.032187+00:00,636014894,SOLAR AFRICA,35.363686666666666,139.76823833333336,0.0,285.1,34,1,70.0,58368.0,A8XH4,>JP KIZ OFF,9426128.0,6.2
2026-09-30T12:05:13.032290+00:00,249204000,ERMIS,51.96122166666667,3.6008516666666663,6.3,72.9,70,0,70.0,77081.0,9HA6164,NL RTM,9723643.0,13.8
2026-09-30T12:05:13.032395+00:00,413494710,TIAN YOU,59.441405,21.461411666666667,12.6,289.2,288,0,70.0,51072.0,BOKI,GAVLE,9823625.0,7.6
2026-09-30T12:05:13.409442+00:00,215776000,EKATERINA,37.653643333333335,-28.466161666666668,11.5,269.9,270,0,70.0,41731.0,9HAH8,MXVER,9158458.0,9.6
2026-09-30T12:05:13.409850+00:00,538008683,LOUISA BOLTEN,50.37249166666666,-0.2777566666666667,10.3,238.6,240,0,70.0,48115.0,V7A2655,FRURO,9406049.0,6.4
2026-09-30T12:05:13.749165+00:00,538007531,AFROS,49.289078333333336,-123.07936500000001,0.0,73.3,180,5,70.0,61132.0,V7TL4,CAVAN,9746803.0,8.8
2026-09-30T12:05:13.749742+00:00,373556000,LUFFY,57.23628,11.835158333333334,11.2,136.4,137,0,70.0,58368.0,3EZZ9,RU ULU,9609249.0,6.6
2026-09-30T12:05:14.095352+00:00,636020454,MSC ERMINIA III,39.43508666666666,-0.32979833333333336,0.0,186.6,112,0,70.0,62413.0,A8DM9,MACAS=>ESVLC,9246346.0,8.8
2026-09-30T12:05:14.599397+00:00,265827240,TANNHAUSER,39.243921666666665,-76.53769333333334,0.0,67.3,324,5,70.0,73440.0,SBLA,SHIFTING AFF-DMT,9731640.0,10.2
2026-09-30T12:05:14.600049+00:00,636019972,KIRSTEN OLDENDORFF,56.004281666666664,17.971243333333334,14.8,61.6,61,0,70.0,74745.0,D5XA9,RU ULU,9863091.0,7.3
2026-09-30T12:05:14.794815+00:00,215143000,KEREM,-32.66492,-60.721556666666665,0.0,153.1,336,1,70.0,44323.0,9HA2651,RECALADA,9126429.0,5.7
2026-09-30T12:05:14.794953+00:00,525010329,Unknown,-1.540005,116.96696166666668,1.5,264.3,511,0,,,Unknown,Unknown,,
2026-09-30T12:05:14.796033+00:00,244690697,MONTANA,51.968385,4.039703333333334,1.5,91.4,286,0,79.0,44467.0,PF8808,DP WORLD TERMINALS G,,1.7
2026-09-30T12:05:14.796721+00:00,244050206,PRIVILEGE,51.822858333333336,4.741924999999999,8.0,269.6,268,0,79.0,43776.0,PD6559,ROTTERDAM DINTELHAVE,,1.4
2026-09-30T12:05:15.217433+00:00,636018502,OKEE CORNELIA,22.092351666666666,114.16256,16.1,238.4,237,0,71.0,53174.0,A8PN7,IDSRG,9337030.0,9.0
2026-09-30T12:05:15.218485+00:00,525106003,BULK BATAVIA,-6.4332,110.729185,0.0,150.5,72,5,70.0,73440.0,YDBA2,ID-JEP,9642526.0,13.1
2026-09-30T12:05:15.219115+00:00,538002629,BAOSHAN SUCCESS,36.16670833333333,-7.5994649999999995,10.4,107.3,108,0,70.0,74745.0,V7KJ8,EG PSD,9361225.0,14.1
2026-09-30T12:05:15.219503+00:00,219281000,HUMBRIA SEAWAYS,51.11538666666667,3.7570633333333334,0.0,64.8,335,0,79.0,82538.0,OXOC2,SEGOT,9832597.0,6.5
2026-09-30T12:05:15.219818+00:00,636024608,BLUE STAR,28.486916666666666,-16.211803333333332,0.4,112.1,146,1,70.0,52128.0,5LTK6,ES SCT,9579327.0,10.9
2026-09-30T12:05:15.665053+00:00,636025394,OTHONOI,-29.876348333333333,31.053535,0.0,347.6,220,5,70.0,74745.0,5LXF8,ZA DUR,1026051.0,7.3
2026-09-30T12:05:15.665494+00:00,538012785,SAKIZAYA ACE,-34.29750333333333,18.023093333333335,11.8,305.1,309,0,70.0,73440.0,V7B3321,KARAIKAL INDIA,9656400.0,14.3
2026-09-30T12:05:16.598224+00:00,636015646,EM KEA,54.377718333333334,18.655226666666668,0.0,338.3,202,5,70.0,74052.0,A8NN6,PLGDN,9334351.0,8.3
2026-09-30T12:05:16.598346+00:00,205472000,GOLDEN FRIO,51.40723166666667,3.3286000000000002,13.5,270.9,271,0,79.0,73440.0,ONPT,BRTMT,9470375.0,7.3
2026-09-30T12:05:16.598607+00:00,211517420,KURT,54.17337166666667,12.108306666666666,0.1,180.8,511,15,,,DGOA2,@@@@@@@,,
2026-09-30T12:05:16.599689+00:00,249940000,MERSIN EXPRESS,35.87863333333333,-5.5959216666666665,0.3,342.1,42,0,71.0,62496.0,9HA4444,ITGOA,9740653.0,10.0
2026-09-30T12:05:16.991080+00:00,355702000,SOUTHERN STAR,-32.682721666666666,-60.70906333333333,0.0,209.9,346,1,70.0,61132.0,3ELZ4,AR SLO,9344071.0,6.5
2026-09-30T12:05:16.991957+00:00,352001183,PAN MAJESTY,46.232526666666665,-123.73242166666667,0.0,208.4,264,1,70.0,65280.0,3E3444,US KAM,9737694.0,7.5
2026-09-30T12:05:16.992211+00:00,355124000,ZHENG JUN,36.24508166666667,-7.29884,12.1,286.4,287,0,70.0,74745.0,3FNM2,TR ISK,9593804.0,14.2
2026-09-30T12:05:17.760430+00:00,255806152,AS SARA,31.815456666666666,34.60761166666667,0.2,189.2,273,1,71.0,47040.0,CQAE6,ILHFA,9410272.0,8.0
2026-09-30T12:05:17.761585+00:00,267010088,PV VAH,48.115199999999994,17.140018333333334,0.0,127.3,511,15,,,OMDU,Unknown,,
2026-09-30T12:05:17.762409+00:00,636015131,MALIAKOS,-26.750493333333335,-48.241189999999996,14.9,351.0,353,0,79.0,90547.0,A8YT7,BRSSZ,9464247.0,10.4
2026-09-30T12:05:18.262076+00:00,225996440,Unknown,42.25451666666667,-8.729331666666667,1.7,298.9,125,0,,,Unknown,Unknown,,
2026-09-30T12:05:18.263004+00:00,366791000,GEORGE II,33.73073166666667,-118.19563666666666,10.1,110.1,112,0,70.0,91400.0,WFLH,"HONOLULU, HI USA",7729461.0,9.8
2026-09-30T12:05:18.705838+00:00,248789000,HERMINE,53.665685,-0.23148166666666667,0.0,207.7,144,5,70.0,70828.0,9HA4810,NLRTM,9831177.0,7.3
2026-09-30T12:05:19.169951+00:00,477987800,CA MANILA,22.321255,114.10059166666666,7.7,256.1,247,0,71.0,44889.0,VRWF4,CN SHK,9987598.0,8.9
2026-09-30T12:05:19.170302+00:00,314537000,NORD VIND,51.370511666666665,4.130488333333333,12.3,76.2,75,0,70.0,43804.0,8PAZ2,BE ANR,9573921.0,8.5
2026-09-30T12:05:19.170658+00:00,368241480,Unknown,48.75612666666667,-122.50640166666668,0.0,210.7,511,15,,,Unknown,Unknown,,
2026-09-30T12:05:19.400997+00:00,477464100,CHINA SPIRIT,55.41577333333333,12.653978333333333,11.7,193.3,189,0,70.0,48384.0,VRLC4,RIGA,9655846.0,6.2
2026-09-30T12:05:19.625481+00:00,636015891,AFRICAN HHB,57.06043666666667,11.724451666666665,10.2,345.2,344,0,70.0,45360.0,D5DI8,ES LPA,9666429.0,8.8
2026-09-30T12:05:19.625987+00:00,316014060,ALGOMA STRONGFIELD,43.04954333333333,-82.41617,10.3,180.4,179,0,70.0,54590.0,CFJ8305,BAIE COMEAU,9613953.0,7.1
2026-09-30T12:05:19.626277+00:00,352898762,COSMO GLORIA,-37.656605,176.18165666666667,0.0,258.8,189,0,70.0,51840.0,3E2047,NZ TRG,9898993.0,8.0
2026-09-30T12:05:19.626896+00:00,667002375,GOLDEN MALAK,49.43676833333333,0.805215,12.7,226.4,218,0,70.0,44179.0,9LS2078,FRURO,9578995.0,6.2
2026-09-30T12:05:19.869924+00:00,263601640,Unknown,38.644553333333334,-9.477996666666666,2.5,14.5,511,8,,,Unknown,Unknown,,
2026-09-30T12:05:19.870369+00:00,271052243,MED MERSIN,36.7916,34.6395,0.0,301.0,3,5,71.0,60211.0,TCA8035,TRMER,9135638.0,11.9
2026-09-30T12:05:19.870678+00:00,311000400,UNITY FORCE,1.2689366666666666,103.89672999999999,0.1,125.8,189,1,70.0,65280.0,C6BY4,SGSIN,9726023.0,7.0
2026-09-30T12:05:20.380810+00:00,311000800,AKUNA,-19.13883333333333,147.03820833333333,10.2,158.7,150,0,79.0,44064.0,C6DW3,AU TSV,9470806.0,9.9
2026-09-30T12:05:20.381348+00:00,255916113,CARNELIAN CONFIDENCE,35.46321666666667,139.69423333333333,0.0,62.0,239,5,70.0,49833.0,CQ2542,JP YOK,9902081.0,7.5
2026-09-30T12:05:20.580874+00:00,538012143,OCEAN NORTH,-29.733468333333334,31.178841666666663,0.0,9.3,129,1,70.0,61132.0,V7A4030,ZA DUR,1082017.0,10.1
2026-09-30T12:05:20.581372+00:00,563215700,OCEAN BLISS,35.60613,140.09008666666665,0.0,3.6,140,5,70.0,55296.0,9V8923,JP CHB S,9977921.0,8.1
2026-09-30T12:05:20.581702+00:00,538007274,FEDERAL SAKURA,43.28949,-79.84796833333333,0.0,202.9,283,1,70.0,43776.0,V7EO6,CAHAM,9288291.0,6.3
2026-09-30T12:05:20.874561+00:00,414724000,SHI DAI 10,-2.08643,104.98237166666667,0.0,11.7,91,1,70.0,73440.0,BPJC,TANJUNG KAMPEH,9591715.0,7.4
2026-09-30T12:05:20.875017+00:00,431190000,LYRA LEADER,39.638754999999996,-0.221755,0.0,18.4,122,5,70.0,65280.0,7JUM,LB BEY,9284752.0,8.4
2026-09-30T12:05:20.875394+00:00,210748000,KATERINA,37.56258666666667,-0.9674733333333333,0.0,157.4,258,5,70.0,74745.0,5BZM6,ESCAR,1050765.0,13.5
2026-09-30T12:05:21.128872+00:00,636021246,MSC PAMIRA III,37.61809,15.395113333333335,9.1,195.0,193,0,71.0,64872.0,5LCZ6,AUGUSTA,9239903.0,11.0
2026-09-30T12:05:21.131063+00:00,538007353,FEDERAL KATSURA,55.89755,17.157366666666668,12.5,254.0,252,0,70.0,43776.0,V7JT5,GDANSK POLAND,9293923.0,7.3
2026-09-30T12:05:21.377766+00:00,636090971,MONTPELLIER,37.87077166666666,23.575645,1.6,297.8,344,0,71.0,67932.0,A8IG2,GRPIR,9314973.0,9.7
2026-09-30T12:05:21.378433+00:00,356791000,HONG HING,-20.325578333333333,-40.161965,0.1,308.1,24,1,70.0,73440.0,3FWZ4,"PUERTO BRISA,CO",9563615.0,6.4
2026-09-30T12:05:21.378674+00:00,353732000,ATLAS S,50.35774833333333,-0.7905966666666667,9.9,248.7,247,0,70.0,49276.0,3FRX3,COSMR,9491575.0,8.1
2026-09-30T12:05:21.379211+00:00,265054210,LIVE FIRING EXERCISE,55.764985,14.196303333333333,0.0,49.9,511,15,,,Unknown,Unknown,,
2026-09-30T12:05:21.379727+00:00,244740685,MARPIE,51.804161666666666,4.63467,0.0,21.7,511,0,79.0,,PF7380,@@H,,
2026-09-30T12:05:21.572336+00:00,244860916,BRAVENES,51.45813,3.6754866666666666,0.0,350.6,153,5,,41664.0,PDCF,NL VLI,9756200.0,5.8
2026-09-30T12:05:21.572645+00:00,636026299,MSC DONATA,-33.90293,151.82354833333332,2.1,180.3,281,0,70.0,88819.0,A8QY9,SYDNEY PORT BOTANY,9237151.0,11.1
2026-09-30T12:05:22.053951+00:00,265083750,Unknown,58.94960833333334,18.263906666666667,0.0,0.0,511,15,,,Unknown,Unknown,,
2026-09-30T12:05:22.054373+00:00,538011572,LEFTERIS T,51.91084166666667,3.5092483333333333,0.0,167.4,66,1,70.0,51840.0,V7A3145,NLRTM,9621170.0,8.8
2026-09-30T12:05:22.055120+00:00,249594000,YASMINE,51.47131666666667,0.24812499999999998,0.0,303.0,303,5,79.0,61812.0,9HVL9,BEZEE<>GBPFT,9337353.0,7.5
2026-09-30T12:05:23.214734+00:00,249214000,NICOS TOMASOS,59.96869,27.000103333333335,12.4,99.7,100,0,70.0,65280.0,9HA6179,UST LUGA ORTW,9698800.0,7.3
2026-09-30T12:05:23.216197+00:00,563239300,ADMIRAL QUEEN,39.42851333333333,-27.477586666666664,12.1,260.1,270,0,70.0,74745.0,9V9378,NEW ORLEANS,9970258.0,13.6
2026-09-30T12:05:23.682032+00:00,563106200,ARAUCARIA,55.64389166666667,10.788195,12.5,354.9,3,0,79.0,51840.0,9V6732,SE GOT,9882994.0,10.1
2026-09-30T12:05:23.682384+00:00,538008296,ALEXANDRA KPN,20.045351666666665,-70.69270166666666,10.9,102.0,101,0,70.0,61132.0,V7A2207,SKAGEN,9839844.0,6.6
2026-09-30T12:05:24.008052+00:00,477987800,CA MANILA,22.321201666666663,114.10036166666667,7.7,256.3,246,0,71.0,44889.0,VRWF4,CN SHK,9987598.0,8.9
2026-09-30T12:05:24.008320+00:00,249671000,VESPERTINE,53.54463,-3.3885216666666667,16.7,283.0,282,0,79.0,48921.0,9HA4331,IEDUB,9376713.0,6.4
2026-09-30T12:05:24.008691+00:00,440002170,SEVEN STAR,37.47504166666667,126.607275,0.0,357.9,511,0,,,101 S S,INCHEON,32750.0,3.4
2026-09-30T12:05:24.009387+00:00,341855000,JASIM,31.823326666666667,34.63597333333333,0.0,69.9,158,5,70.0,,V4VE3,ILASH,9148518.0,7.1
2026-09-30T12:05:24.294187+00:00,538011784,WIND KEEPER,55.45165333333333,8.460911666666666,0.0,56.5,114,5,,63441.0,V7A3456,ESBJERG,9972749.0,8.0
2026-09-30T12:05:24.521083+00:00,267010038,BD KRUPINA,47.983248333333336,17.383025,5.7,312.1,511,15,,,OMRA,BRATISLAVA,,
2026-09-30T12:05:24.521990+00:00,352246000,NEW ENDEAVOR,51.39738666666666,3.7548049999999997,0.1,339.3,273,0,70.0,74745.0,3FAT,NL VLI,9579638.0,6.7
2026-09-30T12:05:24.522813+00:00,244002195,THREANT,51.81094666666667,4.872281666666667,0.6,225.5,511,0,79.0,42163.0,PG6447,HOEK VAN HOLLAND DI,,3.4
2026-09-30T12:05:24.738374+00:00,316045066,MV ONGIARA,43.63561,-79.37788166666665,7.9,39.4,511,15,,,VC 4161,Unknown,6410374.0,
2026-09-30T12:05:24.738467+00:00,258014000,STAR LINDESNES,62.135455,18.003764999999998,11.5,160.3,159,0,70.0,66585.0,LAQJ7,SESDL,9593878.0,7.7
2026-09-30T12:05:25.005516+00:00,368015520,Unknown,48.75687333333334,-122.50695166666667,0.0,79.1,511,15,,,Unknown,Unknown,,
2026-09-30T12:05:25.231724+00:00,636093128,INCE TOKYO,43.14800666666667,28.388306666666665,8.3,27.0,30,0,70.0,61132.0,5LHQ5,AUALH,9730438.0,6.9
2026-09-30T12:05:25.232159+00:00,210226000,AKAKI,-33.460985,152.108765,2.9,151.5,94,0,70.0,76704.0,5BUD3,SG SIN,9591143.0,13.6
2026-09-30T12:05:25.232268+00:00,477552500,JIN WEN FENG,-33.27756166666667,152.05531000000002,10.1,13.7,15,0,70.0,91086.0,VRKZ4,NEWCASTLE,9532666.0,7.6
2026-09-30T12:05:25.622249+00:00,538071695,UGLY BETTY,37.864495000000005,-122.49177333333334,0.0,222.4,511,0,,,V7A5225,"SAUSALITO, CA",,1.5
2026-09-30T12:05:25.623087+00:00,563095700,GREEN OCEAN,35.917375,-5.589348333333334,9.0,78.2,75,0,70.0,46233.0,9V6354,ITCAG,9865960.0,9.3
2026-09-30T12:05:25.623650+00:00,538012636,GRAND PHOENIX,51.303795,3.2295766666666665,0.0,38.7,153,5,70.0,61132.0,V7B3138,BE ZEE,9284764.0,8.8
2026-09-30T12:05:25.624427+00:00,636022998,SAIC ANJI HARMONY,28.95812,-118.89670666666666,15.5,331.4,331,0,70.0,77520.0,5LLL4,USSEA,9955064.0,8.1
2026-09-30T12:05:26.166121+00:00,525199988,STS.TG BUYUT,-2.3208233333333337,104.91457166666667,0.0,297.8,511,15,,,Unknown,Unknown,,
2026-09-30T12:05:26.166229+00:00,538012163,FEDERAL PHOENIX,36.961915,-76.35984,0.1,276.5,7,1,70.0,48960.0,V7A4052,USORF,1072610.0,6.5
2026-09-30T12:05:26.168125+00:00,256097000,TSL ROSEMARY,-32.253636666666665,115.74336,0.0,182.2,223,5,70.0,47577.0,9HA5694,KWINANA WA,9527192.0,6.3
2026-09-30T12:05:26.433377+00:00,538008651,LILLY BOLTEN,53.123335,8.716636666666666,0.0,321.9,201,5,70.0,48384.0,V7A2622,DEBRE,9406063.0,6.2
2026-09-30T12:05:26.433679+00:00,636022786,DA DAN XIA,26.96287166666667,121.88172,11.3,222.6,223,0,70.0,44620.0,5LKL5,RO CND,9451290.0,7.0
2026-09-30T12:05:26.434257+00:00,366791000,GEORGE II,33.73054,-118.19500666666666,10.1,109.8,111,0,70.0,91400.0,WFLH,"HONOLULU, HI USA",7729461.0,9.8
2026-09-30T12:05:26.434531+00:00,636021059,ECO CROSSFIRE,-20.324595,-40.333575,0.0,91.3,266,1,70.0,50112.0,5LCA9,BRVIX,9597654.0,9.6
2026-09-30T12:05:26.729519+00:00,368926627,MARTIN,32.02435166666667,-80.809735,29.9,126.4,511,15,,,AEUD,SAV,,
2026-09-30T12:05:26.729723+00:00,636023197,BOYM,51.226366666666664,1.768535,10.4,222.6,224,0,70.0,67320.0,5LMN3,NL VLI,9990179.0,10.3
2026-09-30T12:05:26.730134+00:00,2444059,HOEK VAN HOLLAND,51.980961666666666,4.112641666666667,0.0,19.0,511,15,,,Unknown,@@@@@@@@@@@@@@@@@@@,,
2026-09-30T12:05:26.731222+00:00,982000000,INTERMARINE 1,-6.9469433333333335,110.42369333333333,0.0,124.6,511,15,70.0,,4DES-2,CARRASCAL SURIGAO,,3.5
2026-09-30T12:05:26.994414+00:00,368194650,Unknown,48.756946666666664,-122.50613,0.0,360.0,511,15,,,Unknown,Unknown,,
2026-09-30T12:05:26.994808+00:00,565110000,KOTA SALAM,22.267105,114.10125500000001,0.5,278.9,195,0,70.0,86047.0,9V2123,HKHKG,9645475.0,11.8
2026-09-30T12:05:26.995232+00:00,368431790,OCEAN WARRIOR,33.73513666666666,-118.27109833333334,0.0,6.2,511,0,,,WDQ5120,Unknown,,
2026-09-30T12:05:27.302527+00:00,357507000,TEXAS HARMONY,35.453305,139.771165,0.1,298.9,41,1,70.0,54460.0,3EHX6,US LOG,9846160.0,6.4
2026-09-30T12:05:27.302826+00:00,248701000,OPALINE,51.364810000000006,3.1886583333333336,12.8,135.4,136,0,71.0,48921.0,9HA2478,BEZEE,9424869.0,6.5
2026-09-30T12:05:27.302950+00:00,636093173,TIMORSUN,51.97249,3.9891883333333333,0.0,60.2,79,5,70.0,74419.0,5LLE9,NL_RTM,9728174.0,12.5
2026-09-30T12:05:27.304627+00:00,538007994,SPRING SNOW,36.87994666666667,-76.33108,0.0,295.3,96,5,70.0,75735.0,V7AZ8,IN PPT,9473274.0,14.2
2026-09-30T12:05:27.537846+00:00,215869000,SEASTAR VALIANT,35.908705000000005,-5.636581666666667,9.8,84.1,81,0,70.0,51840.0,9HA5342,CEUTA SPAIN,9462768.0,9.6
2026-09-30T12:05:27.538005+00:00,255806054,RITA,-3.1580999999999997,-59.998313333333336,0.0,153.8,335,5,79.0,67564.0,CQIS4,BRMAO,9301988.0,8.9
2026-09-30T12:05:27.539243+00:00,247383400,ECO BARCELONA,44.40619166666667,8.887605,0.0,324.7,171,5,70.0,82538.0,IBQC,ITCTA>ITGOA,9859545.0,6.5
2026-09-30T12:05:28.102081+00:00,255917339,LEGIONY POLSKIE,35.99079,-5.39614,4.2,293.9,273,0,70.0,51840.0,CQ2968,MA PTM,9708045.0,10.5
2026-09-30T12:05:28.102466+00:00,255915730,RUMA,-1.48454,-48.774253333333334,1.0,83.9,180,1,70.0,40694.0,CQ2188,BR VDC,9652387.0,7.1
2026-09-30T12:05:28.103393+00:00,636022118,ULSAN,-34.427800000000005,151.43613333333332,10.2,351.0,352,0,71.0,88819.0,5LHG7,AUBTB,9243306.0,9.7
2026-09-30T12:05:28.145023+00:00,538006335,MYRA,51.951105,4.127065,0.0,299.0,189,5,70.0,74745.0,V7LY5,NL RTM,9418456.0,12.7
2026-09-30T12:05:28.145322+00:00,311003100,M/V RCC EUROPE,38.79236166666667,-74.94467333333334,7.0,259.0,254,0,70.0,65280.0,C6WY7,USPHL,9391593.0,9.3
2026-09-30T12:05:28.146736+00:00,538012107,S-BOUND,31.858361666666667,34.62173166666666,4.4,75.2,79,0,70.0,49276.0,V7A3981,ILASH,9610200.0,10.7
2026-09-30T12:05:28.564396+00:00,242400000,CABO NEGRO,35.680686666666666,-5.290448333333333,0.0,360.0,511,6,,,Unknown,NO?,,
2026-09-30T12:05:28.564768+00:00,244670292,GULF MAR,52.95405,4.780398333333333,0.0,360.0,511,0,,,PI3604,DEN HELDER,,2.0
2026-09-30T12:05:28.916787+00:00,271046628,HACI ALI SARI,55.4452,5.941551666666667,9.3,209.1,209,0,70.0,62016.0,TCA5392,TRTGT,9226748.0,12.6
2026-09-30T12:05:28.917062+00:00,314214000,AK KHAIRA,56.96006166666667,19.33463833333333,10.5,209.4,207,0,70.0,48115.0,8PSW,TR MER,9300831.0,10.2
2026-09-30T12:05:29.548585+00:00,563036640,PILOT GP03,1.2573599999999998,103.842625,7.9,74.3,78,0,,,9V3654,WEST COAST,,1.0
2026-09-30T12:05:29.548703+00:00,366783820,MISS KATHI,27.928888333333337,-82.42712166666666,0.0,0.0,511,15,,,WCZ8756,@@@@@@@@@@,,
2026-09-30T12:05:29.548845+00:00,210332000,DP WORLD LIMASSOL,53.574331666666666,9.644331666666666,11.9,298.0,300,0,73.0,43545.0,5BWX5,LVRIX,9432232.0,7.3
2026-09-30T12:05:29.549165+00:00,636018081,BELITAKI,44.24257,9.00865,0.6,9.4,511,0,73.0,40560.0,D5OC2,ITGOA,9152923.0,9.8
2026-09-30T12:05:29.778226+00:00,477019500,JNS RIVER,36.00127833333333,-5.47095,10.4,251.8,245,0,70.0,51552.0,VRWI4,QUEBEC CANADA,1045227.0,10.7
2026-09-30T12:05:29.778588+00:00,525121072,ALPHA SAMUDRA 1,-2.117095,104.96658166666666,0.1,21.8,74,1,70.0,60192.0,YDIW3,T. KAMPEH,9504293.0,6.8
2026-09-30T12:05:29.779541+00:00,440095870,YUN STAR,37.450465,126.59433,0.1,12.6,511,8,,,101 Y S,@@@@@@@@@@@@@@@@@@,,
2026-09-30T12:05:29.779704+00:00,316004950,SAGINAW,42.96760166666666,-82.41154166666666,0.0,42.7,35,0,70.0,40761.0,VYA2010,GODERICH,5173876.0,5.7
2026-09-30T12:05:30.049452+00:00,636025801,MUZAFFER ESENER,55.19143833333333,14.24598,9.0,217.9,216,0,70.0,40560.0,5LZF4,ESGIJ,9381861.0,8.2
2026-09-30T12:05:30.050012+00:00,538009438,GENCO ENTERPRISE,28.580503333333336,-121.49748500000001,11.4,169.5,166,0,70.0,65280.0,V7A4743,US PDX,9707699.0,8.9
2026-09-30T12:05:30.508437+00:00,357211000,TAI KINGDOM,53.484341666666666,9.983475,0.0,328.5,353,0,70.0,83721.0,3EFD3,DE HAM,9789855.0,10.0
2026-09-30T12:05:30.508657+00:00,563163900,ANNA SCHULTE,-34.35793666666667,18.074360000000002,9.2,116.1,118,0,70.0,65280.0,9V8217,CN NJG,9806768.0,6.3
2026-09-30T12:05:30.508756+00:00,538008317,JABAL ALMISHT,49.289168333333336,-123.06791,0.1,11.9,182,5,70.0,61132.0,V7A2231,CA VAN,9850769.0,12.0
2026-09-30T12:05:30.756027+00:00,273127630,Unknown,49.22291666666667,-4.591495,10.9,56.5,60,0,,,Unknown,Unknown,,
2026-09-30T12:05:30.756871+00:00,341100002,MJ SOFIA,36.47692333333334,27.873871666666666,11.2,277.2,511,0,70.0,,V4RN6,TARTUS,9113381.0,9.8
2026-09-30T12:05:30.757385+00:00,235053188,HURRICANE CLIPPER,51.50288833333333,-0.122795,1.3,207.9,511,0,,,VSSF6,@@@@@@@@C4L&PIT20P@3,,7.0
2026-09-30T12:05:31.158146+00:00,255806191,HEINRICH EHLER,49.47595666666667,0.16766166666666665,0.0,39.0,265,5,79.0,43027.0,CQAJ5,FRLEH,9372200.0,8.0
2026-09-30T12:05:31.158482+00:00,247416600,GRANDE AUCKLAND,35.03332666666667,139.62659833333333,17.5,236.0,238,0,79.0,72595.0,IBEE,YOK DS,9992672.0,8.2
2026-09-30T12:05:31.158641+00:00,311000085,AFRICAN KITE,50.257315,-0.530575,12.6,74.5,74,0,70.0,65280.0,C6AM2,DE BRE,9650937.0,8.5
2026-09-30T12:05:31.159747+00:00,258192000,HOEGH SUNRISE,41.05645833333333,2.195715,0.7,3.7,21,0,70.0,77520.0,LAUM8,CNTAC-ESBCN,9971264.0,10.0
2026-09-30T12:05:32.334567+00:00,636093385,MICHELANGELO,50.38934166666666,-0.799145,7.5,249.7,250,4,70.0,74745.0,5LQQ4,EGSCN,1030820.0,13.9
2026-09-30T12:05:32.335219+00:00,477594100,LIGHT VENTURE,57.85367166666666,10.128631666666667,13.0,266.7,267,0,70.0,74745.0,VRSZ3,ROSTOCK,9868895.0,7.5
2026-09-30T12:05:32.335847+00:00,416487000,YM INAUGURATION,26.20438,123.09508166666666,9.4,225.3,226,0,74.0,44582.0,BLHE,JP TYO R,9334002.0,8.5
2026-09-30T12:05:32.616516+00:00,257971800,Unknown,60.519365,4.919113333333333,7.8,300.4,511,15,,,Unknown,Unknown,,
2026-09-30T12:05:32.616934+00:00,636022285,PARALOS,-29.641681666666667,31.467634999999998,11.6,77.5,81,0,79.0,44323.0,5LIA9,ZADUR,9325099.0,5.5
2026-09-30T12:05:32.617313+00:00,413697720,ANTONGQUANZHOU,22.344448333333332,113.79320833333333,5.7,349.1,350,0,70.0,48384.0,BPMN4,NAN SHA,,10.9
2026-09-30T12:05:32.618190+00:00,563108700,IMOGEN,49.294085,-123.22149833333333,0.1,32.6,107,1,70.0,51840.0,9V6601,CA VAC,9884370.0,6.5
2026-09-30T12:05:33.119602+00:00,636022855,MINORCA,54.718555,-1.0404366666666667,5.2,262.0,250,0,70.0,74745.0,5LKT2,GBPTL-GBTEE,9956214.0,10.0
2026-09-30T12:05:33.120341+00:00,538012914,Unknown,1.2603,103.87950500000001,0.1,213.3,137,0,,,Unknown,Unknown,,
2026-09-30T12:05:33.121058+00:00,667001963,RAZONI,37.36189,-0.8564033333333333,12.1,227.7,226,0,70.0,44640.0,9LU2766,RO CND,9086526.0,5.8
2026-09-30T12:05:33.502601+00:00,244660361,PROCYON,51.828896666666665,6.225645,4.3,87.2,90,0,79.0,42624.0,PE6424,HAFEN MANNESMANN,,4.0
2026-09-30T12:05:33.503178+00:00,244660144,LUCCA,51.89483666666667,4.305921666666666,7.3,106.6,104,0,79.0,,PH4812,HENDRIKIDOAMBACHT,,
2026-09-30T12:05:33.503280+00:00,636017649,LILA,-34.368129999999994,18.137121666666665,7.0,358.9,0,0,70.0,65280.0,D5MB5,"BASUO,CHINA",9748837.0,11.3
2026-09-30T12:05:33.891561+00:00,248660000,CMA CGM NEVA,31.930585,-80.61085,9.3,280.0,278,0,71.0,59904.0,9HA4749,NZTRG-PAPCN,9745548.0,11.0
2026-09-30T12:05:33.892899+00:00,563305900,JULES POINT,-6.148941666666667,111.42711,9.9,91.7,92,0,70.0,51840.0,9V6630,ARSLO,9610690.0,6.6
2026-09-30T12:05:33.893332+00:00,538012014,SINCERE SMART,51.16424166666666,3.7801633333333333,0.0,178.3,257,5,70.0,73440.0,V7A3829,BEGNE,9311177.0,12.3
2026-09-30T12:05:34.493491+00:00,351773000,GREEN SAPPHIRE,57.79837166666667,10.611320000000001,9.4,88.7,88,0,70.0,79254.0,HOTI,SKAGEN,9682849.0,8.9
2026-09-30T12:05:34.494147+00:00,538007067,BEI CHEN STAR,48.94717333333333,-123.72041833333333,0.0,328.1,155,1,70.0,74745.0,V7LY7,VANCOUVER,9758399.0,7.2
2026-09-30T12:05:34.494303+00:00,636021440,SEABOARD PRIDE,29.747683333333335,-95.11103333333334,0.0,34.0,239,5,71.0,64260.0,5LDY2,PAMIT,9294513.0,9.2
2026-09-30T12:05:35.768570+00:00,413471970,RU YI SONG,2.2552016666666663,101.81664,12.2,127.9,128,0,70.0,46656.0,BOEG,CN SHG,9608934.0,9.3
2026-09-30T12:05:35.768882+00:00,311000621,KEDROS,2.5260733333333336,101.56733,9.1,309.7,310,0,70.0,68774.0,C6DA4,SARROCH,9781700.0,6.5
2026-09-30T12:05:35.769151+00:00,413530180,Unknown,26.697091666666665,120.66570666666667,12.0,36.5,37,0,,,Unknown,Unknown,,
2026-09-30T12:05:35.770161+00:00,316023339,THUNDER BAY,42.29427333333333,-83.08886166666666,0.0,228.3,38,0,70.0,54590.0,CFN6288,WINDSOR,9601039.0,7.1
2026-09-30T12:05:36.545054+00:00,710001648,JOSE.GUILHERME.VII,-3.15855,-59.99149666666666,0.0,92.8,511,15,,,PR7694,Unknown,,
2026-09-30T12:05:36.545603+00:00,244620677,AMICE,51.854065,5.85032,2.5,115.6,511,0,79.0,40848.0,PE7162,DINTELHAVEEN,,2.0
2026-09-30T12:05:37.028693+00:00,563016600,ASIAN SUMMIT,27.817735000000003,-97.46554833333333,0.0,131.0,104,5,70.0,65280.0,9V3659,US CRP,9725005.0,6.9
2026-09-30T12:05:37.390054+00:00,432839000,EURASIAN HIGHWAY,-6.098628333333334,106.916945,0.4,322.5,109,0,70.0,65280.0,7JKY,THLCH,9604938.0,8.2
2026-09-30T12:05:37.391246+00:00,431101148,FUOU MARU,33.68547,136.326075,17.8,55.7,57,0,70.0,44841.0,JD2268,>JP WAK,9367798.0,6.7
2026-09-30T12:05:37.391491+00:00,368926628,HOLLAND,31.979840000000003,-80.75308666666666,8.3,101.6,511,0,,,AEUD,;,,
2026-09-30T12:05:37.391778+00:00,241208000,ALPHA PROGRESS,-2.0421916666666666,104.97538166666666,0.2,134.7,94,1,70.0,74745.0,SVBO9,ID TANJUNG KAMPEH,9597214.0,9.4
2026-09-30T12:05:37.392076+00:00,477019800,GREAT FLOURISH,46.17354666666667,-124.29188500000001,1.5,83.4,75,0,70.0,74745.0,VRWH7,KALAMA,9988346.0,6.9
2026-09-30T12:05:37.637272+00:00,412450179,Unknown,26.523251666666667,121.45870166666667,2.3,113.3,113,0,,,Unknown,Unknown,,
2026-09-30T12:05:37.639335+00:00,257433580,Unknown,43.32053833333334,-1.9107816666666666,0.0,0.0,88,3,,,Unknown,Unknown,,
2026-09-30T12:05:37.968013+00:00,255804860,BG RED,54.362568333333336,9.797718333333334,6.0,73.2,77,0,70.0,44064.0,CQSK,DEBRV,9976965.0,7.4
2026-09-30T12:05:37.969383+00:00,413153000,XIN DAN DONG,49.28904333333333,-123.09520833333333,0.0,272.7,112,5,71.0,90892.0,BPBY,CN NGB>CA VAN,9312597.0,12.0
2026-09-30T12:05:37.969530+00:00,311002395,Unknown,32.45106666666667,29.114016666666664,0.0,14.0,14,0,,,Unknown,Unknown,,
2026-09-30T12:05:38.437665+00:00,255917384,Unknown,55.133105,-1.5125766666666667,0.0,223.8,308,5,,,Unknown,Unknown,,
2026-09-30T12:05:38.611507+00:00,657189900,Unknown,4.6945733333333335,7.169656666666667,0.0,73.4,291,5,,,Unknown,Unknown,,
2026-09-30T12:05:38.611719+00:00,630001194,PHOTON,56.44439,18.968045,12.1,27.7,27,0,70.0,53222.0,J5AW3,RU LED,9230220.0,10.4
2026-09-30T12:05:38.612540+00:00,212954000,MIRELA,29.718236666666666,-95.24382,0.1,124.3,300,5,70.0,58368.0,5BHT4,GTPRQ,9730218.0,11.0
2026-09-30T12:05:38.953499+00:00,368430320,Unknown,48.75666666666667,-122.505175,0.0,113.4,511,15,,,Unknown,Unknown,,
2026-09-30T12:05:38.954500+00:00,230989440,MEYER PROOMU,60.45572833333333,22.120378333333335,0.0,145.1,511,8,70.0,53040.0,OI4754,Unknown,,
2026-09-30T12:05:38.954659+00:00,316001637,CSL LAURENTIEN,43.216609999999996,-79.21313166666667,0.0,359.2,344,0,70.0,55080.0,VCJW,QUEBEC CITY SEC106,7423108.0,8.1
2026-09-30T12:05:38.954884+00:00,257512000,HOEGH YOKOHAMA,42.25353166666666,-8.724718333333334,0.1,62.3,304,1,70.0,57024.0,LAVN8,FRLEH>ESVGO,9185451.0,8.4
2026-09-30T12:05:39.238896+00:00,563246800,EVER VERT,26.965003333333335,122.29912666666668,19.9,36.8,38,0,74.0,74970.0,9V7818,TWKHH>PHMNN,9950985.0,11.5
2026-09-30T12:05:39.239121+00:00,221231740,Unknown,51.81940833333333,4.704753333333333,0.0,2.0,272,15,,,Unknown,Unknown,,
2026-09-30T12:05:39.741514+00:00,538006470,FEDERAL CLYDE,42.472565,-82.74273333333333,11.2,39.7,40,0,70.0,44880.0,V7NK4,USBNB,9671072.0,7.9
2026-09-30T12:05:39.929097+00:00,352004846,STR VIGOR,35.670235000000005,139.97960833333335,0.0,230.6,351,5,70.0,44064.0,3E7079,JP FNB FS,9615145.0,5.3
2026-09-30T12:05:39.929985+00:00,316004950,SAGINAW,42.9676,-82.41154166666666,0.0,42.7,34,0,70.0,40761.0,VYA2010,GODERICH,5173876.0,5.7
2026-09-30T12:05:40.224827+00:00,367347670,SEASTREAK HIGHLANDS,40.68743833333333,-74.02883666666666,31.1,32.1,33,15,,,WDE4031,Unknown,9270270.0,
2026-09-30T12:05:40.225550+00:00,244700661,VRIDO 1,51.959084999999995,4.010623333333333,0.0,82.4,511,5,70.0,42163.0,PD3185,ROTTERDAM/BASEL,,2.0
2026-09-30T12:05:40.705122+00:00,271042433,MUSTAFA DAYI,36.70394666666667,34.72154833333333,0.0,181.0,181,1,71.0,49190.0,TCZF2,TRMER,9365855.0,10.7
2026-09-30T12:05:41.086157+00:00,477948600,INDIGO LAKE,46.11013666666667,-122.963425,0.0,358.8,129,5,70.0,51840.0,VROY7,US LOG,9722443.0,6.7
2026-09-30T12:05:41.086636+00:00,636024910,MARMARIS M,37.011425,-9.440196666666667,10.4,349.1,347,0,70.0,51840.0,5LUW6,GIGIB,9450791.0,10.3
2026-09-30T12:05:41.475282+00:00,305425000,BULKNES,55.025333333333336,9.4395,0.0,267.0,256,0,70.0,43929.0,V2EG6,DKAAB,9384370.0,10.9
2026-09-30T12:05:41.476173+00:00,525016462,KT.BIMA 306,-6.953645,110.42022333333333,0.0,210.6,511,0,,,YDA4500,Unknown,9559913.0,
2026-09-30T12:05:41.477360+00:00,414610000,XIN DONG GUAN 15,-1.3420633333333332,116.980675,0.0,27.1,244,5,70.0,73440.0,BOXS4,MRBYS ID,9661091.0,7.3
2026-09-30T12:05:41.771111+00:00,563231600,SINAR SULAWESI,-6.651188333333334,112.59846166666667,14.0,318.7,320,0,70.0,46233.0,9V9173,IDSUB,1015363.0,10.9
2026-09-30T12:05:42.086336+00:00,247304600,GRANDE GABON,51.27527166666666,4.216128333333334,0.0,224.0,203,5,70.0,68870.0,IBNV,DEHAM>BEANR,9437933.0,9.0
2026-09-30T12:05:42.393964+00:00,525701243,Unknown,-6.739673333333333,112.53638,102.3,360.0,286,0,,,Unknown,Unknown,,
2026-09-30T12:05:42.728243+00:00,538010005,STARSHIP DRACO,26.841508333333334,121.85158833333334,17.4,39.3,40,0,70.0,44582.0,V7A5451,CNSHK,9939292.0,8.8
2026-09-30T12:05:42.728575+00:00,636018191,MSC PORTO III,45.587329999999994,13.650565,11.9,337.7,336,0,73.0,63648.0,A8IY9,SIKOP,9299020.0,8.2
2026-09-30T12:05:43.045171+00:00,352004517,AFRICAN SANDPIPER,54.306531666666665,-130.34524,0.0,229.7,228,5,70.0,61132.0,3E6808,CAPRR,1024431.0,8.6
2026-09-30T12:05:43.045648+00:00,267010042,BD DEVIN,48.10562166666667,17.129191666666667,0.0,181.6,511,15,,,OMDJ,BRATISLAVA,,
2026-09-30T12:05:43.046226+00:00,319743552,Unknown,27.457506666666667,-80.32581,0.0,0.0,511,15,,,Unknown,Unknown,1008683.0,
2026-09-30T12:05:43.046758+00:00,636021249,MSC JENNIFER II,51.34537833333333,3.1832833333333337,0.0,193.4,50,5,71.0,48384.0,A8PT7,IEORK,9433157.0,9.4
2026-09-30T12:05:43.047304+00:00,636021192,BULK MANARA,25.45615666666667,121.57746333333333,12.0,120.1,120,0,70.0,58368.0,5LCS7,PH SUG,9478951.0,6.3
2026-09-30T12:05:43.364175+00:00,477091300,GREAT MIND,-33.12578833333333,152.32614833333335,4.7,194.7,112,0,70.0,75735.0,VRIU3,AU GLT>MY PKG,9629627.0,13.3
2026-09-30T12:05:43.860672+00:00,563158900,MAERSK VERACRUZ,1.2359366666666667,103.96918833333334,16.1,70.1,68,0,70.0,45360.0,9V8085,MYTPP>KHKOS,9436173.0,9.7
2026-09-30T12:05:43.861357+00:00,636093302,THE WHALE ORCA,39.82123,-75.38311333333333,13.4,228.5,227,0,70.0,48384.0,A8TV8,US PHL,9509607.0,7.4
2026-09-30T12:05:43.861743+00:00,319370400,Unknown,37.44912166666666,23.118876666666665,0.0,116.0,307,1,,,Unknown,Unknown,,
2026-09-30T12:05:43.862093+00:00,657193200,Unknown,4.695598333333334,7.157593333333334,0.0,37.8,62,1,,,Unknown,Unknown,,
2026-09-30T12:05:43.862463+00:00,244650849,CAMARO II,51.95903,4.0133383333333335,0.0,360.0,511,5,79.0,40128.0,PF2429,PRINSES MARGRIETHAVE,,3.0
2026-09-30T12:05:44.152597+00:00,244670320,CANDESSO,51.948451666666664,4.1197083333333335,0.0,24.9,359,5,79.0,41289.0,PI3924,DINTELHAVEN,,1.7
2026-09-30T12:05:46.548390+00:00,316025676,OCEANEX CONNAIGRA,47.558616666666666,-52.7077,0.0,47.6,48,5,79.0,64260.0,XJBI,CAMTR,9649718.0,8.1
2026-09-30T12:05:47.064645+00:00,657934000,Unknown,4.690321666666667,7.15857,0.0,286.2,511,13,,,Unknown,Unknown,,
2026-09-30T12:05:47.065790+00:00,525110670,PERMATA BORNEO 1,-2.0383983333333333,104.99119,0.0,157.2,511,15,,,YDLU4,Unknown,,
2026-09-30T12:05:47.066747+00:00,538011186,BAM PROTEUS,54.616369999999996,-5.911695,0.0,125.7,39,5,70.0,47577.0,V7A6741,GBBEL,9343625.0,10.8
2026-09-30T12:05:47.744939+00:00,525005316,Unknown,-6.1608833333333335,110.28582166666666,9.8,280.4,511,0,,,Unknown,Unknown,,
2026-09-30T12:05:47.745776+00:00,477004600,COSCO WELLINGTON,-29.689328333333332,31.175048333333333,0.4,221.4,124,1,71.0,90201.0,VRME3,DUR ANCHORAGE,9484417.0,12.1
2026-09-30T12:05:51.593670+00:00,412760570,Unknown,26.855616666666666,120.75067333333332,9.2,218.0,215,0,,,Unknown,Unknown,,
2026-09-30T12:05:51.594555+00:00,226010780,AMAZONE,49.42719,0.864395,0.0,13.1,511,0,79.0,,FM6182,BOUAFLES,,2.4
2026-09-30T12:05:51.594694+00:00,249284000,SEALADY,59.81952666666667,25.952671666666667,0.1,321.2,33,1,70.0,65280.0,9HA4184,RUULU,9748734.0,6.6
2026-09-30T12:05:51.597774+00:00,416000043,TAO YU NO 5,25.118286666666666,121.24284166666666,0.0,247.2,511,15,,,Unknown,Unknown,,
2026-09-30T12:05:53.052718+00:00,249605000,CSL THAMES,53.552231666666664,8.555118333333333,8.3,147.0,147,0,70.0,43680.0,9HVS9,"BREMEN,GERMANY",9440447.0,10.0
2026-09-30T12:05:53.897770+00:00,259307000,HOEGH STARLIGHT,54.98493333333333,-1.463425,0.0,32.6,123,5,70.0,77520.0,LAUN8,GBNCL>NLAMS,9971276.0,9.3
2026-09-30T12:05:53.898157+00:00,209184000,IMAVERE,59.45457,24.667305,0.0,302.6,321,5,70.0,49996.0,5BWV4,EEBEK,9612325.0,6.0
2026-09-30T12:05:54.728491+00:00,477730900,GREAT FLUENCY,45.58106,13.68575,0.0,218.7,287,1,70.0,61132.0,VRNP2,EG SUZ>SI KOP,9728679.0,8.8
2026-09-30T12:05:54.729557+00:00,352005142,CL SPRUCE,22.359511666666666,113.786595,11.0,150.7,155,0,70.0,61132.0,3E8308,PECHY,1021374.0,13.5
2026-09-30T12:05:54.729787+00:00,209786000,VENUS HORIZON,-23.84875,151.31298333333334,2.3,93.2,100,0,70.0,91086.0,5BNP3,AU GLT,9604952.0,12.5
2026-09-30T12:05:54.731002+00:00,248164000,TRUSTEE,52.35944833333333,4.295251666666667,13.4,188.7,511,0,79.0,99603.0,9HA6538,NLSCE,8902955.0,8.5
2026-09-30T12:05:55.082272+00:00,247441300,GRANDE CALIFORNIA,51.37641166666666,2.488191666666667,16.6,267.3,264,0,70.0,68774.0,IBRA,SGSIN > NLVLI,9796377.0,9.5
2026-09-30T12:05:55.083196+00:00,755991013,Unknown,-32.60013,-60.75383,0.0,360.0,17,0,,,Unknown,Unknown,,
2026-09-30T12:05:56.335413+00:00,368319560,HARBOR2,47.63236333333334,-122.37962166666667,0.0,0.0,0,0,,,Unknown,Unknown,,
2026-09-30T12:05:56.336505+00:00,636015131,MALIAKOS,-26.748053333333335,-48.241618333333335,14.8,350.2,353,0,79.0,90547.0,A8YT7,BRSSZ,9464247.0,10.4
2026-09-30T12:05:56.772794+00:00,431830000,CORONA LIONS,-23.815095,151.47812666666667,0.5,158.8,129,1,70.0,83721.0,7KLU,AU GLT,9303948.0,9.0
2026-09-30T12:05:56.773090+00:00,271002571,SUMELA SEAWAYS,38.15929833333333,15.587356666666667,15.4,192.6,193,0,71.0,59139.0,TCTD3,TRYLA,9356749.0,6.5
2026-09-30T12:05:57.029411+00:00,244630391,PRESENT,51.81167166666667,4.6555583333333335,0.1,289.3,511,0,,,PD3635,LIER,,2.4
2026-09-30T12:05:57.030160+00:00,257621000,ANTARCTIC PROVIDER,-33.91617166666666,18.438840000000003,0.0,357.8,311,5,70.0,43545.0,LAHU8,CAPE TOWN,9886160.0,7.1
2026-09-30T12:05:57.304356+00:00,357211000,TAI KINGDOM,53.48433166666667,9.983416666666667,0.0,328.0,353,0,70.0,83721.0,3EFD3,DE HAM,9789855.0,10.0
2026-09-30T12:05:57.305385+00:00,525123454,KT.SELAT LEGUNDI1212,-2.041115,104.97636000000001,0.2,348.4,511,15,,,YDA431,Unknown,9099949.0,
2026-09-30T12:05:57.572439+00:00,311002248,Unknown,26.632546666666666,121.47403,11.2,45.9,52,0,,,Unknown,Unknown,,
2026-09-30T12:05:57.573228+00:00,209888000,CAPE ALTIUS,-29.726423333333333,31.20129166666667,0.1,223.9,129,1,70.0,62496.0,5BLF5,ZADUR,9848730.0,11.0
2026-09-30T12:05:57.573491+00:00,368391510,FULLA,29.821591666666666,-93.33976,0.1,236.3,511,15,,,WDP8553,Unknown,,3.0
2026-09-30T12:05:57.574392+00:00,229177000,TAHITI ONE,59.90787833333333,26.151828333333334,0.0,341.4,42,1,70.0,74745.0,9HA3130,RUULU,9597032.0,6.8
2026-09-30T12:05:57.574550+00:00,311744000,POPLAR ARROW,30.077949999999998,-94.08691666666667,0.0,271.0,271,5,70.0,58368.0,C6TQ3,USBPT,9235141.0,12.2
2026-09-30T12:05:57.832836+00:00,538011295,MANTA URAZ,51.14334833333333,1.711905,12.8,37.4,37,0,70.0,51840.0,V7A6922,NLRTM,9749996.0,6.3
2026-09-30T12:05:57.833269+00:00,636026386,ORION C,-19.095336666666665,146.9476183333333,0.5,199.1,98,1,70.0,51840.0,A8TN6,AUTSV,9767326.0,6.2
2026-09-30T12:05:58.180242+00:00,248574000,EXPRESS BRAZIL,35.769284999999996,-5.033121666666667,5.3,312.7,319,0,71.0,72787.0,9HA2421,ESALG,9443023.0,11.2
2026-09-30T12:05:58.180498+00:00,538004891,XIN HAI TONG 31,56.95612666666667,19.35628,10.6,208.7,206,11,70.0,58368.0,V7ZQ3,SKAGEN,9635626.0,12.3
2026-09-30T12:05:58.180840+00:00,255806459,MSC ANUSHA III,-32.915573333333334,152.72342666666665,8.3,26.4,27,0,73.0,79641.0,CQEQ8,AUMEL,9323041.0,10.5
2026-09-30T12:05:58.181033+00:00,371567000,BERGE CATHERINE,46.172286666666665,-123.10095166666666,0.0,34.4,303,1,70.0,65280.0,3FJI3,USLOG,9856309.0,7.0
2026-09-30T12:05:58.181210+00:00,416006663,JIA CHANG,25.18032,121.84495,1.5,328.5,511,15,,,Unknown,Unknown,,
2026-09-30T12:05:58.181399+00:00,311000259,AFRICAN HARRIER,1.2697800000000001,103.88599666666667,0.2,274.0,184,1,70.0,51840.0,C6BG8,SG SIN,9700794.0,6.5
2026-09-30T12:05:58.181980+00:00,538011851,PW ACTION,54.15242833333333,12.11064,0.0,119.3,162,5,70.0,74745.0,V7A3564,DE RSK,9520766.0,12.8
2026-09-30T12:05:58.182291+00:00,538005278,NUNAVIK,54.95735,10.927843333333334,11.7,235.6,235,0,70.0,48729.0,V7CK9,FIPOR,9673850.0,11.0
2026-09-30T12:05:58.880406+00:00,244259997,Unknown,52.397794999999995,4.883398333333333,0.0,360.0,511,0,,,Unknown,Unknown,,
2026-09-30T12:05:59.157677+00:00,366302562,LCM ANGELIQUE,48.10814666666667,-88.54620166666668,0.0,237.0,511,0,70.0,,WRB4124,H0UGHTON MI,,2.0
2026-09-30T12:05:59.159149+00:00,316026694,CSL ST-LAURENT,46.699083333333334,-92.01868333333333,0.0,280.9,181,0,70.0,55324.0,CFK5152,SUPERIOR,9665281.0,7.1
2026-09-30T12:05:59.428650+00:00,219358000,FLANDRIA SEAWAYS,55.00783333333333,5.941261666666667,16.9,210.8,209,0,72.0,82538.0,OYEN2,GOT-ZEE-GOT,9860142.0,7.0
2026-09-30T12:05:59.429073+00:00,209538000,MAGNA GRAECIA,-20.297001666666667,-40.235618333333335,0.0,11.2,60,5,70.0,74745.0,5BET5,ARZCU,9841885.0,7.5
2026-09-30T12:05:59.731427+00:00,257761500,Unknown,60.56394833333333,4.875083333333333,0.0,360.0,511,15,,,Unknown,Unknown,,
2026-09-30T12:05:59.887615+00:00,538090451,BLUE MASTER II,51.88165333333333,4.415726666666667,0.0,9.9,290,5,79.0,61200.0,V7ZQ4,NL RTM,9465411.0,9.2
2026-09-30T12:05:59.887922+00:00,308976000,CSL METIS,59.359201666666664,5.293115,0.1,321.4,511,5,70.0,75072.0,C6WK6,US JAX > NO AVA,7926162.0,8.3
2026-09-30T12:06:00.052921+00:00,247451700,GREAT TEMA,25.491243333333333,122.80645666666666,4.6,354.8,2,0,70.0,99052.0,IBGH,NGLOS>CNNBG,9935038.0,8.8
2026-09-30T12:06:00.427220+00:00,368926627,MARTIN,32.02199,-80.80572333333333,29.0,124.6,511,15,,,AEUD,SAV,,
2026-09-30T12:06:00.427627+00:00,538007730,CHARISMA,40.64873333333333,-74.04806666666667,0.0,315.0,237,0,70.0,58368.0,V7PH7,NY USA,9409132.0,12.6
2026-09-30T12:06:00.427747+00:00,636017947,CS CHANGAN,45.557795000000006,13.736441666666668,0.0,339.3,87,5,70.0,73440.0,A8IL6,KOPER,9304071.0,12.8
2026-09-30T12:06:00.750912+00:00,538006959,ERSOZ EAST,59.84439666666666,24.955593333333336,10.8,258.8,258,0,70.0,63043.0,V7TF9,RULED,9710531.0,7.0
2026-09-30T12:06:00.971145+00:00,227102030,AIS<A>PLOUZ,48.35924833333333,-4.567201666666667,0.0,360.0,511,6,,,AAAAAAA,Unknown,,
2026-09-30T12:06:00.971616+00:00,277574000,ACACIA SEAWAYS,51.89585666666667,3.0002566666666666,17.1,86.5,84,0,71.0,55692.0,LYBX,GB FXT <-> NL VLA,9809112.0,6.4
2026-09-30T12:06:00.971890+00:00,230618000,FINNSEA,56.324128333333334,18.372296666666667,18.8,63.3,64,0,71.0,60037.0,OJOQ,HANKO,9468891.0,6.0
2026-09-30T12:06:01.462160+00:00,440585000,KMTC KEELUNG,26.497756666666664,120.89953666666666,15.9,209.8,210,0,70.0,43545.0,DSOF3,SG SIN,9157741.0,9.1
2026-09-30T12:06:01.463954+00:00,563141600,X-PRESS KAVERI,38.69871666666666,-9.170016666666667,0.0,191.0,257,5,70.0,46233.0,9V7544,PTLIS,9470765.0,8.8
2026-09-30T12:06:01.464384+00:00,636093310,ROSTRUM SINGAPORE,57.72718166666667,9.310503333333333,12.2,238.5,235,0,70.0,54988.0,5LNS7,RULED,9983217.0,7.0
2026-09-30T12:06:01.810117+00:00,374155000,MEDI OITA,38.05553999999999,-28.917011666666667,9.5,76.9,80,0,70.0,74745.0,3FWG4,TR ERE,9836713.0,14.8
2026-09-30T12:06:02.204046+00:00,352004282,NORSE YOKOSHIMA,-37.659615,176.18104333333335,0.0,144.2,8,5,70.0,55296.0,3E7764,NZ WLG  > NZ TRG,9970193.0,7.5
2026-09-30T12:06:02.204785+00:00,255805626,INDEPENDENT PRIMERO,39.85065,-75.33913333333334,0.0,285.5,245,5,71.0,71808.0,CQTI,USCHT,9298636.0,11.0
